;gaugeId;issue_date;issue_time;fc_date;fc_value
0;hybas_1121133480;2024-10-01;2024-10-01 13:37:44.201277+00:00;2024-09-30;58.04779815673828
1;hybas_1121133480;2024-10-01;2024-10-01 13:37:44.201277+00:00;2024-10-01;54.60647201538086
2;hybas_1121133480;2024-10-01;2024-10-01 13:37:44.201277+00:00;2024-10-02;56.012535095214844
3;hybas_1121133480;2024-10-01;2024-10-01 13:37:44.201277+00:00;2024-10-03;55.34270095825195
4;hybas_1121133480;2024-10-01;2024-10-01 13:37:44.201277+00:00;2024-10-04;56.468021392822266
5;hybas_1121133480;2024-10-01;2024-10-01 13:37:44.201277+00:00;2024-10-05;59.4974365234375
6;hybas_1121133480;2024-10-01;2024-10-01 13:37:44.201277+00:00;2024-10-06;66.55115509033203
7;hybas_1121133480;2024-10-01;2024-10-01 13:37:44.201277+00:00;2024-10-07;70.31871032714844
8;hybas_1121133480;2024-10-02;2024-10-02 13:56:34.081568+00:00;2024-10-01;55.02250671386719
9;hybas_1121133480;2024-10-02;2024-10-02 13:56:34.081568+00:00;2024-10-02;56.65425109863281
10;hybas_1121133480;2024-10-02;2024-10-02 13:56:34.081568+00:00;2024-10-03;55.984710693359375
11;hybas_1121133480;2024-10-02;2024-10-02 13:56:34.081568+00:00;2024-10-04;54.73808288574219
12;hybas_1121133480;2024-10-02;2024-10-02 13:56:34.081568+00:00;2024-10-05;55.060340881347656
13;hybas_1121133480;2024-10-02;2024-10-02 13:56:34.081568+00:00;2024-10-06;57.72583770751953
14;hybas_1121133480;2024-10-02;2024-10-02 13:56:34.081568+00:00;2024-10-07;60.27105712890625
15;hybas_1121133480;2024-10-02;2024-10-02 13:56:34.081568+00:00;2024-10-08;63.171512603759766
16;hybas_1121133480;2024-10-03;2024-10-03 13:44:01.028809+00:00;2024-10-02;56.47081756591797
17;hybas_1121133480;2024-10-03;2024-10-03 13:44:01.028809+00:00;2024-10-03;56.312416076660156
18;hybas_1121133480;2024-10-03;2024-10-03 13:44:01.028809+00:00;2024-10-04;55.523040771484375
19;hybas_1121133480;2024-10-03;2024-10-03 13:44:01.028809+00:00;2024-10-05;54.031593322753906
20;hybas_1121133480;2024-10-03;2024-10-03 13:44:01.028809+00:00;2024-10-06;55.41351318359375
21;hybas_1121133480;2024-10-03;2024-10-03 13:44:01.028809+00:00;2024-10-07;57.172157287597656
22;hybas_1121133480;2024-10-03;2024-10-03 13:44:01.028809+00:00;2024-10-08;59.64759826660156
23;hybas_1121133480;2024-10-03;2024-10-03 13:44:01.028809+00:00;2024-10-09;60.46906661987305
24;hybas_1121133480;2024-10-04;2024-10-04 13:58:18.266060+00:00;2024-10-03;56.573429107666016
25;hybas_1121133480;2024-10-04;2024-10-04 13:58:18.266060+00:00;2024-10-04;57.789581298828125
26;hybas_1121133480;2024-10-04;2024-10-04 13:58:18.266060+00:00;2024-10-05;58.96245574951172
27;hybas_1121133480;2024-10-04;2024-10-04 13:58:18.266060+00:00;2024-10-06;59.526145935058594
28;hybas_1121133480;2024-10-04;2024-10-04 13:58:18.266060+00:00;2024-10-07;61.299217224121094
29;hybas_1121133480;2024-10-04;2024-10-04 13:58:18.266060+00:00;2024-10-08;62.061798095703125
30;hybas_1121133480;2024-10-04;2024-10-04 13:58:18.266060+00:00;2024-10-09;63.375553131103516
31;hybas_1121133480;2024-10-04;2024-10-04 13:58:18.266060+00:00;2024-10-10;65.43525695800781
32;hybas_1121133480;2024-10-05;2024-10-05 13:49:36.343030+00:00;2024-10-04;56.12751007080078
33;hybas_1121133480;2024-10-05;2024-10-05 13:49:36.343030+00:00;2024-10-05;56.60537338256836
34;hybas_1121133480;2024-10-05;2024-10-05 13:49:36.343030+00:00;2024-10-06;56.260887145996094
35;hybas_1121133480;2024-10-05;2024-10-05 13:49:36.343030+00:00;2024-10-07;55.80525588989258
36;hybas_1121133480;2024-10-05;2024-10-05 13:49:36.343030+00:00;2024-10-08;55.651119232177734
37;hybas_1121133480;2024-10-05;2024-10-05 13:49:36.343030+00:00;2024-10-09;56.72712326049805
38;hybas_1121133480;2024-10-05;2024-10-05 13:49:36.343030+00:00;2024-10-10;59.19711685180664
39;hybas_1121133480;2024-10-05;2024-10-05 13:49:36.343030+00:00;2024-10-11;60.221153259277344
40;hybas_1121133480;2024-10-06;2024-10-06 13:37:38.525660+00:00;2024-10-05;55.483585357666016
41;hybas_1121133480;2024-10-06;2024-10-06 13:37:38.525660+00:00;2024-10-06;56.278995513916016
42;hybas_1121133480;2024-10-06;2024-10-06 13:37:38.525660+00:00;2024-10-07;56.432395935058594
43;hybas_1121133480;2024-10-06;2024-10-06 13:37:38.525660+00:00;2024-10-08;55.15323257446289
44;hybas_1121133480;2024-10-06;2024-10-06 13:37:38.525660+00:00;2024-10-09;56.9997673034668
45;hybas_1121133480;2024-10-06;2024-10-06 13:37:38.525660+00:00;2024-10-10;57.92134094238281
46;hybas_1121133480;2024-10-06;2024-10-06 13:37:38.525660+00:00;2024-10-11;60.2214469909668
47;hybas_1121133480;2024-10-06;2024-10-06 13:37:38.525660+00:00;2024-10-12;60.945308685302734
48;hybas_1121133480;2024-10-07;2024-10-07 13:55:33.001272+00:00;2024-10-06;56.336997985839844
49;hybas_1121133480;2024-10-07;2024-10-07 13:55:33.001272+00:00;2024-10-07;56.51630783081055
50;hybas_1121133480;2024-10-07;2024-10-07 13:55:33.001272+00:00;2024-10-08;56.157100677490234
51;hybas_1121133480;2024-10-07;2024-10-07 13:55:33.001272+00:00;2024-10-09;55.41896057128906
52;hybas_1121133480;2024-10-07;2024-10-07 13:55:33.001272+00:00;2024-10-10;57.817405700683594
53;hybas_1121133480;2024-10-07;2024-10-07 13:55:33.001272+00:00;2024-10-11;60.24882888793945
54;hybas_1121133480;2024-10-07;2024-10-07 13:55:33.001272+00:00;2024-10-12;62.042659759521484
55;hybas_1121133480;2024-10-07;2024-10-07 13:55:33.001272+00:00;2024-10-13;62.47871398925781
56;hybas_1121133480;2024-10-08;2024-10-08 13:36:34.854759+00:00;2024-10-07;56.27237319946289
57;hybas_1121133480;2024-10-08;2024-10-08 13:36:34.854759+00:00;2024-10-08;56.02107238769531
58;hybas_1121133480;2024-10-08;2024-10-08 13:36:34.854759+00:00;2024-10-09;55.733707427978516
59;hybas_1121133480;2024-10-08;2024-10-08 13:36:34.854759+00:00;2024-10-10;56.17049789428711
60;hybas_1121133480;2024-10-08;2024-10-08 13:36:34.854759+00:00;2024-10-11;58.044708251953125
61;hybas_1121133480;2024-10-08;2024-10-08 13:36:34.854759+00:00;2024-10-12;60.20790481567383
62;hybas_1121133480;2024-10-08;2024-10-08 13:36:34.854759+00:00;2024-10-13;61.34161376953125
63;hybas_1121133480;2024-10-08;2024-10-08 13:36:34.854759+00:00;2024-10-14;63.17372131347656
64;hybas_1121133480;2024-10-09;2024-10-09 13:53:32.493197+00:00;2024-10-08;56.18301010131836
65;hybas_1121133480;2024-10-09;2024-10-09 13:53:32.493197+00:00;2024-10-09;54.164676666259766
66;hybas_1121133480;2024-10-09;2024-10-09 13:53:32.493197+00:00;2024-10-10;54.863365173339844
67;hybas_1121133480;2024-10-09;2024-10-09 13:53:32.493197+00:00;2024-10-11;55.838966369628906
68;hybas_1121133480;2024-10-09;2024-10-09 13:53:32.493197+00:00;2024-10-12;57.104732513427734
69;hybas_1121133480;2024-10-09;2024-10-09 13:53:32.493197+00:00;2024-10-13;58.100059509277344
70;hybas_1121133480;2024-10-09;2024-10-09 13:53:32.493197+00:00;2024-10-14;59.74240493774414
71;hybas_1121133480;2024-10-09;2024-10-09 13:53:32.493197+00:00;2024-10-15;61.23134994506836
72;hybas_1121133480;2024-10-09;2024-10-09 23:33:43.623921+00:00;2024-10-09;54.86910629272461
73;hybas_1121133480;2024-10-09;2024-10-09 23:33:43.623921+00:00;2024-10-10;53.926185607910156
74;hybas_1121133480;2024-10-09;2024-10-09 23:33:43.623921+00:00;2024-10-11;55.148963928222656
75;hybas_1121133480;2024-10-09;2024-10-09 23:33:43.623921+00:00;2024-10-12;55.430885314941406
76;hybas_1121133480;2024-10-09;2024-10-09 23:33:43.623921+00:00;2024-10-13;57.33733367919922
77;hybas_1121133480;2024-10-09;2024-10-09 23:33:43.623921+00:00;2024-10-14;59.344627380371094
78;hybas_1121133480;2024-10-09;2024-10-09 23:33:43.623921+00:00;2024-10-15;60.87744140625
79;hybas_1121133480;2024-10-09;2024-10-09 23:33:43.623921+00:00;2024-10-16;61.88219451904297
80;hybas_1121138960;2024-10-01;2024-10-01 13:38:15.149784+00:00;2024-09-30;29.0679931640625
81;hybas_1121138960;2024-10-01;2024-10-01 13:38:15.149784+00:00;2024-10-01;29.579118728637695
82;hybas_1121138960;2024-10-01;2024-10-01 13:38:15.149784+00:00;2024-10-02;28.87593650817871
83;hybas_1121138960;2024-10-01;2024-10-01 13:38:15.149784+00:00;2024-10-03;28.030637741088867
84;hybas_1121138960;2024-10-01;2024-10-01 13:38:15.149784+00:00;2024-10-04;28.42538833618164
85;hybas_1121138960;2024-10-01;2024-10-01 13:38:15.149784+00:00;2024-10-05;27.578548431396484
86;hybas_1121138960;2024-10-01;2024-10-01 13:38:15.149784+00:00;2024-10-06;27.352426528930664
87;hybas_1121138960;2024-10-01;2024-10-01 13:38:15.149784+00:00;2024-10-07;27.55388641357422
88;hybas_1121138960;2024-10-02;2024-10-02 13:53:02.171771+00:00;2024-10-01;29.453033447265625
89;hybas_1121138960;2024-10-02;2024-10-02 13:53:02.171771+00:00;2024-10-02;29.081403732299805
90;hybas_1121138960;2024-10-02;2024-10-02 13:53:02.171771+00:00;2024-10-03;28.432941436767578
91;hybas_1121138960;2024-10-02;2024-10-02 13:53:02.171771+00:00;2024-10-04;28.3122501373291
92;hybas_1121138960;2024-10-02;2024-10-02 13:53:02.171771+00:00;2024-10-05;27.77091407775879
93;hybas_1121138960;2024-10-02;2024-10-02 13:53:02.171771+00:00;2024-10-06;27.341175079345703
94;hybas_1121138960;2024-10-02;2024-10-02 13:53:02.171771+00:00;2024-10-07;27.415315628051758
95;hybas_1121138960;2024-10-02;2024-10-02 13:53:02.171771+00:00;2024-10-08;27.095169067382812
96;hybas_1121138960;2024-10-03;2024-10-03 13:44:06.666463+00:00;2024-10-02;28.97597312927246
97;hybas_1121138960;2024-10-03;2024-10-03 13:44:06.666463+00:00;2024-10-03;28.448047637939453
98;hybas_1121138960;2024-10-03;2024-10-03 13:44:06.666463+00:00;2024-10-04;28.522958755493164
99;hybas_1121138960;2024-10-03;2024-10-03 13:44:06.666463+00:00;2024-10-05;27.426721572875977
100;hybas_1121138960;2024-10-03;2024-10-03 13:44:06.666463+00:00;2024-10-06;27.152355194091797
101;hybas_1121138960;2024-10-03;2024-10-03 13:44:06.666463+00:00;2024-10-07;27.263179779052734
102;hybas_1121138960;2024-10-03;2024-10-03 13:44:06.666463+00:00;2024-10-08;26.703964233398438
103;hybas_1121138960;2024-10-03;2024-10-03 13:44:06.666463+00:00;2024-10-09;26.633522033691406
104;hybas_1121138960;2024-10-04;2024-10-04 14:02:50.856129+00:00;2024-10-03;26.71290397644043
105;hybas_1121138960;2024-10-04;2024-10-04 14:02:50.856129+00:00;2024-10-04;26.825117111206055
106;hybas_1121138960;2024-10-04;2024-10-04 14:02:50.856129+00:00;2024-10-05;25.873308181762695
107;hybas_1121138960;2024-10-04;2024-10-04 14:02:50.856129+00:00;2024-10-06;25.17937469482422
108;hybas_1121138960;2024-10-04;2024-10-04 14:02:50.856129+00:00;2024-10-07;25.61851692199707
109;hybas_1121138960;2024-10-04;2024-10-04 14:02:50.856129+00:00;2024-10-08;25.234710693359375
110;hybas_1121138960;2024-10-04;2024-10-04 14:02:50.856129+00:00;2024-10-09;25.13282585144043
111;hybas_1121138960;2024-10-04;2024-10-04 14:02:50.856129+00:00;2024-10-10;25.116640090942383
112;hybas_1121138960;2024-10-05;2024-10-05 13:49:16.550391+00:00;2024-10-04;29.554611206054688
113;hybas_1121138960;2024-10-05;2024-10-05 13:49:16.550391+00:00;2024-10-05;28.773433685302734
114;hybas_1121138960;2024-10-05;2024-10-05 13:49:16.550391+00:00;2024-10-06;28.424156188964844
115;hybas_1121138960;2024-10-05;2024-10-05 13:49:16.550391+00:00;2024-10-07;28.04296875
116;hybas_1121138960;2024-10-05;2024-10-05 13:49:16.550391+00:00;2024-10-08;27.743940353393555
117;hybas_1121138960;2024-10-05;2024-10-05 13:49:16.550391+00:00;2024-10-09;27.42425537109375
118;hybas_1121138960;2024-10-05;2024-10-05 13:49:16.550391+00:00;2024-10-10;27.22711181640625
119;hybas_1121138960;2024-10-05;2024-10-05 13:49:16.550391+00:00;2024-10-11;27.083763122558594
120;hybas_1121138960;2024-10-06;2024-10-06 13:33:22.199035+00:00;2024-10-05;28.85790252685547
121;hybas_1121138960;2024-10-06;2024-10-06 13:33:22.199035+00:00;2024-10-06;28.32704734802246
122;hybas_1121138960;2024-10-06;2024-10-06 13:33:22.199035+00:00;2024-10-07;28.408586502075195
123;hybas_1121138960;2024-10-06;2024-10-06 13:33:22.199035+00:00;2024-10-08;27.680126190185547
124;hybas_1121138960;2024-10-06;2024-10-06 13:33:22.199035+00:00;2024-10-09;27.249616622924805
125;hybas_1121138960;2024-10-06;2024-10-06 13:33:22.199035+00:00;2024-10-10;27.14356803894043
126;hybas_1121138960;2024-10-06;2024-10-06 13:33:22.199035+00:00;2024-10-11;26.86581039428711
127;hybas_1121138960;2024-10-06;2024-10-06 13:33:22.199035+00:00;2024-10-12;26.720766067504883
128;hybas_1121138960;2024-10-07;2024-10-07 13:50:50.119574+00:00;2024-10-06;28.618215560913086
129;hybas_1121138960;2024-10-07;2024-10-07 13:50:50.119574+00:00;2024-10-07;28.45621681213379
130;hybas_1121138960;2024-10-07;2024-10-07 13:50:50.119574+00:00;2024-10-08;28.072410583496094
131;hybas_1121138960;2024-10-07;2024-10-07 13:50:50.119574+00:00;2024-10-09;27.3236026763916
132;hybas_1121138960;2024-10-07;2024-10-07 13:50:50.119574+00:00;2024-10-10;27.21108055114746
133;hybas_1121138960;2024-10-07;2024-10-07 13:50:50.119574+00:00;2024-10-11;26.83559799194336
134;hybas_1121138960;2024-10-07;2024-10-07 13:50:50.119574+00:00;2024-10-12;26.66697120666504
135;hybas_1121138960;2024-10-07;2024-10-07 13:50:50.119574+00:00;2024-10-13;26.772247314453125
136;hybas_1121138960;2024-10-08;2024-10-08 13:42:01.088793+00:00;2024-10-07;28.712858200073242
137;hybas_1121138960;2024-10-08;2024-10-08 13:42:01.088793+00:00;2024-10-08;28.196800231933594
138;hybas_1121138960;2024-10-08;2024-10-08 13:42:01.088793+00:00;2024-10-09;27.75380516052246
139;hybas_1121138960;2024-10-08;2024-10-08 13:42:01.088793+00:00;2024-10-10;27.21246910095215
140;hybas_1121138960;2024-10-08;2024-10-08 13:42:01.088793+00:00;2024-10-11;26.959218978881836
141;hybas_1121138960;2024-10-08;2024-10-08 13:42:01.088793+00:00;2024-10-12;26.722152709960938
142;hybas_1121138960;2024-10-08;2024-10-08 13:42:01.088793+00:00;2024-10-13;26.729087829589844
143;hybas_1121138960;2024-10-08;2024-10-08 13:42:01.088793+00:00;2024-10-14;26.67991828918457
144;hybas_1121138960;2024-10-09;2024-10-09 13:58:43.708549+00:00;2024-10-08;28.610509872436523
145;hybas_1121138960;2024-10-09;2024-10-09 13:58:43.708549+00:00;2024-10-09;27.99518585205078
146;hybas_1121138960;2024-10-09;2024-10-09 13:58:43.708549+00:00;2024-10-10;27.821779251098633
147;hybas_1121138960;2024-10-09;2024-10-09 13:58:43.708549+00:00;2024-10-11;27.13277816772461
148;hybas_1121138960;2024-10-09;2024-10-09 13:58:43.708549+00:00;2024-10-12;26.982955932617188
149;hybas_1121138960;2024-10-09;2024-10-09 13:58:43.708549+00:00;2024-10-13;26.962610244750977
150;hybas_1121138960;2024-10-09;2024-10-09 13:58:43.708549+00:00;2024-10-14;26.81340217590332
151;hybas_1121138960;2024-10-09;2024-10-09 13:58:43.708549+00:00;2024-10-15;26.461658477783203
152;hybas_1121138960;2024-10-09;2024-10-09 23:34:23.411741+00:00;2024-10-09;27.816076278686523
153;hybas_1121138960;2024-10-09;2024-10-09 23:34:23.411741+00:00;2024-10-10;27.43674087524414
154;hybas_1121138960;2024-10-09;2024-10-09 23:34:23.411741+00:00;2024-10-11;27.144338607788086
155;hybas_1121138960;2024-10-09;2024-10-09 23:34:23.411741+00:00;2024-10-12;26.492794036865234
156;hybas_1121138960;2024-10-09;2024-10-09 23:34:23.411741+00:00;2024-10-13;26.527936935424805
157;hybas_1121138960;2024-10-09;2024-10-09 23:34:23.411741+00:00;2024-10-14;26.289793014526367
158;hybas_1121138960;2024-10-09;2024-10-09 23:34:23.411741+00:00;2024-10-15;25.837549209594727
159;hybas_1121138960;2024-10-09;2024-10-09 23:34:23.411741+00:00;2024-10-16;25.982131958007812
160;hybas_1122079470;2024-10-01;2024-10-01 13:37:37.867085+00:00;2024-09-30;99.51947021484375
161;hybas_1122079470;2024-10-01;2024-10-01 13:37:37.867085+00:00;2024-10-01;97.1795425415039
162;hybas_1122079470;2024-10-01;2024-10-01 13:37:37.867085+00:00;2024-10-02;100.3524169921875
163;hybas_1122079470;2024-10-01;2024-10-01 13:37:37.867085+00:00;2024-10-03;100.69964599609375
164;hybas_1122079470;2024-10-01;2024-10-01 13:37:37.867085+00:00;2024-10-04;102.24625396728516
165;hybas_1122079470;2024-10-01;2024-10-01 13:37:37.867085+00:00;2024-10-05;106.90568542480469
166;hybas_1122079470;2024-10-01;2024-10-01 13:37:37.867085+00:00;2024-10-06;108.36957550048828
167;hybas_1122079470;2024-10-01;2024-10-01 13:37:37.867085+00:00;2024-10-07;110.6876449584961
168;hybas_1122079470;2024-10-02;2024-10-02 13:53:09.366581+00:00;2024-10-01;99.20880126953125
169;hybas_1122079470;2024-10-02;2024-10-02 13:53:09.366581+00:00;2024-10-02;97.6356430053711
170;hybas_1122079470;2024-10-02;2024-10-02 13:53:09.366581+00:00;2024-10-03;100.85712432861328
171;hybas_1122079470;2024-10-02;2024-10-02 13:53:09.366581+00:00;2024-10-04;98.05477142333984
172;hybas_1122079470;2024-10-02;2024-10-02 13:53:09.366581+00:00;2024-10-05;102.61473083496094
173;hybas_1122079470;2024-10-02;2024-10-02 13:53:09.366581+00:00;2024-10-06;102.76689910888672
174;hybas_1122079470;2024-10-02;2024-10-02 13:53:09.366581+00:00;2024-10-07;104.6068115234375
175;hybas_1122079470;2024-10-02;2024-10-02 13:53:09.366581+00:00;2024-10-08;105.25531768798828
176;hybas_1122079470;2024-10-03;2024-10-03 13:39:46.126823+00:00;2024-10-02;99.91878509521484
177;hybas_1122079470;2024-10-03;2024-10-03 13:39:46.126823+00:00;2024-10-03;96.08270263671875
178;hybas_1122079470;2024-10-03;2024-10-03 13:39:46.126823+00:00;2024-10-04;101.13001251220703
179;hybas_1122079470;2024-10-03;2024-10-03 13:39:46.126823+00:00;2024-10-05;98.89241027832031
180;hybas_1122079470;2024-10-03;2024-10-03 13:39:46.126823+00:00;2024-10-06;99.65815734863281
181;hybas_1122079470;2024-10-03;2024-10-03 13:39:46.126823+00:00;2024-10-07;101.00173950195312
182;hybas_1122079470;2024-10-03;2024-10-03 13:39:46.126823+00:00;2024-10-08;104.8805160522461
183;hybas_1122079470;2024-10-03;2024-10-03 13:39:46.126823+00:00;2024-10-09;106.19263458251953
184;hybas_1122079470;2024-10-04;2024-10-04 13:58:14.960675+00:00;2024-10-03;91.95269775390625
185;hybas_1122079470;2024-10-04;2024-10-04 13:58:14.960675+00:00;2024-10-04;91.1048355102539
186;hybas_1122079470;2024-10-04;2024-10-04 13:58:14.960675+00:00;2024-10-05;92.28092956542969
187;hybas_1122079470;2024-10-04;2024-10-04 13:58:14.960675+00:00;2024-10-06;92.42901611328125
188;hybas_1122079470;2024-10-04;2024-10-04 13:58:14.960675+00:00;2024-10-07;92.30829620361328
189;hybas_1122079470;2024-10-04;2024-10-04 13:58:14.960675+00:00;2024-10-08;93.56343841552734
190;hybas_1122079470;2024-10-04;2024-10-04 13:58:14.960675+00:00;2024-10-09;93.822021484375
191;hybas_1122079470;2024-10-04;2024-10-04 13:58:14.960675+00:00;2024-10-10;94.1465835571289
192;hybas_1122079470;2024-10-05;2024-10-05 13:45:50.774588+00:00;2024-10-04;100.62080383300781
193;hybas_1122079470;2024-10-05;2024-10-05 13:45:50.774588+00:00;2024-10-05;96.9229965209961
194;hybas_1122079470;2024-10-05;2024-10-05 13:45:50.774588+00:00;2024-10-06;100.44290161132812
195;hybas_1122079470;2024-10-05;2024-10-05 13:45:50.774588+00:00;2024-10-07;99.0284423828125
196;hybas_1122079470;2024-10-05;2024-10-05 13:45:50.774588+00:00;2024-10-08;99.80256652832031
197;hybas_1122079470;2024-10-05;2024-10-05 13:45:50.774588+00:00;2024-10-09;100.2537612915039
198;hybas_1122079470;2024-10-05;2024-10-05 13:45:50.774588+00:00;2024-10-10;102.23461151123047
199;hybas_1122079470;2024-10-05;2024-10-05 13:45:50.774588+00:00;2024-10-11;103.31919860839844
200;hybas_1122079470;2024-10-06;2024-10-06 13:37:42.377946+00:00;2024-10-05;100.02745056152344
201;hybas_1122079470;2024-10-06;2024-10-06 13:37:42.377946+00:00;2024-10-06;102.515869140625
202;hybas_1122079470;2024-10-06;2024-10-06 13:37:42.377946+00:00;2024-10-07;101.8581771850586
203;hybas_1122079470;2024-10-06;2024-10-06 13:37:42.377946+00:00;2024-10-08;101.95274353027344
204;hybas_1122079470;2024-10-06;2024-10-06 13:37:42.377946+00:00;2024-10-09;99.44206237792969
205;hybas_1122079470;2024-10-06;2024-10-06 13:37:42.377946+00:00;2024-10-10;102.31243133544922
206;hybas_1122079470;2024-10-06;2024-10-06 13:37:42.377946+00:00;2024-10-11;101.82569885253906
207;hybas_1122079470;2024-10-06;2024-10-06 13:37:42.377946+00:00;2024-10-12;101.41412353515625
208;hybas_1122079470;2024-10-07;2024-10-07 13:50:21.795587+00:00;2024-10-06;103.18704986572266
209;hybas_1122079470;2024-10-07;2024-10-07 13:50:21.795587+00:00;2024-10-07;98.66507720947266
210;hybas_1122079470;2024-10-07;2024-10-07 13:50:21.795587+00:00;2024-10-08;104.38172912597656
211;hybas_1122079470;2024-10-07;2024-10-07 13:50:21.795587+00:00;2024-10-09;102.1900863647461
212;hybas_1122079470;2024-10-07;2024-10-07 13:50:21.795587+00:00;2024-10-10;102.67171478271484
213;hybas_1122079470;2024-10-07;2024-10-07 13:50:21.795587+00:00;2024-10-11;102.51791381835938
214;hybas_1122079470;2024-10-07;2024-10-07 13:50:21.795587+00:00;2024-10-12;104.2597885131836
215;hybas_1122079470;2024-10-07;2024-10-07 13:50:21.795587+00:00;2024-10-13;105.83192443847656
216;hybas_1122079470;2024-10-08;2024-10-08 13:40:54.121849+00:00;2024-10-07;102.25871276855469
217;hybas_1122079470;2024-10-08;2024-10-08 13:40:54.121849+00:00;2024-10-08;104.59578704833984
218;hybas_1122079470;2024-10-08;2024-10-08 13:40:54.121849+00:00;2024-10-09;102.81816864013672
219;hybas_1122079470;2024-10-08;2024-10-08 13:40:54.121849+00:00;2024-10-10;101.91046142578125
220;hybas_1122079470;2024-10-08;2024-10-08 13:40:54.121849+00:00;2024-10-11;102.7327880859375
221;hybas_1122079470;2024-10-08;2024-10-08 13:40:54.121849+00:00;2024-10-12;104.2130126953125
222;hybas_1122079470;2024-10-08;2024-10-08 13:40:54.121849+00:00;2024-10-13;104.90257263183594
223;hybas_1122079470;2024-10-08;2024-10-08 13:40:54.121849+00:00;2024-10-14;106.12033081054688
224;hybas_1122079470;2024-10-09;2024-10-09 13:53:32.493508+00:00;2024-10-08;104.65991973876953
225;hybas_1122079470;2024-10-09;2024-10-09 13:53:32.493508+00:00;2024-10-09;101.59632110595703
226;hybas_1122079470;2024-10-09;2024-10-09 13:53:32.493508+00:00;2024-10-10;100.04521942138672
227;hybas_1122079470;2024-10-09;2024-10-09 13:53:32.493508+00:00;2024-10-11;100.28011322021484
228;hybas_1122079470;2024-10-09;2024-10-09 13:53:32.493508+00:00;2024-10-12;101.60530853271484
229;hybas_1122079470;2024-10-09;2024-10-09 13:53:32.493508+00:00;2024-10-13;102.4897232055664
230;hybas_1122079470;2024-10-09;2024-10-09 13:53:32.493508+00:00;2024-10-14;103.11065673828125
231;hybas_1122079470;2024-10-09;2024-10-09 13:53:32.493508+00:00;2024-10-15;103.09819793701172
232;hybas_1122079470;2024-10-09;2024-10-09 23:31:09.004218+00:00;2024-10-09;102.00605010986328
233;hybas_1122079470;2024-10-09;2024-10-09 23:31:09.004218+00:00;2024-10-10;99.93880462646484
234;hybas_1122079470;2024-10-09;2024-10-09 23:31:09.004218+00:00;2024-10-11;100.37427520751953
235;hybas_1122079470;2024-10-09;2024-10-09 23:31:09.004218+00:00;2024-10-12;100.66451263427734
236;hybas_1122079470;2024-10-09;2024-10-09 23:31:09.004218+00:00;2024-10-13;101.51033020019531
237;hybas_1122079470;2024-10-09;2024-10-09 23:31:09.004218+00:00;2024-10-14;101.93456268310547
238;hybas_1122079470;2024-10-09;2024-10-09 23:31:09.004218+00:00;2024-10-15;100.80014038085938
239;hybas_1122079470;2024-10-09;2024-10-09 23:31:09.004218+00:00;2024-10-16;101.34754180908203
240;hybas_1121118960;2024-10-01;2024-10-01 13:38:54.318264+00:00;2024-09-30;55.827693939208984
241;hybas_1121118960;2024-10-01;2024-10-01 13:38:54.318264+00:00;2024-10-01;55.464332580566406
242;hybas_1121118960;2024-10-01;2024-10-01 13:38:54.318264+00:00;2024-10-02;56.91603088378906
243;hybas_1121118960;2024-10-01;2024-10-01 13:38:54.318264+00:00;2024-10-03;56.39427185058594
244;hybas_1121118960;2024-10-01;2024-10-01 13:38:54.318264+00:00;2024-10-04;56.9174919128418
245;hybas_1121118960;2024-10-01;2024-10-01 13:38:54.318264+00:00;2024-10-05;61.8895378112793
246;hybas_1121118960;2024-10-01;2024-10-01 13:38:54.318264+00:00;2024-10-06;65.874267578125
247;hybas_1121118960;2024-10-01;2024-10-01 13:38:54.318264+00:00;2024-10-07;68.99241638183594
248;hybas_1121118960;2024-10-02;2024-10-02 13:56:52.158630+00:00;2024-10-01;56.03382873535156
249;hybas_1121118960;2024-10-02;2024-10-02 13:56:52.158630+00:00;2024-10-02;55.58082962036133
250;hybas_1121118960;2024-10-02;2024-10-02 13:56:52.158630+00:00;2024-10-03;56.80070114135742
251;hybas_1121118960;2024-10-02;2024-10-02 13:56:52.158630+00:00;2024-10-04;55.641998291015625
252;hybas_1121118960;2024-10-02;2024-10-02 13:56:52.158630+00:00;2024-10-05;55.52214050292969
253;hybas_1121118960;2024-10-02;2024-10-02 13:56:52.158630+00:00;2024-10-06;57.85137176513672
254;hybas_1121118960;2024-10-02;2024-10-02 13:56:52.158630+00:00;2024-10-07;59.45811462402344
255;hybas_1121118960;2024-10-02;2024-10-02 13:56:52.158630+00:00;2024-10-08;62.360198974609375
256;hybas_1121118960;2024-10-03;2024-10-03 13:44:09.433538+00:00;2024-10-02;56.540260314941406
257;hybas_1121118960;2024-10-03;2024-10-03 13:44:09.433538+00:00;2024-10-03;56.56507873535156
258;hybas_1121118960;2024-10-03;2024-10-03 13:44:09.433538+00:00;2024-10-04;56.289306640625
259;hybas_1121118960;2024-10-03;2024-10-03 13:44:09.433538+00:00;2024-10-05;54.86446762084961
260;hybas_1121118960;2024-10-03;2024-10-03 13:44:09.433538+00:00;2024-10-06;56.424930572509766
261;hybas_1121118960;2024-10-03;2024-10-03 13:44:09.433538+00:00;2024-10-07;57.10172653198242
262;hybas_1121118960;2024-10-03;2024-10-03 13:44:09.433538+00:00;2024-10-08;59.277381896972656
263;hybas_1121118960;2024-10-03;2024-10-03 13:44:09.433538+00:00;2024-10-09;59.59621810913086
264;hybas_1121118960;2024-10-04;2024-10-04 13:58:14.955154+00:00;2024-10-03;55.53031539916992
265;hybas_1121118960;2024-10-04;2024-10-04 13:58:14.955154+00:00;2024-10-04;56.651649475097656
266;hybas_1121118960;2024-10-04;2024-10-04 13:58:14.955154+00:00;2024-10-05;57.841590881347656
267;hybas_1121118960;2024-10-04;2024-10-04 13:58:14.955154+00:00;2024-10-06;58.479557037353516
268;hybas_1121118960;2024-10-04;2024-10-04 13:58:14.955154+00:00;2024-10-07;60.344112396240234
269;hybas_1121118960;2024-10-04;2024-10-04 13:58:14.955154+00:00;2024-10-08;61.22456359863281
270;hybas_1121118960;2024-10-04;2024-10-04 13:58:14.955154+00:00;2024-10-09;62.61217498779297
271;hybas_1121118960;2024-10-04;2024-10-04 13:58:14.955154+00:00;2024-10-10;64.11336517333984
272;hybas_1121118960;2024-10-05;2024-10-05 13:45:52.707183+00:00;2024-10-04;56.91982650756836
273;hybas_1121118960;2024-10-05;2024-10-05 13:45:52.707183+00:00;2024-10-05;55.704917907714844
274;hybas_1121118960;2024-10-05;2024-10-05 13:45:52.707183+00:00;2024-10-06;55.72068405151367
275;hybas_1121118960;2024-10-05;2024-10-05 13:45:52.707183+00:00;2024-10-07;56.04317092895508
276;hybas_1121118960;2024-10-05;2024-10-05 13:45:52.707183+00:00;2024-10-08;56.233829498291016
277;hybas_1121118960;2024-10-05;2024-10-05 13:45:52.707183+00:00;2024-10-09;56.585079193115234
278;hybas_1121118960;2024-10-05;2024-10-05 13:45:52.707183+00:00;2024-10-10;58.093421936035156
279;hybas_1121118960;2024-10-05;2024-10-05 13:45:52.707183+00:00;2024-10-11;59.20307159423828
280;hybas_1121118960;2024-10-06;2024-10-06 13:33:22.198858+00:00;2024-10-05;55.2387809753418
281;hybas_1121118960;2024-10-06;2024-10-06 13:33:22.198858+00:00;2024-10-06;55.01191711425781
282;hybas_1121118960;2024-10-06;2024-10-06 13:33:22.198858+00:00;2024-10-07;55.933387756347656
283;hybas_1121118960;2024-10-06;2024-10-06 13:33:22.198858+00:00;2024-10-08;56.37003707885742
284;hybas_1121118960;2024-10-06;2024-10-06 13:33:22.198858+00:00;2024-10-09;56.6879997253418
285;hybas_1121118960;2024-10-06;2024-10-06 13:33:22.198858+00:00;2024-10-10;57.22829818725586
286;hybas_1121118960;2024-10-06;2024-10-06 13:33:22.198858+00:00;2024-10-11;59.77695083618164
287;hybas_1121118960;2024-10-06;2024-10-06 13:33:22.198858+00:00;2024-10-12;60.49448013305664
288;hybas_1121118960;2024-10-07;2024-10-07 13:54:50.421941+00:00;2024-10-06;55.514549255371094
289;hybas_1121118960;2024-10-07;2024-10-07 13:54:50.421941+00:00;2024-10-07;55.327392578125
290;hybas_1121118960;2024-10-07;2024-10-07 13:54:50.421941+00:00;2024-10-08;55.368125915527344
291;hybas_1121118960;2024-10-07;2024-10-07 13:54:50.421941+00:00;2024-10-09;55.426666259765625
292;hybas_1121118960;2024-10-07;2024-10-07 13:54:50.421941+00:00;2024-10-10;57.52655029296875
293;hybas_1121118960;2024-10-07;2024-10-07 13:54:50.421941+00:00;2024-10-11;59.97447204589844
294;hybas_1121118960;2024-10-07;2024-10-07 13:54:50.421941+00:00;2024-10-12;61.87916946411133
295;hybas_1121118960;2024-10-07;2024-10-07 13:54:50.421941+00:00;2024-10-13;62.24472427368164
296;hybas_1121118960;2024-10-08;2024-10-08 13:39:56.156683+00:00;2024-10-07;55.5822868347168
297;hybas_1121118960;2024-10-08;2024-10-08 13:39:56.156683+00:00;2024-10-08;54.92826461791992
298;hybas_1121118960;2024-10-08;2024-10-08 13:39:56.156683+00:00;2024-10-09;54.550594329833984
299;hybas_1121118960;2024-10-08;2024-10-08 13:39:56.156683+00:00;2024-10-10;56.06623840332031
300;hybas_1121118960;2024-10-08;2024-10-08 13:39:56.156683+00:00;2024-10-11;58.01020812988281
301;hybas_1121118960;2024-10-08;2024-10-08 13:39:56.156683+00:00;2024-10-12;60.31462097167969
302;hybas_1121118960;2024-10-08;2024-10-08 13:39:56.156683+00:00;2024-10-13;61.58894729614258
303;hybas_1121118960;2024-10-08;2024-10-08 13:39:56.156683+00:00;2024-10-14;62.41728210449219
304;hybas_1121118960;2024-10-09;2024-10-09 13:54:09.019485+00:00;2024-10-08;55.755428314208984
305;hybas_1121118960;2024-10-09;2024-10-09 13:54:09.019485+00:00;2024-10-09;53.44765853881836
306;hybas_1121118960;2024-10-09;2024-10-09 13:54:09.019485+00:00;2024-10-10;54.899505615234375
307;hybas_1121118960;2024-10-09;2024-10-09 13:54:09.019485+00:00;2024-10-11;55.885066986083984
308;hybas_1121118960;2024-10-09;2024-10-09 13:54:09.019485+00:00;2024-10-12;57.228153228759766
309;hybas_1121118960;2024-10-09;2024-10-09 13:54:09.019485+00:00;2024-10-13;58.33444595336914
310;hybas_1121118960;2024-10-09;2024-10-09 13:54:09.019485+00:00;2024-10-14;60.32892990112305
311;hybas_1121118960;2024-10-09;2024-10-09 13:54:09.019485+00:00;2024-10-15;61.21113204956055
312;hybas_1121118960;2024-10-09;2024-10-09 23:31:12.795491+00:00;2024-10-09;53.4943733215332
313;hybas_1121118960;2024-10-09;2024-10-09 23:31:12.795491+00:00;2024-10-10;53.89131546020508
314;hybas_1121118960;2024-10-09;2024-10-09 23:31:12.795491+00:00;2024-10-11;54.768409729003906
315;hybas_1121118960;2024-10-09;2024-10-09 23:31:12.795491+00:00;2024-10-12;55.4890022277832
316;hybas_1121118960;2024-10-09;2024-10-09 23:31:12.795491+00:00;2024-10-13;57.52655029296875
317;hybas_1121118960;2024-10-09;2024-10-09 23:31:12.795491+00:00;2024-10-14;59.18307113647461
318;hybas_1121118960;2024-10-09;2024-10-09 23:31:12.795491+00:00;2024-10-15;60.10235595703125
319;hybas_1121118960;2024-10-09;2024-10-09 23:31:12.795491+00:00;2024-10-16;61.25697326660156
320;hybas_1121107100;2024-10-01;2024-10-01 13:38:33.477311+00:00;2024-09-30;57.851749420166016
321;hybas_1121107100;2024-10-01;2024-10-01 13:38:33.477311+00:00;2024-10-01;57.73965835571289
322;hybas_1121107100;2024-10-01;2024-10-01 13:38:33.477311+00:00;2024-10-02;58.123313903808594
323;hybas_1121107100;2024-10-01;2024-10-01 13:38:33.477311+00:00;2024-10-03;58.311676025390625
324;hybas_1121107100;2024-10-01;2024-10-01 13:38:33.477311+00:00;2024-10-04;58.39039993286133
325;hybas_1121107100;2024-10-01;2024-10-01 13:38:33.477311+00:00;2024-10-05;63.04670715332031
326;hybas_1121107100;2024-10-01;2024-10-01 13:38:33.477311+00:00;2024-10-06;67.26201629638672
327;hybas_1121107100;2024-10-01;2024-10-01 13:38:33.477311+00:00;2024-10-07;70.56339263916016
328;hybas_1121107100;2024-10-02;2024-10-02 13:56:08.770099+00:00;2024-10-01;58.130680084228516
329;hybas_1121107100;2024-10-02;2024-10-02 13:56:08.770099+00:00;2024-10-02;55.72907638549805
330;hybas_1121107100;2024-10-02;2024-10-02 13:56:08.770099+00:00;2024-10-03;57.45610427856445
331;hybas_1121107100;2024-10-02;2024-10-02 13:56:08.770099+00:00;2024-10-04;56.64358139038086
332;hybas_1121107100;2024-10-02;2024-10-02 13:56:08.770099+00:00;2024-10-05;56.37100601196289
333;hybas_1121107100;2024-10-02;2024-10-02 13:56:08.770099+00:00;2024-10-06;58.83747100830078
334;hybas_1121107100;2024-10-02;2024-10-02 13:56:08.770099+00:00;2024-10-07;60.4508171081543
335;hybas_1121107100;2024-10-02;2024-10-02 13:56:08.770099+00:00;2024-10-08;63.448997497558594
336;hybas_1121107100;2024-10-03;2024-10-03 13:43:46.969654+00:00;2024-10-02;56.55792236328125
337;hybas_1121107100;2024-10-03;2024-10-03 13:43:46.969654+00:00;2024-10-03;56.52412033081055
338;hybas_1121107100;2024-10-03;2024-10-03 13:43:46.969654+00:00;2024-10-04;56.533653259277344
339;hybas_1121107100;2024-10-03;2024-10-03 13:43:46.969654+00:00;2024-10-05;55.45115661621094
340;hybas_1121107100;2024-10-03;2024-10-03 13:43:46.969654+00:00;2024-10-06;57.442527770996094
341;hybas_1121107100;2024-10-03;2024-10-03 13:43:46.969654+00:00;2024-10-07;58.09023666381836
342;hybas_1121107100;2024-10-03;2024-10-03 13:43:46.969654+00:00;2024-10-08;60.307090759277344
343;hybas_1121107100;2024-10-03;2024-10-03 13:43:46.969654+00:00;2024-10-09;60.64596939086914
344;hybas_1121107100;2024-10-04;2024-10-04 13:58:16.444980+00:00;2024-10-03;58.63365173339844
345;hybas_1121107100;2024-10-04;2024-10-04 13:58:16.444980+00:00;2024-10-04;58.01570129394531
346;hybas_1121107100;2024-10-04;2024-10-04 13:58:16.444980+00:00;2024-10-05;60.34955978393555
347;hybas_1121107100;2024-10-04;2024-10-04 13:58:16.444980+00:00;2024-10-06;61.485504150390625
348;hybas_1121107100;2024-10-04;2024-10-04 13:58:16.444980+00:00;2024-10-07;62.079769134521484
349;hybas_1121107100;2024-10-04;2024-10-04 13:58:16.444980+00:00;2024-10-08;63.478031158447266
350;hybas_1121107100;2024-10-04;2024-10-04 13:58:16.444980+00:00;2024-10-09;63.6402473449707
351;hybas_1121107100;2024-10-04;2024-10-04 13:58:16.444980+00:00;2024-10-10;65.6820297241211
352;hybas_1121107100;2024-10-05;2024-10-05 13:45:53.317985+00:00;2024-10-04;57.79989242553711
353;hybas_1121107100;2024-10-05;2024-10-05 13:45:53.317985+00:00;2024-10-05;55.831634521484375
354;hybas_1121107100;2024-10-05;2024-10-05 13:45:53.317985+00:00;2024-10-06;55.903568267822266
355;hybas_1121107100;2024-10-05;2024-10-05 13:45:53.317985+00:00;2024-10-07;56.231178283691406
356;hybas_1121107100;2024-10-05;2024-10-05 13:45:53.317985+00:00;2024-10-08;56.982025146484375
357;hybas_1121107100;2024-10-05;2024-10-05 13:45:53.317985+00:00;2024-10-09;57.27438735961914
358;hybas_1121107100;2024-10-05;2024-10-05 13:45:53.317985+00:00;2024-10-10;58.871559143066406
359;hybas_1121107100;2024-10-05;2024-10-05 13:45:53.317985+00:00;2024-10-11;59.99609375
360;hybas_1121107100;2024-10-06;2024-10-06 13:36:11.167504+00:00;2024-10-05;55.58708190917969
361;hybas_1121107100;2024-10-06;2024-10-06 13:36:11.167504+00:00;2024-10-06;55.99081802368164
362;hybas_1121107100;2024-10-06;2024-10-06 13:36:11.167504+00:00;2024-10-07;56.819374084472656
363;hybas_1121107100;2024-10-06;2024-10-06 13:36:11.167504+00:00;2024-10-08;57.24477767944336
364;hybas_1121107100;2024-10-06;2024-10-06 13:36:11.167504+00:00;2024-10-09;57.654144287109375
365;hybas_1121107100;2024-10-06;2024-10-06 13:36:11.167504+00:00;2024-10-10;58.20507049560547
366;hybas_1121107100;2024-10-06;2024-10-06 13:36:11.167504+00:00;2024-10-11;60.87015151977539
367;hybas_1121107100;2024-10-06;2024-10-06 13:36:11.167504+00:00;2024-10-12;61.57925033569336
368;hybas_1121107100;2024-10-07;2024-10-07 13:50:21.795388+00:00;2024-10-06;56.56962203979492
369;hybas_1121107100;2024-10-07;2024-10-07 13:50:21.795388+00:00;2024-10-07;56.30643844604492
370;hybas_1121107100;2024-10-07;2024-10-07 13:50:21.795388+00:00;2024-10-08;56.31986999511719
371;hybas_1121107100;2024-10-07;2024-10-07 13:50:21.795388+00:00;2024-10-09;56.30022430419922
372;hybas_1121107100;2024-10-07;2024-10-07 13:50:21.795388+00:00;2024-10-10;58.54365921020508
373;hybas_1121107100;2024-10-07;2024-10-07 13:50:21.795388+00:00;2024-10-11;61.132328033447266
374;hybas_1121107100;2024-10-07;2024-10-07 13:50:21.795388+00:00;2024-10-12;63.03890609741211
375;hybas_1121107100;2024-10-07;2024-10-07 13:50:21.795388+00:00;2024-10-13;63.479766845703125
376;hybas_1121107100;2024-10-08;2024-10-08 13:36:34.866235+00:00;2024-10-07;56.57814407348633
377;hybas_1121107100;2024-10-08;2024-10-08 13:36:34.866235+00:00;2024-10-08;55.83148956298828
378;hybas_1121107100;2024-10-08;2024-10-08 13:36:34.866235+00:00;2024-10-09;55.45216751098633
379;hybas_1121107100;2024-10-08;2024-10-08 13:36:34.866235+00:00;2024-10-10;57.118961334228516
380;hybas_1121107100;2024-10-08;2024-10-08 13:36:34.866235+00:00;2024-10-11;59.28656005859375
381;hybas_1121107100;2024-10-08;2024-10-08 13:36:34.866235+00:00;2024-10-12;61.57188415527344
382;hybas_1121107100;2024-10-08;2024-10-08 13:36:34.866235+00:00;2024-10-13;62.89200210571289
383;hybas_1121107100;2024-10-08;2024-10-08 13:36:34.866235+00:00;2024-10-14;64.75799560546875
384;hybas_1121107100;2024-10-09;2024-10-09 13:53:32.493125+00:00;2024-10-08;56.74527359008789
385;hybas_1121107100;2024-10-09;2024-10-09 13:53:32.493125+00:00;2024-10-09;54.38310241699219
386;hybas_1121107100;2024-10-09;2024-10-09 13:53:32.493125+00:00;2024-10-10;55.948638916015625
387;hybas_1121107100;2024-10-09;2024-10-09 13:53:32.493125+00:00;2024-10-11;57.102638244628906
388;hybas_1121107100;2024-10-09;2024-10-09 13:53:32.493125+00:00;2024-10-12;58.557960510253906
389;hybas_1121107100;2024-10-09;2024-10-09 13:53:32.493125+00:00;2024-10-13;59.67527389526367
390;hybas_1121107100;2024-10-09;2024-10-09 13:53:32.493125+00:00;2024-10-14;61.74406814575195
391;hybas_1121107100;2024-10-09;2024-10-09 13:53:32.493125+00:00;2024-10-15;63.28736114501953
392;hybas_1121107100;2024-10-09;2024-10-09 23:33:50.468297+00:00;2024-10-09;54.43019104003906
393;hybas_1121107100;2024-10-09;2024-10-09 23:33:50.468297+00:00;2024-10-10;54.90701675415039
394;hybas_1121107100;2024-10-09;2024-10-09 23:33:50.468297+00:00;2024-10-11;56.04816436767578
395;hybas_1121107100;2024-10-09;2024-10-09 23:33:50.468297+00:00;2024-10-12;56.87152099609375
396;hybas_1121107100;2024-10-09;2024-10-09 23:33:50.468297+00:00;2024-10-13;58.8890380859375
397;hybas_1121107100;2024-10-09;2024-10-09 23:33:50.468297+00:00;2024-10-14;61.03323745727539
398;hybas_1121107100;2024-10-09;2024-10-09 23:33:50.468297+00:00;2024-10-15;63.11445236206055
399;hybas_1121107100;2024-10-09;2024-10-09 23:33:50.468297+00:00;2024-10-16;64.00642395019531
400;hybas_1121132210;2024-10-01;2024-10-01 13:35:07.382799+00:00;2024-09-30;27.028812408447266
401;hybas_1121132210;2024-10-01;2024-10-01 13:35:07.382799+00:00;2024-10-01;27.480281829833984
402;hybas_1121132210;2024-10-01;2024-10-01 13:35:07.382799+00:00;2024-10-02;27.008968353271484
403;hybas_1121132210;2024-10-01;2024-10-01 13:35:07.382799+00:00;2024-10-03;26.141536712646484
404;hybas_1121132210;2024-10-01;2024-10-01 13:35:07.382799+00:00;2024-10-04;26.600019454956055
405;hybas_1121132210;2024-10-01;2024-10-01 13:35:07.382799+00:00;2024-10-05;25.848814010620117
406;hybas_1121132210;2024-10-01;2024-10-01 13:35:07.382799+00:00;2024-10-06;25.536096572875977
407;hybas_1121132210;2024-10-01;2024-10-01 13:35:07.382799+00:00;2024-10-07;25.745269775390625
408;hybas_1121132210;2024-10-02;2024-10-02 13:53:01.823235+00:00;2024-10-01;27.293933868408203
409;hybas_1121132210;2024-10-02;2024-10-02 13:53:01.823235+00:00;2024-10-02;27.164730072021484
410;hybas_1121132210;2024-10-02;2024-10-02 13:53:01.823235+00:00;2024-10-03;26.527360916137695
411;hybas_1121132210;2024-10-02;2024-10-02 13:53:01.823235+00:00;2024-10-04;26.417999267578125
412;hybas_1121132210;2024-10-02;2024-10-02 13:53:01.823235+00:00;2024-10-05;26.044111251831055
413;hybas_1121132210;2024-10-02;2024-10-02 13:53:01.823235+00:00;2024-10-06;25.567129135131836
414;hybas_1121132210;2024-10-02;2024-10-02 13:53:01.823235+00:00;2024-10-07;25.637699127197266
415;hybas_1121132210;2024-10-02;2024-10-02 13:53:01.823235+00:00;2024-10-08;25.306482315063477
416;hybas_1121132210;2024-10-03;2024-10-03 13:39:46.130190+00:00;2024-10-02;26.984798431396484
417;hybas_1121132210;2024-10-03;2024-10-03 13:39:46.130190+00:00;2024-10-03;26.478572845458984
418;hybas_1121132210;2024-10-03;2024-10-03 13:39:46.130190+00:00;2024-10-04;26.633737564086914
419;hybas_1121132210;2024-10-03;2024-10-03 13:39:46.130190+00:00;2024-10-05;25.654111862182617
420;hybas_1121132210;2024-10-03;2024-10-03 13:39:46.130190+00:00;2024-10-06;25.385108947753906
421;hybas_1121132210;2024-10-03;2024-10-03 13:39:46.130190+00:00;2024-10-07;25.494768142700195
422;hybas_1121132210;2024-10-03;2024-10-03 13:39:46.130190+00:00;2024-10-08;24.9367733001709
423;hybas_1121132210;2024-10-03;2024-10-03 13:39:46.130190+00:00;2024-10-09;24.794885635375977
424;hybas_1121132210;2024-10-04;2024-10-04 13:58:14.954885+00:00;2024-10-03;25.181156158447266
425;hybas_1121132210;2024-10-04;2024-10-04 13:58:14.954885+00:00;2024-10-04;25.448816299438477
426;hybas_1121132210;2024-10-04;2024-10-04 13:58:14.954885+00:00;2024-10-05;24.979293823242188
427;hybas_1121132210;2024-10-04;2024-10-04 13:58:14.954885+00:00;2024-10-06;24.599140167236328
428;hybas_1121132210;2024-10-04;2024-10-04 13:58:14.954885+00:00;2024-10-07;25.106708526611328
429;hybas_1121132210;2024-10-04;2024-10-04 13:58:14.954885+00:00;2024-10-08;24.70641326904297
430;hybas_1121132210;2024-10-04;2024-10-04 13:58:14.954885+00:00;2024-10-09;24.561243057250977
431;hybas_1121132210;2024-10-04;2024-10-04 13:58:14.954885+00:00;2024-10-10;24.4909725189209
432;hybas_1121132210;2024-10-05;2024-10-05 13:49:40.594716+00:00;2024-10-04;27.449846267700195
433;hybas_1121132210;2024-10-05;2024-10-05 13:49:40.594716+00:00;2024-10-05;26.849029541015625
434;hybas_1121132210;2024-10-05;2024-10-05 13:49:40.594716+00:00;2024-10-06;26.545114517211914
435;hybas_1121132210;2024-10-05;2024-10-05 13:49:40.594716+00:00;2024-10-07;26.113189697265625
436;hybas_1121132210;2024-10-05;2024-10-05 13:49:40.594716+00:00;2024-10-08;25.896854400634766
437;hybas_1121132210;2024-10-05;2024-10-05 13:49:40.594716+00:00;2024-10-09;25.565786361694336
438;hybas_1121132210;2024-10-05;2024-10-05 13:49:40.594716+00:00;2024-10-10;25.305736541748047
439;hybas_1121132210;2024-10-05;2024-10-05 13:49:40.594716+00:00;2024-10-11;25.109542846679688
440;hybas_1121132210;2024-10-06;2024-10-06 13:36:26.442419+00:00;2024-10-05;26.858577728271484
441;hybas_1121132210;2024-10-06;2024-10-06 13:36:26.442419+00:00;2024-10-06;26.425458908081055
442;hybas_1121132210;2024-10-06;2024-10-06 13:36:26.442419+00:00;2024-10-07;26.490211486816406
443;hybas_1121132210;2024-10-06;2024-10-06 13:36:26.442419+00:00;2024-10-08;25.796295166015625
444;hybas_1121132210;2024-10-06;2024-10-06 13:36:26.442419+00:00;2024-10-09;25.392122268676758
445;hybas_1121132210;2024-10-06;2024-10-06 13:36:26.442419+00:00;2024-10-10;25.236360549926758
446;hybas_1121132210;2024-10-06;2024-10-06 13:36:26.442419+00:00;2024-10-11;24.911558151245117
447;hybas_1121132210;2024-10-06;2024-10-06 13:36:26.442419+00:00;2024-10-12;24.702234268188477
448;hybas_1121132210;2024-10-07;2024-10-07 13:50:21.804548+00:00;2024-10-06;26.628517150878906
449;hybas_1121132210;2024-10-07;2024-10-07 13:50:21.804548+00:00;2024-10-07;26.529001235961914
450;hybas_1121132210;2024-10-07;2024-10-07 13:50:21.804548+00:00;2024-10-08;26.192115783691406
451;hybas_1121132210;2024-10-07;2024-10-07 13:50:21.804548+00:00;2024-10-09;25.393911361694336
452;hybas_1121132210;2024-10-07;2024-10-07 13:50:21.804548+00:00;2024-10-10;25.291414260864258
453;hybas_1121132210;2024-10-07;2024-10-07 13:50:21.804548+00:00;2024-10-11;24.857698440551758
454;hybas_1121132210;2024-10-07;2024-10-07 13:50:21.804548+00:00;2024-10-12;24.634201049804688
455;hybas_1121132210;2024-10-07;2024-10-07 13:50:21.804548+00:00;2024-10-13;24.71984100341797
456;hybas_1121132210;2024-10-08;2024-10-08 13:36:34.854885+00:00;2024-10-07;26.710275650024414
457;hybas_1121132210;2024-10-08;2024-10-08 13:36:34.854885+00:00;2024-10-08;26.315351486206055
458;hybas_1121132210;2024-10-08;2024-10-08 13:36:34.854885+00:00;2024-10-09;25.847023010253906
459;hybas_1121132210;2024-10-08;2024-10-08 13:36:34.854885+00:00;2024-10-10;25.235763549804688
460;hybas_1121132210;2024-10-08;2024-10-08 13:36:34.854885+00:00;2024-10-11;24.978994369506836
461;hybas_1121132210;2024-10-08;2024-10-08 13:36:34.854885+00:00;2024-10-12;24.685823440551758
462;hybas_1121132210;2024-10-08;2024-10-08 13:36:34.854885+00:00;2024-10-13;24.67284393310547
463;hybas_1121132210;2024-10-08;2024-10-08 13:36:34.854885+00:00;2024-10-14;24.620027542114258
464;hybas_1121132210;2024-10-09;2024-10-09 13:53:32.498897+00:00;2024-10-08;26.638662338256836
465;hybas_1121132210;2024-10-09;2024-10-09 13:53:32.498897+00:00;2024-10-09;26.077531814575195
466;hybas_1121132210;2024-10-09;2024-10-09 13:53:32.498897+00:00;2024-10-10;25.864479064941406
467;hybas_1121132210;2024-10-09;2024-10-09 13:53:32.498897+00:00;2024-10-11;25.094026565551758
468;hybas_1121132210;2024-10-09;2024-10-09 13:53:32.498897+00:00;2024-10-12;24.937368392944336
469;hybas_1121132210;2024-10-09;2024-10-09 13:53:32.498897+00:00;2024-10-13;24.8897762298584
470;hybas_1121132210;2024-10-09;2024-10-09 13:53:32.498897+00:00;2024-10-14;24.734312057495117
471;hybas_1121132210;2024-10-09;2024-10-09 13:53:32.498897+00:00;2024-10-15;24.376388549804688
472;hybas_1121132210;2024-10-09;2024-10-09 23:32:49.360897+00:00;2024-10-09;25.876264572143555
473;hybas_1121132210;2024-10-09;2024-10-09 23:32:49.360897+00:00;2024-10-10;25.561161041259766
474;hybas_1121132210;2024-10-09;2024-10-09 23:32:49.360897+00:00;2024-10-11;25.222036361694336
475;hybas_1121132210;2024-10-09;2024-10-09 23:32:49.360897+00:00;2024-10-12;24.499177932739258
476;hybas_1121132210;2024-10-09;2024-10-09 23:32:49.360897+00:00;2024-10-13;24.531553268432617
477;hybas_1121132210;2024-10-09;2024-10-09 23:32:49.360897+00:00;2024-10-14;24.2828426361084
478;hybas_1121132210;2024-10-09;2024-10-09 23:32:49.360897+00:00;2024-10-15;23.83346176147461
479;hybas_1121132210;2024-10-09;2024-10-09 23:32:49.360897+00:00;2024-10-16;23.96639633178711
480;hybas_1121129140;2024-10-01;2024-10-01 13:35:43.230183+00:00;2024-09-30;57.488136291503906
481;hybas_1121129140;2024-10-01;2024-10-01 13:35:43.230183+00:00;2024-10-01;55.404117584228516
482;hybas_1121129140;2024-10-01;2024-10-01 13:35:43.230183+00:00;2024-10-02;57.01142501831055
483;hybas_1121129140;2024-10-01;2024-10-01 13:35:43.230183+00:00;2024-10-03;56.29613494873047
484;hybas_1121129140;2024-10-01;2024-10-01 13:35:43.230183+00:00;2024-10-04;56.95633316040039
485;hybas_1121129140;2024-10-01;2024-10-01 13:35:43.230183+00:00;2024-10-05;58.98702621459961
486;hybas_1121129140;2024-10-01;2024-10-01 13:35:43.230183+00:00;2024-10-06;63.00301742553711
487;hybas_1121129140;2024-10-01;2024-10-01 13:35:43.230183+00:00;2024-10-07;66.76280212402344
488;hybas_1121129140;2024-10-02;2024-10-02 13:56:01.647312+00:00;2024-10-01;55.928428649902344
489;hybas_1121129140;2024-10-02;2024-10-02 13:56:01.647312+00:00;2024-10-02;56.427616119384766
490;hybas_1121129140;2024-10-02;2024-10-02 13:56:01.647312+00:00;2024-10-03;56.8210334777832
491;hybas_1121129140;2024-10-02;2024-10-02 13:56:01.647312+00:00;2024-10-04;55.65180206298828
492;hybas_1121129140;2024-10-02;2024-10-02 13:56:01.647312+00:00;2024-10-05;55.482566833496094
493;hybas_1121129140;2024-10-02;2024-10-02 13:56:01.647312+00:00;2024-10-06;55.88553237915039
494;hybas_1121129140;2024-10-02;2024-10-02 13:56:01.647312+00:00;2024-10-07;56.91006088256836
495;hybas_1121129140;2024-10-02;2024-10-02 13:56:01.647312+00:00;2024-10-08;59.74785614013672
496;hybas_1121129140;2024-10-03;2024-10-03 13:44:07.577341+00:00;2024-10-02;57.37604904174805
497;hybas_1121129140;2024-10-03;2024-10-03 13:44:07.577341+00:00;2024-10-03;57.15333557128906
498;hybas_1121129140;2024-10-03;2024-10-03 13:44:07.577341+00:00;2024-10-04;56.37972640991211
499;hybas_1121129140;2024-10-03;2024-10-03 13:44:07.577341+00:00;2024-10-05;54.904048919677734
500;hybas_1121129140;2024-10-03;2024-10-03 13:44:07.577341+00:00;2024-10-06;54.60993957519531
501;hybas_1121129140;2024-10-03;2024-10-03 13:44:07.577341+00:00;2024-10-07;55.43232345581055
502;hybas_1121129140;2024-10-03;2024-10-03 13:44:07.577341+00:00;2024-10-08;56.671043395996094
503;hybas_1121129140;2024-10-03;2024-10-03 13:44:07.577341+00:00;2024-10-09;57.103389739990234
504;hybas_1121129140;2024-10-04;2024-10-04 13:58:16.959388+00:00;2024-10-03;56.872745513916016
505;hybas_1121129140;2024-10-04;2024-10-04 13:58:16.959388+00:00;2024-10-04;58.123069763183594
506;hybas_1121129140;2024-10-04;2024-10-04 13:58:16.959388+00:00;2024-10-05;59.23191833496094
507;hybas_1121129140;2024-10-04;2024-10-04 13:58:16.959388+00:00;2024-10-06;59.79765701293945
508;hybas_1121129140;2024-10-04;2024-10-04 13:58:16.959388+00:00;2024-10-07;61.58110427856445
509;hybas_1121129140;2024-10-04;2024-10-04 13:58:16.959388+00:00;2024-10-08;62.3569221496582
510;hybas_1121129140;2024-10-04;2024-10-04 13:58:16.959388+00:00;2024-10-09;63.64059066772461
511;hybas_1121129140;2024-10-04;2024-10-04 13:58:16.959388+00:00;2024-10-10;65.05883026123047
512;hybas_1121129140;2024-10-05;2024-10-05 13:48:23.836419+00:00;2024-10-04;56.82088851928711
513;hybas_1121129140;2024-10-05;2024-10-05 13:48:23.836419+00:00;2024-10-05;56.6932258605957
514;hybas_1121129140;2024-10-05;2024-10-05 13:48:23.836419+00:00;2024-10-06;56.61712646484375
515;hybas_1121129140;2024-10-05;2024-10-05 13:48:23.836419+00:00;2024-10-07;56.531185150146484
516;hybas_1121129140;2024-10-05;2024-10-05 13:48:23.836419+00:00;2024-10-08;56.217979431152344
517;hybas_1121129140;2024-10-05;2024-10-05 13:48:23.836419+00:00;2024-10-09;55.17802810668945
518;hybas_1121129140;2024-10-05;2024-10-05 13:48:23.836419+00:00;2024-10-10;55.8564453125
519;hybas_1121129140;2024-10-05;2024-10-05 13:48:23.836419+00:00;2024-10-11;56.98130798339844
520;hybas_1121129140;2024-10-06;2024-10-06 13:33:32.398795+00:00;2024-10-05;55.89596176147461
521;hybas_1121129140;2024-10-06;2024-10-06 13:33:32.398795+00:00;2024-10-06;55.089298248291016
522;hybas_1121129140;2024-10-06;2024-10-06 13:33:32.398795+00:00;2024-10-07;56.378108978271484
523;hybas_1121129140;2024-10-06;2024-10-06 13:33:32.398795+00:00;2024-10-08;55.51327133178711
524;hybas_1121129140;2024-10-06;2024-10-06 13:33:32.398795+00:00;2024-10-09;54.25222396850586
525;hybas_1121129140;2024-10-06;2024-10-06 13:33:32.398795+00:00;2024-10-10;54.644168853759766
526;hybas_1121129140;2024-10-06;2024-10-06 13:33:32.398795+00:00;2024-10-11;57.0412483215332
527;hybas_1121129140;2024-10-06;2024-10-06 13:33:32.398795+00:00;2024-10-12;57.85011672973633
528;hybas_1121129140;2024-10-07;2024-10-07 13:55:25.662154+00:00;2024-10-06;55.86114501953125
529;hybas_1121129140;2024-10-07;2024-10-07 13:55:25.662154+00:00;2024-10-07;55.21343231201172
530;hybas_1121129140;2024-10-07;2024-10-07 13:55:25.662154+00:00;2024-10-08;55.3726806640625
531;hybas_1121129140;2024-10-07;2024-10-07 13:55:25.662154+00:00;2024-10-09;53.911399841308594
532;hybas_1121129140;2024-10-07;2024-10-07 13:55:25.662154+00:00;2024-10-10;54.71571350097656
533;hybas_1121129140;2024-10-07;2024-10-07 13:55:25.662154+00:00;2024-10-11;56.98336410522461
534;hybas_1121129140;2024-10-07;2024-10-07 13:55:25.662154+00:00;2024-10-12;58.923561096191406
535;hybas_1121129140;2024-10-07;2024-10-07 13:55:25.662154+00:00;2024-10-13;59.341365814208984
536;hybas_1121129140;2024-10-08;2024-10-08 13:36:34.865420+00:00;2024-10-07;55.47052001953125
537;hybas_1121129140;2024-10-08;2024-10-08 13:36:34.865420+00:00;2024-10-08;54.68221664428711
538;hybas_1121129140;2024-10-08;2024-10-08 13:36:34.865420+00:00;2024-10-09;54.39912796020508
539;hybas_1121129140;2024-10-08;2024-10-08 13:36:34.865420+00:00;2024-10-10;53.60054397583008
540;hybas_1121129140;2024-10-08;2024-10-08 13:36:34.865420+00:00;2024-10-11;54.76757049560547
541;hybas_1121129140;2024-10-08;2024-10-08 13:36:34.865420+00:00;2024-10-12;57.0499153137207
542;hybas_1121129140;2024-10-08;2024-10-08 13:36:34.865420+00:00;2024-10-13;58.18168258666992
543;hybas_1121129140;2024-10-08;2024-10-08 13:36:34.865420+00:00;2024-10-14;60.13877487182617
544;hybas_1121129140;2024-10-09;2024-10-09 13:57:48.953175+00:00;2024-10-08;55.024803161621094
545;hybas_1121129140;2024-10-09;2024-10-09 13:57:48.953175+00:00;2024-10-09;52.84000778198242
546;hybas_1121129140;2024-10-09;2024-10-09 13:57:48.953175+00:00;2024-10-10;53.758174896240234
547;hybas_1121129140;2024-10-09;2024-10-09 13:57:48.953175+00:00;2024-10-11;53.20227813720703
548;hybas_1121129140;2024-10-09;2024-10-09 13:57:48.953175+00:00;2024-10-12;53.939456939697266
549;hybas_1121129140;2024-10-09;2024-10-09 13:57:48.953175+00:00;2024-10-13;54.90272521972656
550;hybas_1121129140;2024-10-09;2024-10-09 13:57:48.953175+00:00;2024-10-14;56.73626708984375
551;hybas_1121129140;2024-10-09;2024-10-09 13:57:48.953175+00:00;2024-10-15;58.296417236328125
552;hybas_1121129140;2024-10-09;2024-10-09 23:35:07.664997+00:00;2024-10-09;53.634918212890625
553;hybas_1121129140;2024-10-09;2024-10-09 23:35:07.664997+00:00;2024-10-10;52.677528381347656
554;hybas_1121129140;2024-10-09;2024-10-09 23:35:07.664997+00:00;2024-10-11;54.05051803588867
555;hybas_1121129140;2024-10-09;2024-10-09 23:35:07.664997+00:00;2024-10-12;52.72821044921875
556;hybas_1121129140;2024-10-09;2024-10-09 23:35:07.664997+00:00;2024-10-13;54.23180389404297
557;hybas_1121129140;2024-10-09;2024-10-09 23:35:07.664997+00:00;2024-10-14;56.325809478759766
558;hybas_1121129140;2024-10-09;2024-10-09 23:35:07.664997+00:00;2024-10-15;59.578033447265625
559;hybas_1121129140;2024-10-09;2024-10-09 23:35:07.664997+00:00;2024-10-16;61.01786422729492
