admin_unit;events;event;flood_start;flood_end;duration
ABEIBARA;0;0;2000-08-25;2000-08-26;2
AGUELHOK;0;0;2013-08-09;2013-08-10;2
AGUELHOK;1;1;2013-08-09;2013-08-10;2
AGUELHOK;2;2;2019-08-07;2019-08-07;1
ANSONGO;0;0;1998-08-17;1998-08-17;1
ANSONGO;1;1;2005-06-06;2005-06-07;2
ANSONGO;2;2;2006-07-29;2006-07-29;1
ANSONGO;3;3;2009-06-04;2009-06-04;1
ANSONGO;4;4;2010-08-28;2010-08-28;1
ANSONGO;5;5;2019-08-07;2019-08-07;1
ASANGO;0;0;1998-06-17;1998-06-18;2
BAFOULABE;0;0;1954-08-20;1954-08-20;1
BAFOULABE;1;1;2007-08-15;2007-08-15;1
BAFOULABE;2;2;2009-09-05;2009-09-05;1
BAFOULABE;3;3;2010-05-08;2010-05-08;1
BAFOULABE;4;4;2010-06-10;2010-06-10;1
BAFOULABE;5;5;2010-08-21;2010-08-21;1
BAFOULABE;6;6;2010-09-05;2010-09-05;1
BAFOULABE;7;7;2010-09-12;2010-09-12;1
BAFOULABE;8;8;2010-09-21;2010-09-21;1
BAFOULABE;9;9;2012-06-24;2012-06-24;1
BAFOULABE;10;10;2012-08-09;2012-08-09;1
BAFOULABE;11;11;2012-08-09;2012-08-09;1
BAFOULABE;12;12;2012-08-09;2012-08-09;1
BAFOULABE;13;13;2012-08-24;2012-08-24;1
BAFOULABE;14;14;2012-08-26;2012-08-26;1
BAFOULABE;15;15;2012-08-30;2012-08-30;1
BAFOULABE;16;16;2012-08-30;2012-08-30;1
BAFOULABE;17;17;2012-09-24;2012-09-24;1
BAFOULABE;18;18;2012-09-24;2012-09-24;1
BAFOULABE;19;19;2013-05-17;2013-05-17;1
BAFOULABE;20;20;2017-06-22;2017-06-22;1
BAMAKO;0;0;1999-08-04;1999-08-05;2
BAMAKO;1;1;1999-08-04;1999-08-05;2
BAMAKO;2;2;1999-08-04;1999-08-05;2
BAMAKO;3;3;2013-08-29;2013-08-30;2
BAMAKO;4;4;2013-08-31;2013-08-31;1
BAMAKO;5;5;2013-09-08;2013-09-08;1
BAMAKO;6;6;2014-06-05;2014-06-05;1
BAMAKO;7;7;2016-08-01;2016-08-01;1
BAMAKO;8;8;2016-08-04;2016-08-04;1
BAMAKO;9;9;2017-07-18;2017-07-18;1
BAMAKO;10;10;2017-08-24;2017-08-24;1
BAMAKO;11;11;2017-10-07;2017-10-08;2
BAMAKO;12;12;2017-11-30;2017-11-30;1
BAMAKO;13;13;2018-09-19;2018-09-19;1
BAMAKO;14;14;2019-05-16;2019-05-17;2
BAMAKO;15;15;2022-06-17;2022-06-18;2
BAMAKO;16;16;2022-08-12;2022-08-13;2
BAMAKO;17;17;2022-08-12;2022-08-13;2
BAMAKO;18;18;2022-08-12;2022-08-13;2
BAMAKO;19;19;2022-08-12;2022-08-13;2
BANAMBA;0;0;2007-08-06;2007-08-06;1
BANAMBA;1;1;2007-08-31;2007-08-31;1
BANAMBA;2;2;2007-08-31;2007-08-31;1
BANAMBA;3;3;2009-09-02;2009-09-02;1
BANAMBA;4;4;2009-09-02;2009-09-02;1
BANAMBA;5;5;2010-07-01;2010-07-01;1
BANAMBA;6;6;2010-07-02;2010-07-02;1
BANAMBA;7;7;2010-08-24;2010-08-24;1
BANAMBA;8;8;2012-05-14;2012-05-14;1
BANAMBA;9;9;2012-05-14;2012-05-14;1
BANAMBA;10;10;2014-06-22;2014-06-22;1
BANDIAGAR;0;0;2007-07-04;2007-07-18;15
BANDIAGAR;1;1;2007-07-04;2007-07-04;1
BANDIAGAR;2;2;2007-07-04;2007-07-04;1
BANDIAGAR;3;3;2007-07-04;2007-07-04;1
BANDIAGAR;4;4;2010-08-12;2010-08-12;1
BANDIAGAR;5;5;2013-08-26;2013-08-26;1
BANDIAGAR;6;6;2013-09-26;2013-09-26;1
BANDIAGARA;0;0;2022-08-24;2022-08-25;2
BANDIAGARA;1;1;2022-09-06;2022-09-07;2
BANDIAGARA;2;2;2022-09-06;2022-09-07;2
BANDIAGARA;3;3;2022-09-23;2022-09-24;2
BANKASS;0;0;2010-08-01;2010-08-01;1
BANKASS;1;1;2010-08-13;2010-08-13;1
BARAOUELI;0;0;1995-08-10;1995-08-10;1
BARAOUELI;1;1;1999-08-10;1999-08-10;1
BARAOUELI;2;2;1999-08-10;1999-08-10;1
BARAOUELI;3;3;1999-08-11;1999-08-11;1
BARAOUELI;4;4;1999-08-11;1999-08-11;1
BARAOUELI;5;5;1999-08-14;1999-08-14;1
BARAOUELI;6;6;2007-08-28;2007-08-28;1
BARAOUELI;7;7;2010-07-08;2010-07-08;1
BARAOUELI;8;8;2010-07-23;2010-07-23;1
BARAOUELI;9;9;2010-07-23;2010-07-23;1
BARAOUELI;10;10;2010-08-13;2010-08-13;1
BARAOUELI;11;11;2010-08-14;2010-08-14;1
BARAOUELI;12;12;2010-08-15;2010-08-15;1
BARAOUELI;13;13;2010-08-21;2010-08-21;1
BARAOUELI;14;14;2010-08-23;2010-08-23;1
BARAOUELI;15;15;2010-09-01;2010-09-01;1
BARAOUELI;16;16;2010-09-01;2010-09-01;1
BARAOUELI;17;17;2010-09-15;2010-09-15;1
BARAOUELI;18;18;2012-08-14;2012-08-14;1
BARAOUELI;19;19;2012-08-14;2012-08-14;1
BARAOUELI;20;20;2012-08-24;2012-08-24;1
BARAOUELI;21;21;2012-09-03;2012-09-03;1
BAROUELI;0;0;2022-09-15;2022-09-16;2
BIRAMABOUGOU;0;0;2019-08-07;2019-08-07;1
BLA;0;0;1999-07-12;1999-07-12;1
BLA;1;1;2006-08-11;2006-08-11;1
BLA;2;2;2007-07-22;2007-07-23;2
BLA;3;3;2008-07-19;2008-07-19;1
BLA;4;4;2008-08-19;2008-08-19;1
BLA;5;5;2009-07-25;2009-07-25;1
BLA;6;6;2009-09-07;2009-09-07;1
BLA;7;7;2009-09-07;2009-09-07;1
BLA;8;8;2009-09-07;2009-09-07;1
BLA;9;9;2009-09-07;2009-09-07;1
BLA;10;10;2009-09-07;2009-09-07;1
BLA;11;11;2010-08-08;2010-08-08;1
BLA;12;12;2010-09-15;2010-09-15;1
BLA;13;13;2010-09-16;2010-09-16;1
BLA;14;14;2010-09-17;2010-09-17;1
BLA;15;15;2010-09-17;2010-09-17;1
BLA;16;16;2010-09-20;2010-09-20;1
BLA;17;17;2010-09-20;2010-09-20;1
BLA;18;18;2010-09-24;2010-09-24;1
BLA;19;19;2012-08-19;2012-08-19;1
BLA;20;20;2012-08-19;2012-08-19;1
BLA;21;21;2012-08-19;2012-08-19;1
BLA;22;22;2012-08-19;2012-08-19;1
BLA;23;23;2012-08-19;2012-08-19;1
BLA;24;24;2012-08-19;2012-08-19;1
BLA;25;25;2016-07-20;2016-07-20;1
BLA;26;26;2017-08-11;2017-08-11;1
BLA;27;27;2017-08-24;2017-08-24;1
BLA;28;28;2017-08-24;2017-08-24;1
BLA;29;29;2017-11-08;2017-11-09;2
BLA;30;30;2017-11-08;2017-11-09;2
BLA;31;31;2022-09-15;2022-09-16;2
BOUGOUNI;0;0;1999-08-06;1999-08-06;1
BOUGOUNI;1;1;1999-08-11;1999-08-11;1
BOUGOUNI;2;2;2007-09-08;2007-09-08;1
BOUGOUNI;3;3;2010-09-09;2010-09-09;1
BOUGOUNI;4;4;2010-09-09;2010-09-09;1
BOUGOUNI;5;5;2012-07-23;2012-07-23;1
BOUGOUNI;6;6;2012-09-14;2012-09-14;1
BOUGOUNI;7;7;2017-07-24;2017-07-25;2
BOUGOUNI;8;8;2022-08-04;2022-08-05;2
BOUREM;0;0;2009-08-05;2009-08-05;1
BOUREM;1;1;2011-07-18;2011-07-18;1
BOUREM;2;2;2019-08-07;2019-08-07;1
BOUREM;3;3;2022-08-09;2022-08-10;2
BOUREM;4;4;2022-08-24;2022-08-25;2
BOUREM;5;5;2022-08-24;2022-08-25;2
DIEMA;0;0;2012-07-22;2012-07-22;1
DIEMA;1;1;2012-07-25;2012-07-25;1
DIEMA;2;2;2012-07-25;2012-07-25;1
DIOILA;0;0;1994-08-05;1994-08-05;1
DIOILA;1;1;2007-08-31;2007-08-31;1
DIOILA;2;2;2007-08-31;2007-08-31;1
DIOILA;3;3;2010-05-07;2010-05-07;1
DIOILA;4;4;2010-07-09;2010-07-09;1
DIOILA;5;5;2010-07-19;2010-07-19;1
DIOILA;6;6;2010-07-19;2010-07-19;1
DIOILA;7;7;2010-07-23;2010-07-23;1
DIOILA;8;8;2011-08-22;2011-08-22;1
DIOILA;9;9;2011-08-22;2011-08-22;1
DIOILA;10;10;2017-05-14;2017-05-14;1
DIOILA;11;11;2017-08-14;2017-08-15;2
DIOILA;12;12;2022-06-17;2022-06-18;2
DIOILA;13;13;2022-06-29;2022-06-30;2
DIOILA;14;14;2022-07-17;2022-07-18;2
DIOILA;15;15;2022-09-01;2022-09-02;2
DIOILA;16;16;2022-09-01;2022-09-02;2
DIOLA;0;0;2017-05-14;2017-05-15;2
DIRE;0;0;1999-08-21;1999-08-21;1
DIRE;1;1;2008-07-25;2008-07-25;1
DIRE;2;2;2018-08-18;2018-08-18;1
DIRE;3;3;2019-08-07;2019-08-07;1
DISTRICT;0;0;1954-08-25;1954-08-25;1
DISTRICT;1;1;1974-08-23;1974-08-23;1
DISTRICT;2;2;1996-08-04;1996-08-04;1
DISTRICT;3;3;1997-05-05;1997-05-05;1
DISTRICT;4;4;1998-08-05;1998-08-05;1
DISTRICT;5;5;1998-09-22;1998-09-22;1
DISTRICT;6;6;1999-08-05;1999-08-05;1
DISTRICT;7;7;1999-08-10;1999-08-10;1
DISTRICT;8;8;1999-08-11;1999-08-11;1
DISTRICT;9;9;1999-08-21;1999-08-21;1
DISTRICT;10;10;2002-08-08;2002-08-08;1
DISTRICT;11;11;2003-07-17;2003-07-17;1
DISTRICT;12;12;2003-08-07;2003-08-07;1
DISTRICT;13;13;2007-01-22;2007-01-22;1
DISTRICT;14;14;2007-02-26;2007-02-26;1
DISTRICT;15;15;2007-04-04;2007-04-04;1
DISTRICT;16;16;2007-09-10;2007-09-10;1
DISTRICT;17;17;2009-09-02;2009-09-02;1
DISTRICT;18;18;2010-08-01;2010-08-01;1
DISTRICT;19;19;2010-08-04;2010-08-04;1
DISTRICT;20;20;2010-08-27;2010-08-27;1
DISTRICT;21;21;2010-09-03;2010-09-03;1
DISTRICT;22;22;2010-09-19;2010-09-19;1
DISTRICT;23;23;2010-09-26;2010-09-26;1
DISTRICT;24;24;2010-11-09;2010-11-09;1
DISTRICT;25;25;2010-11-18;2010-11-18;1
DISTRICT;26;26;2012-08-11;2012-08-11;1
DISTRICT;27;27;2012-08-19;2012-08-19;1
DISTRICT;28;28;2013-09-05;2013-09-05;1
DISTRICT;29;29;2013-09-06;2013-09-06;1
DISTRICT;30;30;2013-09-13;2013-09-13;1
DISTRICT;31;31;2013-09-15;2013-09-15;1
DISTRICT;32;32;2014-06-02;2014-06-02;1
DISTRICT;33;33;2014-08-06;2014-08-06;1
DISTRICT;34;34;2014-08-23;2014-08-23;1
DJENNE;0;0;2003-08-17;2003-08-17;1
DJENNE;1;1;2006-08-23;2006-08-23;1
DJENNE;2;2;2006-08-24;2006-08-24;1
DJENNE;3;3;2009-07-27;2009-07-27;1
DJENNE;4;4;2009-10-31;2009-10-31;1
DJENNE;5;5;2012-08-08;2012-08-08;1
DJENNE;6;6;2012-08-08;2012-08-08;1
DJENNE;7;7;2022-09-05;2022-09-06;2
DJENNE;8;8;2022-09-05;2022-09-06;2
DJENNE;9;9;2022-09-05;2022-09-06;2
DJENNE;10;10;2022-09-23;2022-09-24;2
DOUENTZA;0;0;1994-09-08;1994-09-08;1
DOUENTZA;1;1;1999-08-20;1999-08-20;1
DOUENTZA;2;2;2004-08-15;2004-08-15;1
DOUENTZA;3;3;2006-08-09;2006-08-09;1
DOUENTZA;4;4;2007-07-07;2007-07-07;1
DOUENTZA;5;5;2009-08-06;2009-08-06;1
DOUENTZA;6;6;2009-09-01;2009-09-01;1
DOUENTZA;7;7;2010-06-09;2010-06-09;1
DOUENTZA;8;8;2010-07-22;2010-07-22;1
DOUENTZA;9;9;2010-11-17;2010-11-17;1
DOUENTZA;10;10;2011-07-26;2011-07-26;1
DOUENTZA;11;11;2012-08-30;2012-08-30;1
DOUENTZA;12;12;2013-09-14;2013-09-14;1
DOUENTZA;13;13;2016-07-18;2016-07-18;1
DOUENTZA;14;14;2017-06-20;2017-06-21;2
DOUENTZA;15;15;2022-08-31;2022-09-01;2
ESSOUK;0;0;2019-08-07;2019-08-07;1
GAO;0;0;2008-08-18;2008-08-18;1
GAO;1;1;2009-09-02;2009-09-02;1
GAO;2;2;2010-06-14;2010-06-14;1
GAO;3;3;2010-07-20;2010-07-20;1
GAO;4;4;2010-08-01;2010-08-01;1
GAO;5;5;2010-08-28;2010-08-28;1
GAO;6;6;2015-09-03;2015-09-03;1
GAO;7;7;2016-08-01;2016-08-01;1
GAO;8;8;2016-08-02;2016-08-02;1
GAO;9;9;2017-11-30;2017-11-30;1
GAO;10;10;2018-08-31;2018-08-31;1
GAO;11;11;2019-08-07;2019-08-07;1
GOUMERA;0;0;2019-08-07;2019-08-07;1
GOUNDAM;0;0;1999-08-21;1999-08-21;1
GOUNDAM;1;1;1999-08-21;1999-08-21;1
GOUNDAM;2;2;1999-08-21;1999-08-21;1
GOUNDAM;3;3;1999-08-21;1999-08-21;1
GOUNDAM;4;4;2002-08-28;2002-08-28;1
GOUNDAM;5;5;2004-06-01;2004-06-01;1
GOUNDAM;6;6;2010-08-31;2010-08-31;1
GOUNDAM;7;7;2011-03-21;2011-03-21;1
GOUNDAM;8;8;2011-03-28;2011-03-28;1
GOUNDAM;9;9;2011-07-15;2011-07-15;1
GOUNDAM;10;10;2022-08-12;2022-08-13;2
GOURMA-RH;0;0;1999-08-21;1999-08-21;1
GOURMA-RH;1;1;1999-08-22;1999-08-22;1
GOURMA-RH;2;2;2001-06-01;2001-06-01;1
GOURMA-RH;3;3;2009-08-26;2009-08-26;1
GOURMA-RH;4;4;2010-07-02;2010-07-02;1
GOURMA-RH;5;5;2010-07-22;2010-07-22;1
GOURMA-RH;6;6;2011-08-20;2011-08-20;1
GOURMA-RH;7;7;2022-08-12;2022-08-13;2
GOURMA-RH;8;8;2022-08-12;2022-08-13;2
GOURMA-RH;9;9;2022-08-12;2022-08-13;2
GOURMA-RH;10;10;2022-09-06;2022-09-07;2
GOURMA-RH;11;11;2022-09-06;2022-09-07;2
GOURMA-RH;12;12;2022-09-06;2022-09-07;2
INTACHDAYTE;0;0;2019-08-07;2019-08-07;1
KADIOLO;0;0;2007-09-06;2007-09-06;1
KADIOLO;1;1;2008-06-17;2008-06-17;1
KADIOLO;2;2;2022-08-04;2022-08-05;2
KANGABA;0;0;1997-07-31;1997-07-31;1
KANGABA;1;1;1999-08-18;1999-08-18;1
KANGABA;2;2;1999-08-19;1999-08-19;1
KANGABA;3;3;2007-08-31;2007-08-31;1
KANGABA;4;4;2009-09-02;2009-09-02;1
KANGABA;5;5;2010-09-04;2010-09-04;1
KANGABA;6;6;2011-08-10;2011-08-10;1
KANGABA;7;7;2011-08-10;2011-08-10;1
KANGABA;8;8;2011-08-19;2011-08-19;1
KANGABA;9;9;2011-08-21;2011-08-21;1
KATI;0;0;1995-05-25;1995-05-25;1
KATI;1;1;1999-08-05;1999-08-05;1
KATI;2;2;1999-08-17;1999-08-17;1
KATI;3;3;1999-08-20;1999-08-20;1
KATI;4;4;2005-08-18;2005-08-18;1
KATI;5;5;2007-08-24;2007-08-24;1
KATI;6;6;2009-09-18;2009-09-18;1
KATI;7;7;2010-07-27;2010-07-27;1
KATI;8;8;2010-08-01;2010-08-01;1
KATI;9;9;2010-09-01;2010-09-01;1
KATI;10;10;2010-09-03;2010-09-03;1
KATI;11;11;2010-09-18;2010-09-18;1
KATI;12;12;2011-08-10;2011-08-10;1
KATI;13;13;2011-08-19;2011-08-19;1
KATI;14;14;2013-08-28;2013-08-28;1
KATI;15;15;2013-09-03;2013-09-03;1
KATI;16;16;2022-06-17;2022-06-18;2
KATI;17;17;2022-08-12;2022-08-13;2
KATI;18;18;2022-08-12;2022-08-13;2
KATI;19;19;2022-08-12;2022-08-13;2
KAYES;0;0;1906-08-21;1906-08-21;1
KAYES;1;1;1995-07-17;1995-07-17;1
KAYES;2;2;1998-08-13;1998-08-13;1
KAYES;3;3;1999-08-01;1999-08-01;1
KAYES;4;4;1999-08-05;1999-08-05;1
KAYES;5;5;2004-01-31;2004-01-31;1
KAYES;6;6;2004-08-15;2004-08-15;1
KAYES;7;7;2005-09-21;2005-09-27;7
KAYES;8;8;2007-07-16;2007-07-16;1
KAYES;9;9;2007-08-15;2007-08-15;1
KAYES;10;10;2007-08-30;2007-08-30;1
KAYES;11;11;2008-08-18;2008-08-19;2
KAYES;12;12;2009-09-05;2009-09-05;1
KAYES;13;13;2010-04-04;2010-04-04;1
KAYES;14;14;2010-08-13;2010-08-13;1
KAYES;15;15;2010-09-12;2010-09-12;1
KAYES;16;16;2010-09-14;2010-09-14;1
KAYES;17;17;2011-08-30;2011-08-30;1
KAYES;18;18;2011-08-31;2011-08-31;1
KAYES;19;19;2012-06-02;2012-06-02;1
KAYES;20;20;2012-06-02;2012-06-02;1
KAYES;21;21;2012-06-02;2012-06-02;1
KAYES;22;22;2012-08-14;2012-08-14;1
KAYES;23;23;2012-08-14;2012-08-14;1
KAYES;24;24;2012-08-21;2012-08-21;1
KAYES;25;25;2013-06-28;2013-06-28;1
KAYES;26;26;2013-06-28;2013-06-28;1
KAYES;27;27;2013-06-28;2013-06-28;1
KAYES;28;28;2013-09-09;2013-09-09;1
KAYES;29;29;2014-08-15;2014-08-15;1
KAYES;30;30;2017-06-22;2017-06-23;2
KAYES;31;31;2019-08-07;2019-08-07;1
KAYES;32;32;2022-06-20;2022-06-21;2
KENEKOUN;0;0;2019-08-07;2019-08-07;1
KENIEBA;0;0;2010-09-12;2010-09-12;1
KENIEBA;1;1;2010-09-12;2010-09-12;1
KENIEBA;2;2;2012-08-08;2012-08-08;1
KIDAL;0;0;2004-08-15;2004-08-15;1
KIDAL;1;1;2010-08-01;2010-08-01;1
KIDAL;2;2;2016-08-01;2016-08-01;1
KIDAL;3;3;2018-09-19;2018-09-19;1
KIDAL;4;4;2022-05-01;2022-05-02;2
KITA;0;0;2007-08-27;2007-08-27;1
KITA;1;1;2007-08-27;2007-08-27;1
KITA;2;2;2007-08-27;2007-08-27;1
KITA;3;3;2007-08-27;2007-08-27;1
KITA;4;4;2007-08-27;2007-08-27;1
KITA;5;5;2007-08-27;2007-08-27;1
KITA;6;6;2007-08-27;2007-08-27;1
KITA;7;7;2007-08-27;2007-08-27;1
KITA;8;8;2007-08-27;2007-08-27;1
KITA;9;9;2009-05-09;2009-05-09;1
KITA;10;10;2009-05-16;2009-05-16;1
KITA;11;11;2009-05-23;2009-05-23;1
KITA;12;12;2009-06-08;2009-06-08;1
KITA;13;13;2009-06-11;2009-06-11;1
KITA;14;14;2009-06-11;2009-06-11;1
KITA;15;15;2009-08-07;2009-08-07;1
KITA;16;16;2009-09-04;2009-09-04;1
KITA;17;17;2009-09-05;2009-09-05;1
KITA;18;18;2009-09-05;2009-09-05;1
KITA;19;19;2010-09-12;2010-09-12;1
KITA;20;20;2010-09-12;2010-09-12;1
KITA;21;21;2012-08-01;2012-08-01;1
KITA;22;22;2012-08-24;2012-08-24;1
KITA;23;23;2013-08-13;2013-08-13;1
KITA;24;24;2014-06-02;2014-06-02;1
KITA;25;25;2019-08-07;2019-08-07;1
KOLOKANI;0;0;2009-09-02;2009-09-02;1
KOLOKANI;1;1;2010-05-07;2010-05-07;1
KOLOKANI;2;2;2010-05-07;2010-05-07;1
KOLOKANI;3;3;2010-05-08;2010-05-08;1
KOLOKANI;4;4;2010-09-01;2010-09-01;1
KOLOKANI;5;5;2019-08-07;2019-08-07;1
KOLONDIEB;0;0;1999-08-20;1999-08-20;1
KOLONDIEB;1;1;2012-07-06;2012-07-06;1
KOLONDIEB;2;2;2012-08-23;2012-09-06;15
KOLONDIEB;3;3;2012-08-24;2012-08-24;1
KORO;0;0;2010-08-13;2010-08-13;1
KORO;1;1;2010-09-03;2010-09-03;1
KORO;2;2;2012-08-19;2012-08-19;1
KORO;3;3;2012-08-23;2012-08-23;1
KORO;4;4;2017-07-20;2017-07-21;2
KORO;5;5;2022-09-06;2022-09-07;2
KORO;6;6;2022-09-06;2022-09-07;2
KORO;7;7;2022-09-17;2022-09-18;2
KORO;8;8;2022-09-17;2022-09-18;2
KOULIKORO;0;0;1906-08-17;1906-08-17;1
KOULIKORO;1;1;1994-09-21;1994-09-21;1
KOULIKORO;2;2;1996-08-11;1996-08-11;1
KOULIKORO;3;3;1999-08-02;1999-08-02;1
KOULIKORO;4;4;2009-08-12;2009-08-12;1
KOULIKORO;5;5;2009-09-02;2009-09-02;1
KOULIKORO;6;6;2009-09-02;2009-09-02;1
KOULIKORO;7;7;2009-09-02;2009-09-02;1
KOULIKORO;8;8;2009-09-02;2009-09-02;1
KOULIKORO;9;9;2009-09-18;2009-09-18;1
KOULIKORO;10;10;2010-05-17;2010-05-17;1
KOULIKORO;11;11;2010-09-06;2010-09-06;1
KOULIKORO;12;12;2010-09-11;2010-09-11;1
KOULIKORO;13;13;2012-09-03;2012-09-03;1
KOULIKORO;14;14;2016-07-27;2016-07-27;1
KOULIKORO;15;15;2016-08-01;2016-08-01;1
KOULIKORO;16;16;2016-08-02;2016-08-02;1
KOULIKORO;17;17;2016-08-04;2016-08-04;1
KOURY;0;0;2019-08-07;2019-08-07;1
KOUTIALA;0;0;1999-08-04;1999-08-05;2
KOUTIALA;1;1;1999-08-04;1999-08-05;2
KOUTIALA;2;2;1999-08-04;1999-08-05;2
KOUTIALA;3;3;1999-08-15;1999-08-15;1
KOUTIALA;4;4;2006-08-09;2006-08-09;1
KOUTIALA;5;5;2009-08-21;2009-08-21;1
KOUTIALA;6;6;2010-08-01;2010-08-01;1
KOUTIALA;7;7;2010-08-11;2010-08-11;1
KOUTIALA;8;8;2010-08-13;2010-08-13;1
KOUTIALA;9;9;2010-09-01;2010-09-01;1
KOUTIALA;10;10;2010-09-03;2010-09-03;1
KOUTIALA;11;11;2010-09-03;2010-09-03;1
KOUTIALA;12;12;2012-08-14;2012-08-14;1
KOUTIALA;13;13;2012-08-20;2012-08-20;1
KOUTIALA;14;14;2012-08-21;2012-08-21;1
KOUTIALA;15;15;2012-08-24;2012-08-24;1
KOUTIALA;16;16;2012-09-01;2012-09-01;1
KOUTIALA;17;17;2012-09-05;2012-09-05;1
KOUTIALA;18;18;2012-09-08;2012-09-08;1
KOUTIALA;19;19;2012-10-06;2012-10-06;1
KOUTIALA;20;20;2014-07-03;2014-07-03;1
KOUTIALA;21;21;2014-08-04;2014-08-04;1
KOUTIALA;22;22;2019-08-07;2019-08-07;1
MACINA;0;0;2006-08-23;2006-08-23;1
MACINA;1;1;2006-08-23;2006-08-23;1
MACINA;2;2;2008-07-19;2008-07-19;1
MACINA;3;3;2009-09-03;2009-09-03;1
MACINA;4;4;2009-09-13;2009-09-13;1
MACINA;5;5;2009-09-18;2009-09-18;1
MACINA;6;6;2010-06-25;2010-06-25;1
MACINA;7;7;2010-08-08;2010-08-08;1
MACINA;8;8;2010-09-11;2010-09-11;1
MACINA;9;9;2010-09-11;2010-09-11;1
MACINA;10;10;2010-09-14;2010-09-14;1
MACINA;11;11;2010-09-28;2010-09-28;1
MACINA;12;12;2015-07-31;2015-07-31;1
MENAKA;0;0;2012-08-07;2012-08-07;1
MENAKA;1;1;2016-08-01;2016-08-01;1
MENAKA;2;2;2018-09-19;2018-09-19;1
MOPTI;0;0;1997-08-27;1997-08-27;1
MOPTI;1;1;1999-08-17;1999-08-17;1
MOPTI;2;2;2001-07-16;2001-07-16;1
MOPTI;3;3;2001-07-27;2001-07-27;1
MOPTI;4;4;2003-09-09;2003-09-09;1
MOPTI;5;5;2007-07-04;2007-07-04;1
MOPTI;6;6;2008-06-25;2008-06-25;1
MOPTI;7;7;2009-09-01;2009-09-01;1
MOPTI;8;8;2010-06-09;2010-06-09;1
MOPTI;9;9;2010-09-09;2010-09-09;1
MOPTI;10;10;2010-09-18;2010-09-18;1
MOPTI;11;11;2010-09-20;2010-09-20;1
MOPTI;12;12;2012-08-22;2012-08-22;1
MOPTI;13;13;2012-08-27;2012-08-27;1
MOPTI;14;14;2014-07-22;2014-07-22;1
MOPTI;15;15;2016-08-01;2016-08-01;1
MOPTI;16;16;2016-08-10;2016-08-10;1
MOPTI;17;17;2016-11-12;2016-11-12;1
MOPTI;18;18;2017-09-08;2017-09-08;1
MOPTI;19;19;2017-09-08;2017-09-09;2
MOPTI;20;20;2017-09-08;2017-09-09;2
MOPTI;21;21;2022-06-06;2022-06-07;2
MOPTI;22;22;2022-06-27;2022-06-28;2
NARA;0;0;2003-08-01;2003-08-01;1
NARA;1;1;2004-06-12;2004-06-12;1
NARA;2;2;2010-08-30;2010-08-30;1
NARA;3;3;2010-09-09;2010-09-09;1
NARA;4;4;2010-09-09;2010-09-09;1
NARA;5;5;2012-07-12;2012-07-12;1
NARA;6;6;2017-03-09;2017-03-10;2
NARA;7;7;2017-07-07;2017-07-08;2
NARA;8;8;2017-07-08;2017-07-08;1
NARA;9;9;2018-09-18;2018-09-18;1
NARA;10;10;2022-06-20;2022-06-21;2
NARA;11;11;2022-06-29;2022-06-30;2
NARA;12;12;2022-08-27;2022-08-28;2
NARA;13;13;2022-08-27;2022-08-28;2
NARA;14;14;2022-08-28;2022-08-29;2
NIAFUNKE;0;0;1999-08-21;1999-08-21;1
NIAFUNKE;1;1;1999-08-21;1999-08-21;1
NIAFUNKE;2;2;1999-08-21;1999-08-21;1
NIAFUNKE;3;3;2009-08-25;2009-08-25;1
NIAFUNKE;4;4;2010-09-18;2010-09-18;1
NIAFUNKE;5;5;2019-08-07;2019-08-07;1
NIAFUNKE;6;6;2022-07-10;2022-07-11;2
NIANFUNKE;0;0;2017-06-17;2017-06-18;2
NIONO;0;0;1999-08-15;1999-08-15;1
NIONO;1;1;2006-08-11;2006-08-11;1
NIONO;2;2;2007-07-14;2007-07-14;1
NIONO;3;3;2007-08-05;2007-08-05;1
NIONO;4;4;2009-08-30;2009-08-30;1
NIONO;5;5;2009-08-30;2009-08-30;1
NIONO;6;6;2009-08-31;2009-08-31;1
NIONO;7;7;2009-09-07;2009-09-07;1
NIONO;8;8;2009-09-13;2009-09-13;1
NIONO;9;9;2010-08-01;2010-08-01;1
NIONO;10;10;2010-08-29;2010-08-29;1
NIONO;11;11;2010-08-29;2010-08-29;1
NIONO;12;12;2010-09-13;2010-09-13;1
NIONO;13;13;2010-09-13;2010-09-13;1
NIONO;14;14;2010-09-13;2010-09-13;1
NIONO;15;15;2010-09-13;2010-09-13;1
NIONO;16;16;2010-09-13;2010-09-13;1
NIONO;17;17;2010-09-24;2010-09-24;1
NIONO;18;18;2012-09-03;2012-09-03;1
NIONO;19;19;2012-09-03;2012-09-03;1
NIONO;20;20;2012-09-03;2012-09-03;1
NIONO;21;21;2012-09-03;2012-09-03;1
NIONO;22;22;2013-08-09;2013-08-10;2
NIONO;23;23;2013-08-09;2013-08-10;2
NIONO;24;24;2013-08-11;2013-08-11;1
NIONO;25;25;2013-09-03;2013-09-03;1
NIONO;26;26;2013-09-04;2013-09-04;1
NIONO;27;27;2017-08-08;2017-08-09;2
NIORO;0;0;2004-08-15;2004-08-15;1
NIORO;1;1;2009-08-15;2009-08-15;1
NIORO;2;2;2009-08-25;2009-08-25;1
NIORO;3;3;2009-08-27;2009-08-27;1
NIORO;4;4;2009-08-27;2009-08-27;1
NIORO;5;5;2010-09-12;2010-09-12;1
NIORO;6;6;2012-08-03;2012-08-03;1
NIORO;7;7;2012-08-30;2012-08-30;1
NIORO;8;8;2017-06-18;2017-06-19;2
SAN;0;0;2006-08-08;2006-08-08;1
SAN;1;1;2007-07-08;2007-07-08;1
SAN;2;2;2007-07-08;2007-07-08;1
SAN;3;3;2009-09-01;2009-09-01;1
SAN;4;4;2010-06-10;2010-06-10;1
SAN;5;5;2010-09-06;2010-09-06;1
SAN;6;6;2010-09-06;2010-09-06;1
SAN;7;7;2010-09-06;2010-09-06;1
SAN;8;8;2010-09-14;2010-09-14;1
SAN;9;9;2012-08-27;2012-08-27;1
SAN;10;10;2012-08-27;2012-08-27;1
SAN;11;11;2012-08-27;2012-08-27;1
SAN;12;12;2012-08-27;2012-08-27;1
SAN;13;13;2012-09-08;2012-09-08;1
SAN;14;14;2013-08-07;2013-08-07;1
SAN;15;15;2013-09-07;2013-09-07;1
SAN;16;16;2017-05-27;2017-05-28;2
SAN;17;17;2022-09-04;2022-09-05;2
SAN;18;18;2022-09-10;2022-09-11;2
SANDIA;0;0;2019-08-07;2019-08-07;1
SEGOU;0;0;2004-08-15;2004-08-15;1
SEGOU;1;1;2007-07-26;2007-07-26;1
SEGOU;2;2;2007-07-26;2007-07-26;1
SEGOU;3;3;2008-08-02;2008-08-02;1
SEGOU;4;4;2009-07-29;2009-07-29;1
SEGOU;5;5;2009-08-15;2009-08-15;1
SEGOU;6;6;2009-09-07;2009-09-07;1
SEGOU;7;7;2009-09-07;2009-09-07;1
SEGOU;8;8;2009-09-08;2009-09-08;1
SEGOU;9;9;2009-09-08;2009-09-08;1
SEGOU;10;10;2009-09-08;2009-09-08;1
SEGOU;11;11;2010-06-27;2010-06-27;1
SEGOU;12;12;2010-06-27;2010-06-27;1
SEGOU;13;13;2010-07-11;2010-07-11;1
SEGOU;14;14;2010-07-11;2010-07-11;1
SEGOU;15;15;2010-07-11;2010-07-11;1
SEGOU;16;16;2010-07-11;2010-07-11;1
SEGOU;17;17;2010-07-23;2010-07-23;1
SEGOU;18;18;2010-08-11;2010-08-11;1
SEGOU;19;19;2010-08-18;2010-08-18;1
SEGOU;20;20;2010-09-09;2010-09-09;1
SEGOU;21;21;2012-08-03;2012-08-03;1
SEGOU;22;22;2012-08-07;2012-08-07;1
SEGOU;23;23;2012-08-07;2012-08-07;1
SEGOU;24;24;2012-08-19;2012-08-19;1
SEGOU;25;25;2012-08-24;2012-08-24;1
SEGOU;26;26;2012-08-24;2012-08-24;1
SEGOU;27;27;2012-08-24;2012-08-24;1
SEGOU;28;28;2013-08-21;2013-08-21;1
SEGOU;29;29;2014-06-10;2014-06-10;1
SEGOU;30;30;2016-08-01;2016-08-01;1
SEGOU;31;31;2017-01-09;2017-01-10;2
SEGOU;32;32;2017-08-09;2017-08-09;1
SEGOU;33;33;2017-08-09;2017-08-10;2
SEGOU;34;34;2017-08-11;2017-08-12;2
SEGOU;35;35;2017-08-12;2017-08-12;1
SEGOU;36;36;2017-08-15;2017-08-15;1
SEGOU;37;37;2017-08-21;2017-08-22;2
SEGOU;38;38;2017-08-24;2017-08-24;1
SEGOU;39;39;2017-11-30;2017-11-30;1
SEGOU;40;40;2022-07-20;2022-07-21;2
SEGOU;41;41;2022-07-29;2022-07-30;2
SEGOU;42;42;2022-08-18;2022-08-19;2
SEGOU;43;43;2022-08-28;2022-08-29;2
SEGOU;44;44;2022-09-02;2022-09-03;2
SIKASSO;0;0;1954-08-20;1954-08-20;1
SIKASSO;1;1;1996-06-13;1996-06-13;1
SIKASSO;2;2;2007-08-22;2007-08-22;1
SIKASSO;3;3;2007-09-05;2007-09-05;1
SIKASSO;4;4;2009-06-18;2009-06-18;1
SIKASSO;5;5;2009-08-24;2009-08-24;1
SIKASSO;6;6;2010-04-19;2010-04-19;1
SIKASSO;7;7;2010-09-05;2010-09-05;1
SIKASSO;8;8;2010-10-10;2010-10-10;1
SIKASSO;9;9;2012-07-06;2012-07-06;1
SIKASSO;10;10;2012-07-19;2012-07-19;1
SIKASSO;11;11;2012-08-22;2012-08-22;1
SIKASSO;12;12;2012-08-22;2012-08-22;1
SIKASSO;13;13;2012-08-23;2012-08-23;1
SIKASSO;14;14;2016-07-28;2016-07-28;1
SIKASSO;15;15;2016-08-01;2016-08-01;1
SIKASSO;16;16;2016-08-02;2016-08-02;1
SIKASSO;17;17;2017-07-24;2017-07-25;2
SIKASSO;18;18;2017-11-02;2017-11-03;2
SIKASSO;19;19;2017-11-30;2017-11-30;1
SIKASSO;20;20;2018-10-05;2018-10-05;1
SIKASSO;21;21;2018-10-12;2018-10-12;1
SIKASSO;22;22;2019-08-07;2019-08-07;1
SONA;0;0;2019-08-07;2019-08-07;1
TAMKOUTAT;0;0;2019-08-07;2019-08-07;1
TENENKOU;0;0;1999-08-17;1999-08-17;1
TENENKOU;1;1;2010-06-01;2010-06-01;1
TESSALIT;0;0;2010-07-16;2010-07-16;1
TESSALIT;1;1;2010-08-01;2010-08-01;1
TESSALIT;2;2;2013-08-09;2013-08-10;2
TESSALIT;3;3;2013-08-09;2013-08-10;2
TESSALIT;4;4;2019-08-07;2019-08-07;1
TOMBOUCTO;0;0;1954-08-20;1954-08-20;1
TOMBOUCTO;1;1;1999-08-22;1999-08-22;1
TOMBOUCTO;2;2;1999-08-23;1999-08-23;1
TOMBOUCTO;3;3;1999-09-22;1999-09-22;1
TOMBOUCTO;4;4;2003-08-24;2003-08-24;1
TOMBOUCTO;5;5;2006-08-27;2006-08-27;1
TOMBOUCTO;6;6;2007-04-20;2007-04-20;1
TOMBOUCTO;7;7;2009-08-25;2009-08-25;1
TOMBOUCTO;8;8;2009-10-25;2009-10-25;1
TOMBOUCTO;9;9;2010-07-11;2010-07-11;1
TOMBOUCTO;10;10;2010-07-12;2010-07-12;1
TOMBOUCTO;11;11;2010-07-21;2010-07-21;1
TOMBOUCTO;12;12;2010-08-01;2010-08-01;1
TOMBOUCTO;13;13;2010-08-06;2010-08-06;1
TOMBOUCTO;14;14;2010-08-11;2010-08-12;2
TOMBOUCTO;15;15;2010-09-01;2010-09-01;1
TOMBOUCTO;16;16;2016-08-01;2016-08-01;1
TOMBOUCTO;17;17;2019-08-07;2019-08-07;1
TOMBOUCTO;18;18;2022-07-10;2022-07-11;2
TOMBOUCTO;19;19;2022-07-10;2022-07-11;2
TOMBOUCTO;20;20;2022-08-12;2022-08-13;2
TOMINIAN;0;0;1996-07-26;1996-07-26;1
TOMINIAN;1;1;1999-08-14;1999-08-14;1
TOMINIAN;2;2;1999-08-14;1999-08-14;1
TOMINIAN;3;3;1999-08-14;1999-08-14;1
TOMINIAN;4;4;2003-08-10;2003-08-10;1
TOMINIAN;5;5;2009-09-01;2009-09-01;1
TOMINIAN;6;6;2009-09-12;2009-09-12;1
TOMINIAN;7;7;2009-09-13;2009-09-13;1
TOMINIAN;8;8;2009-09-20;2009-09-20;1
TOMINIAN;9;9;2010-09-08;2010-09-08;1
TOMINIAN;10;10;2010-09-15;2010-09-15;1
TOMINIAN;11;11;2010-09-20;2010-09-20;1
TOMINIAN;12;12;2012-08-07;2012-08-07;1
TOMINIAN;13;13;2012-08-07;2012-08-07;1
TOMINIAN;14;14;2012-08-07;2012-08-07;1
TOMINIAN;15;15;2012-08-07;2012-08-07;1
TOMINIAN;16;16;2012-08-07;2012-08-07;1
TOMINIAN;17;17;2012-08-07;2012-08-07;1
TOMINIAN;18;18;2012-08-07;2012-08-07;1
TOMINIAN;19;19;2017-08-27;2017-08-28;2
TOUBAKORO;0;0;2019-08-07;2019-08-07;1
YANFOLILA;0;0;1999-08-18;1999-08-18;1
YANFOLILA;1;1;1999-09-18;1999-09-18;1
YANFOLILA;2;2;2007-08-09;2007-08-09;1
YANFOLILA;3;3;2009-08-24;2009-08-24;1
YANFOLILA;4;4;2010-06-24;2010-06-24;1
YANFOLILA;5;5;2012-08-07;2012-08-07;1
YANFOLILA;6;6;2012-08-24;2012-08-24;1
YANFOLILA;7;7;2013-08-14;2013-08-14;1
YELIMANE;0;0;2004-08-15;2004-08-15;1
YELIMANE;1;1;2004-08-15;2004-08-15;1
YELIMANE;2;2;2004-08-15;2004-08-15;1
YELIMANE;3;3;2007-08-15;2007-08-15;1
YELIMANE;4;4;2010-09-12;2010-09-12;1
YELIMANE;5;5;2010-09-12;2010-09-12;1
YELIMANE;6;6;2012-07-13;2012-07-13;1
YELIMANE;7;7;2012-08-24;2012-08-24;1
YELIMANE;8;8;2012-08-25;2012-08-25;1
YELIMANE;9;9;2012-08-28;2012-08-28;1
YELIMANE;10;10;2013-08-13;2013-08-13;1
YELIMANE;11;11;2017-06-22;2017-06-23;2
YELIMANE;12;12;2017-06-22;2017-06-22;1
YELIMANE;13;13;2017-08-21;2017-08-22;2
YELIMANE;14;14;2017-08-21;2017-08-22;2
YELIMANE;15;15;2017-08-21;2017-08-21;1
YOROSSO;0;0;2006-08-31;2006-08-31;1
YOROSSO;1;1;2007-07-01;2007-07-01;1
YOROSSO;2;2;2007-07-09;2007-07-09;1
YOROSSO;3;3;2007-07-22;2007-07-22;1
YOROSSO;4;4;2007-08-24;2007-08-24;1
YOROSSO;5;5;2012-08-14;2012-08-14;1
YOROSSO;6;6;2012-08-15;2012-08-15;1
YOROSSO;7;7;2012-08-30;2012-08-30;1
YOROSSO;8;8;2012-09-01;2012-09-01;1
YOROSSO;9;9;2014-11-16;2014-11-16;1
ZEGOUA;0;0;2019-08-07;2019-08-07;1
