,flood_start,flood_end,Cercle,duration,admin_unit
0,2022-09-23,2022-09-24,DJENNE,2,ML0503
1,2022-09-23,2022-09-24,BANDIAGARA,2,ML0501
2,2022-09-17,2022-09-18,KORO,2,ML0505
3,2022-09-17,2022-09-18,KORO,2,ML0505
4,2022-09-15,2022-09-16,BARAOUELI,2,ML0401
5,2022-09-15,2022-09-16,BLA,2,ML0402
6,2022-09-10,2022-09-11,SAN,2,ML0405
7,2022-09-06,2022-09-07,BANDIAGARA,2,ML0501
8,2022-09-06,2022-09-07,KORO,2,ML0505
9,2022-09-06,2022-09-07,BANDIAGARA,2,ML0501
10,2022-09-06,2022-09-07,KORO,2,ML0505
11,2022-09-06,2022-09-07,GOURMA-RHAROUS,2,ML0603
12,2022-09-06,2022-09-07,GOURMA-RHAROUS,2,ML0603
13,2022-09-06,2022-09-07,GOURMA-RHAROUS,2,ML0603
14,2022-09-05,2022-09-06,DJENNE,2,ML0503
15,2022-09-05,2022-09-06,DJENNE,2,ML0503
16,2022-09-05,2022-09-06,DJENNE,2,ML0503
17,2022-09-04,2022-09-05,SAN,2,ML0405
18,2022-09-02,2022-09-03,SEGOU,2,ML0406
19,2022-09-01,2022-09-02,DIOILA,2,ML0202
20,2022-09-01,2022-09-02,DIOILA,2,ML0202
21,2022-08-31,2022-09-01,DOUENTZA,2,ML0504
22,2022-08-28,2022-08-29,NARA,2,ML0207
23,2022-08-28,2022-08-29,SEGOU,2,ML0406
24,2022-08-27,2022-08-28,NARA,2,ML0207
25,2022-08-27,2022-08-28,NARA,2,ML0207
26,2022-08-24,2022-08-25,BOUREM,2,ML0702
27,2022-08-24,2022-08-25,BOUREM,2,ML0702
28,2022-08-24,2022-08-25,BANDIAGARA,2,ML0501
29,2022-08-18,2022-08-19,SEGOU,2,ML0406
30,2022-08-12,2022-08-13,BAMAKO,2,ML0901
31,2022-08-12,2022-08-13,BAMAKO,2,ML0901
32,2022-08-12,2022-08-13,BAMAKO,2,ML0901
33,2022-08-12,2022-08-13,KATI,2,ML0204
34,2022-08-12,2022-08-13,KATI,2,ML0204
35,2022-08-12,2022-08-13,KATI,2,ML0204
36,2022-08-12,2022-08-13,BAMAKO,2,ML0901
37,2022-08-12,2022-08-13,GOUNDAM,2,ML0602
38,2022-08-12,2022-08-13,GOURMA-RHAROUS,2,ML0603
39,2022-08-12,2022-08-13,GOURMA-RHAROUS,2,ML0603
40,2022-08-12,2022-08-13,GOURMA-RHAROUS,2,ML0603
41,2022-08-12,2022-08-13,TOMBOUCTOU,2,ML0605
42,2022-08-09,2022-08-10,BOUREM,2,ML0702
43,2022-08-04,2022-08-05,BOUGOUNI,2,ML0301
44,2022-08-04,2022-08-05,KADIOLO,2,ML0302
45,2022-07-29,2022-07-30,SEGOU,2,ML0406
46,2022-07-20,2022-07-21,SEGOU,2,ML0406
47,2022-07-17,2022-07-18,DIOILA,2,ML0202
48,2022-07-10,2022-07-11,NIAFUNKE,2,ML0604
49,2022-07-10,2022-07-11,TOMBOUCTOU,2,ML0605
50,2022-07-10,2022-07-11,TOMBOUCTOU,2,ML0605
51,2022-06-29,2022-06-30,DIOILA,2,ML0202
52,2022-06-29,2022-06-30,NARA,2,ML0207
53,2022-06-27,2022-06-28,MOPTI,2,ML0506
54,2022-06-20,2022-06-21,NARA,2,ML0207
55,2022-06-20,2022-06-21,KAYES,2,ML0103
56,2022-06-17,2022-06-18,KATI,2,ML0204
57,2022-06-17,2022-06-18,BAMAKO,2,ML0901
58,2022-06-17,2022-06-18,DIOILA,2,ML0202
59,2022-06-06,2022-06-07,MOPTI,2,ML0506
60,2022-05-01,2022-05-02,KIDAL,2,ML0802
70,2019-08-07,2019-08-07,GOUMERA,1,ML0103
71,2019-08-07,2019-08-07,ESSOUK,1,ML0802
72,2019-08-07,2019-08-07,INTACHDAYTE,1,ML0802
73,2019-08-07,2019-08-07,TESSALIT,1,ML0803
74,2019-08-07,2019-08-07,AGUELHOK,1,ML0803
75,2019-08-07,2019-08-07,TAMKOUTAT,1,ML0703
76,2019-08-07,2019-08-07,BOUREM,1,ML0702
77,2019-08-07,2019-08-07,GAO,1,ML0703
78,2019-08-07,2019-08-07,KITA,1,ML0105
79,2019-08-07,2019-08-07,NIAFUNKE,1,ML0604
80,2019-08-07,2019-08-07,TOMBOUCTOU,1,ML0605
81,2019-08-07,2019-08-07,ZEGOUA,1,ML0302
82,2019-08-07,2019-08-07,SONA,1,ML0307
83,2019-08-07,2019-08-07,KOURY,1,ML0307
84,2019-08-07,2019-08-07,KOUTIALA,1,ML0304
85,2019-08-07,2019-08-07,BIRAMABOUGOU,1,ML0305
86,2019-08-07,2019-08-07,SIKASSO,1,ML0305
87,2019-08-07,2019-08-07,SANDIA,1,ML0103
88,2019-08-07,2019-08-07,TOUBAKORO,1,ML0206
89,2019-08-07,2019-08-07,KENEKOUN,1,ML0203
90,2019-08-07,2019-08-07,KOLOKANI,1,ML0205
91,2019-08-07,2019-08-07,KAYES,1,ML0103
92,2019-08-07,2019-08-07,DIRE,1,ML0601
93,2019-08-07,2019-08-07,ANSONGO,1,ML0701
100,2019-05-16,2019-05-17,BAMAKO,2,ML0901
101,2018-10-12,2018-10-12,SIKASSO,1,ML0305
102,2018-10-05,2018-10-05,SIKASSO,1,ML0305
103,2018-09-19,2018-09-19,BAMAKO,1,ML0901
106,2018-09-19,2018-09-19,KIDAL,1,ML0802
112,2018-09-19,2018-09-19,MENAKA,1,ML1001
113,2018-09-18,2018-09-18,NARA,1,ML0207
114,2018-08-31,2018-08-31,GAO,1,ML0703
115,2018-08-18,2018-08-18,DIRE,1,ML0601
121,2017-11-30,2017-11-30,SIKASSO,1,ML0305
122,2017-11-30,2017-11-30,BAMAKO,1,ML0901
123,2017-11-30,2017-11-30,GAO,1,ML0703
124,2017-11-30,2017-11-30,SEGOU,1,ML0406
126,2017-11-08,2017-11-09,BLA,2,ML0402
127,2017-11-08,2017-11-09,BLA,2,ML0402
128,2017-11-02,2017-11-03,SIKASSO,2,ML0305
130,2017-10-07,2017-10-08,BAMAKO,2,ML0901
131,2017-09-08,2017-09-09,MOPTI,2,ML0506
132,2017-09-08,2017-09-09,MOPTI,2,ML0506
134,2017-09-08,2017-09-08,MOPTI,1,ML0506
135,2017-08-27,2017-08-28,TOMINIAN,2,ML0407
136,2017-08-24,2017-08-24,BAMAKO,1,ML0901
137,2017-08-24,2017-08-24,BLA,1,ML0402
138,2017-08-24,2017-08-24,BLA,1,ML0402
139,2017-08-24,2017-08-24,SEGOU,1,ML0406
141,2017-08-21,2017-08-22,YELIMANE,2,ML0107
142,2017-08-21,2017-08-22,YELIMANE,2,ML0107
143,2017-08-21,2017-08-22,SEGOU,2,ML0406
144,2017-08-21,2017-08-21,YELIMANE,1,ML0107
145,2017-08-15,2017-08-15,SEGOU,1,ML0406
146,2017-08-14,2017-08-15,DIOILA,2,ML0202
147,2017-08-12,2017-08-12,SEGOU,1,ML0406
148,2017-08-11,2017-08-12,SEGOU,2,ML0406
149,2017-08-11,2017-08-11,BLA,1,ML0402
150,2017-08-09,2017-08-10,SEGOU,2,ML0406
151,2017-08-09,2017-08-09,SEGOU,1,ML0406
152,2017-08-08,2017-08-09,NIONO,2,ML0404
153,2017-07-24,2017-07-25,SIKASSO,2,ML0305
154,2017-07-24,2017-07-25,BOUGOUNI,2,ML0301
158,2017-07-20,2017-07-21,KORO,2,ML0505
159,2017-07-18,2017-07-18,BAMAKO,1,ML0901
160,2017-07-08,2017-07-08,NARA,1,ML0207
161,2017-07-07,2017-07-08,NARA,2,ML0207
162,2017-06-22,2017-06-23,YELIMANE,2,ML0107
163,2017-06-22,2017-06-23,KAYES,2,ML0103
164,2017-06-22,2017-06-22,YELIMANE,1,ML0107
165,2017-06-22,2017-06-22,BAFOULABE,1,ML0101
167,2017-06-20,2017-06-21,DOUENTZA,2,ML0504
168,2017-06-18,2017-06-19,NIORO,2,ML0106
169,2017-06-17,2017-06-18,NIAFUNKE,2,ML0604
171,2017-05-27,2017-05-28,SAN,2,ML0405
172,2017-05-14,2017-05-15,DIOILA,2,ML0202
173,2017-05-14,2017-05-14,DIOILA,1,ML0202
174,2017-03-09,2017-03-10,NARA,2,ML0207
175,2017-01-09,2017-01-10,SEGOU,2,ML0406
185,2016-11-12,2016-11-12,MOPTI,1,ML0506
186,2016-08-10,2016-08-10,MOPTI,1,ML0506
187,2016-08-04,2016-08-04,KOULIKORO,1,ML0206
188,2016-08-04,2016-08-04,BAMAKO,1,ML0901
189,2016-08-02,2016-08-02,SIKASSO,1,ML0305
190,2016-08-02,2016-08-02,GAO,1,ML0703
191,2016-08-02,2016-08-02,KOULIKORO,1,ML0206
192,2016-08-01,2016-08-01,BAMAKO,1,ML0901
193,2016-08-01,2016-08-01,TOMBOUCTOU,1,ML0605
194,2016-08-01,2016-08-01,MENAKA,1,ML1001
195,2016-08-01,2016-08-01,KOULIKORO,1,ML0206
196,2016-08-01,2016-08-01,GAO,1,ML0703
197,2016-08-01,2016-08-01,MOPTI,1,ML0506
198,2016-08-01,2016-08-01,KIDAL,1,ML0802
199,2016-08-01,2016-08-01,SEGOU,1,ML0406
200,2016-08-01,2016-08-01,SIKASSO,1,ML0305
201,2016-07-28,2016-07-28,SIKASSO,1,ML0305
202,2016-07-27,2016-07-27,KOULIKORO,1,ML0206
203,2016-07-20,2016-07-20,BLA,1,ML0402
204,2016-07-18,2016-07-18,DOUENTZA,1,ML0504
223,2015-09-03,2015-09-03,GAO,1,ML0703
228,2015-07-31,2015-07-31,MACINA,1,ML0403
229,2014-11-16,2014-11-16,YOROSSO,1,ML0307
232,2014-08-15,2014-08-15,KAYES,1,ML0103
234,2014-08-04,2014-08-04,KOUTIALA,1,ML0304
235,2014-07-22,2014-07-22,MOPTI,1,ML0506
236,2014-07-03,2014-07-03,KOUTIALA,1,ML0304
237,2014-06-22,2014-06-22,BANAMBA,1,ML0201
238,2014-06-10,2014-06-10,SEGOU,1,ML0406
239,2014-06-05,2014-06-05,BAMAKO,1,ML0901
240,2014-06-02,2014-06-02,KITA,1,ML0105
242,2013-09-26,2013-09-26,BANDIAGARA,1,ML0501
244,2013-09-14,2013-09-14,DOUENTZA,1,ML0504
246,2013-09-09,2013-09-09,KAYES,1,ML0103
247,2013-09-08,2013-09-08,BAMAKO,1,ML0901
248,2013-09-07,2013-09-07,SAN,1,ML0405
251,2013-09-04,2013-09-04,NIONO,1,ML0404
252,2013-09-03,2013-09-03,KATI,1,ML0204
253,2013-09-03,2013-09-03,NIONO,1,ML0404
254,2013-08-31,2013-08-31,BAMAKO,1,ML0901
255,2013-08-29,2013-08-30,BAMAKO,2,ML0901
256,2013-08-28,2013-08-28,KATI,1,ML0204
257,2013-08-26,2013-08-26,BANDIAGARA,1,ML0501
258,2013-08-21,2013-08-21,SEGOU,1,ML0406
259,2013-08-14,2013-08-14,YANFOLILA,1,ML0306
260,2013-08-13,2013-08-13,KITA,1,ML0105
261,2013-08-13,2013-08-13,YELIMANE,1,ML0107
262,2013-08-11,2013-08-11,NIONO,1,ML0404
263,2013-08-09,2013-08-10,NIONO,2,ML0404
264,2013-08-09,2013-08-10,NIONO,2,ML0404
265,2013-08-09,2013-08-10,AGUELHOK,2,ML0803
266,2013-08-09,2013-08-10,AGUELHOK,2,ML0803
267,2013-08-09,2013-08-10,TESSALIT,2,ML0803
268,2013-08-09,2013-08-10,TESSALIT,2,ML0803
269,2013-08-07,2013-08-07,SAN,1,ML0405
270,2013-06-28,2013-06-28,KAYES,1,ML0103
271,2013-06-28,2013-06-28,KAYES,1,ML0103
272,2013-06-28,2013-06-28,KAYES,1,ML0103
273,2013-05-17,2013-05-17,BAFOULABE,1,ML0101
274,2012-10-06,2012-10-06,KOUTIALA,1,ML0304
275,2012-09-24,2012-09-24,BAFOULABE,1,ML0101
276,2012-09-24,2012-09-24,BAFOULABE,1,ML0101
277,2012-09-14,2012-09-14,BOUGOUNI,1,ML0301
278,2012-09-08,2012-09-08,KOUTIALA,1,ML0304
279,2012-09-08,2012-09-08,SAN,1,ML0405
280,2012-09-05,2012-09-05,KOUTIALA,1,ML0304
281,2012-09-03,2012-09-03,BARAOUELI,1,ML0401
282,2012-09-03,2012-09-03,KOULIKORO,1,ML0206
283,2012-09-03,2012-09-03,NIONO,1,ML0404
284,2012-09-03,2012-09-03,NIONO,1,ML0404
285,2012-09-03,2012-09-03,NIONO,1,ML0404
286,2012-09-03,2012-09-03,NIONO,1,ML0404
287,2012-09-01,2012-09-01,KOUTIALA,1,ML0304
288,2012-09-01,2012-09-01,YOROSSO,1,ML0307
289,2012-08-30,2012-08-30,DOUENTZA,1,ML0504
290,2012-08-30,2012-08-30,YOROSSO,1,ML0307
291,2012-08-30,2012-08-30,BAFOULABE,1,ML0101
292,2012-08-30,2012-08-30,NIORO,1,ML0106
293,2012-08-30,2012-08-30,BAFOULABE,1,ML0101
294,2012-08-28,2012-08-28,YELIMANE,1,ML0107
295,2012-08-27,2012-08-27,SAN,1,ML0405
296,2012-08-27,2012-08-27,SAN,1,ML0405
297,2012-08-27,2012-08-27,SAN,1,ML0405
298,2012-08-27,2012-08-27,SAN,1,ML0405
299,2012-08-27,2012-08-27,MOPTI,1,ML0506
300,2012-08-26,2012-08-26,BAFOULABE,1,ML0101
301,2012-08-25,2012-08-25,YELIMANE,1,ML0107
302,2012-08-24,2012-08-24,KOUTIALA,1,ML0304
303,2012-08-24,2012-08-24,SEGOU,1,ML0406
304,2012-08-24,2012-08-24,YANFOLILA,1,ML0306
305,2012-08-24,2012-08-24,BAFOULABE,1,ML0101
306,2012-08-24,2012-08-24,KITA,1,ML0105
307,2012-08-24,2012-08-24,SEGOU,1,ML0406
308,2012-08-24,2012-08-24,SEGOU,1,ML0406
309,2012-08-24,2012-08-24,KOLONDIEBA,1,ML0303
310,2012-08-24,2012-08-24,YELIMANE,1,ML0107
311,2012-08-24,2012-08-24,BARAOUELI,1,ML0401
314,2012-08-23,2012-09-06,KOLONDIEBA,15,ML0303
316,2012-08-23,2012-08-23,KORO,1,ML0505
317,2012-08-23,2012-08-23,SIKASSO,1,ML0305
318,2012-08-22,2012-08-22,MOPTI,1,ML0506
319,2012-08-22,2012-08-22,SIKASSO,1,ML0305
320,2012-08-22,2012-08-22,SIKASSO,1,ML0305
321,2012-08-21,2012-08-21,KAYES,1,ML0103
322,2012-08-21,2012-08-21,KOUTIALA,1,ML0304
323,2012-08-20,2012-08-20,KOUTIALA,1,ML0304
325,2012-08-19,2012-08-19,KORO,1,ML0505
326,2012-08-19,2012-08-19,BLA,1,ML0402
327,2012-08-19,2012-08-19,BLA,1,ML0402
328,2012-08-19,2012-08-19,BLA,1,ML0402
329,2012-08-19,2012-08-19,BLA,1,ML0402
330,2012-08-19,2012-08-19,SEGOU,1,ML0406
331,2012-08-19,2012-08-19,BLA,1,ML0402
332,2012-08-19,2012-08-19,BLA,1,ML0402
333,2012-08-15,2012-08-15,YOROSSO,1,ML0307
334,2012-08-14,2012-08-14,YOROSSO,1,ML0307
335,2012-08-14,2012-08-14,BARAOUELI,1,ML0401
336,2012-08-14,2012-08-14,KAYES,1,ML0103
337,2012-08-14,2012-08-14,BARAOUELI,1,ML0401
338,2012-08-14,2012-08-14,KAYES,1,ML0103
339,2012-08-14,2012-08-14,KOUTIALA,1,ML0304
341,2012-08-09,2012-08-09,BAFOULABE,1,ML0101
342,2012-08-09,2012-08-09,BAFOULABE,1,ML0101
343,2012-08-09,2012-08-09,BAFOULABE,1,ML0101
344,2012-08-08,2012-08-08,KENIEBA,1,ML0104
345,2012-08-08,2012-08-08,DJENNE,1,ML0503
346,2012-08-08,2012-08-08,DJENNE,1,ML0503
347,2012-08-07,2012-08-07,SEGOU,1,ML0406
348,2012-08-07,2012-08-07,TOMINIAN,1,ML0407
349,2012-08-07,2012-08-07,SEGOU,1,ML0406
350,2012-08-07,2012-08-07,TOMINIAN,1,ML0407
351,2012-08-07,2012-08-07,TOMINIAN,1,ML0407
352,2012-08-07,2012-08-07,MENAKA,1,ML1001
353,2012-08-07,2012-08-07,TOMINIAN,1,ML0407
354,2012-08-07,2012-08-07,TOMINIAN,1,ML0407
355,2012-08-07,2012-08-07,YANFOLILA,1,ML0306
356,2012-08-07,2012-08-07,TOMINIAN,1,ML0407
357,2012-08-07,2012-08-07,TOMINIAN,1,ML0407
358,2012-08-03,2012-08-03,NIORO,1,ML0106
359,2012-08-03,2012-08-03,SEGOU,1,ML0406
360,2012-08-01,2012-08-01,KITA,1,ML0105
361,2012-07-25,2012-07-25,DIEMA,1,ML0102
362,2012-07-25,2012-07-25,DIEMA,1,ML0102
363,2012-07-23,2012-07-23,BOUGOUNI,1,ML0301
365,2012-07-22,2012-07-22,DIEMA,1,ML0102
366,2012-07-19,2012-07-19,SIKASSO,1,ML0305
367,2012-07-13,2012-07-13,YELIMANE,1,ML0107
368,2012-07-12,2012-07-12,NARA,1,ML0207
369,2012-07-06,2012-07-06,SIKASSO,1,ML0305
370,2012-07-06,2012-07-06,KOLONDIEBA,1,ML0303
371,2012-06-24,2012-06-24,BAFOULABE,1,ML0101
372,2012-06-02,2012-06-02,KAYES,1,ML0103
373,2012-06-02,2012-06-02,KAYES,1,ML0103
374,2012-06-02,2012-06-02,KAYES,1,ML0103
375,2012-05-14,2012-05-14,BANAMBA,1,ML0201
376,2012-05-14,2012-05-14,BANAMBA,1,ML0201
377,2011-08-31,2011-08-31,KAYES,1,ML0103
378,2011-08-30,2011-08-30,KAYES,1,ML0103
379,2011-08-22,2011-08-22,DIOILA,1,ML0202
380,2011-08-22,2011-08-22,DIOILA,1,ML0202
381,2011-08-21,2011-08-21,KANGABA,1,ML0203
382,2011-08-20,2011-08-20,GOURMA-RHAROUS,1,ML0603
383,2011-08-19,2011-08-19,KATI,1,ML0204
384,2011-08-19,2011-08-19,KANGABA,1,ML0203
385,2011-08-10,2011-08-10,KATI,1,ML0204
386,2011-08-10,2011-08-10,KANGABA,1,ML0203
387,2011-08-10,2011-08-10,KANGABA,1,ML0203
393,2011-07-26,2011-07-26,DOUENTZA,1,ML0504
394,2011-07-18,2011-07-18,BOUREM,1,ML0702
395,2011-07-15,2011-07-15,GOUNDAM,1,ML0602
401,2011-03-28,2011-03-28,GOUNDAM,1,ML0602
402,2011-03-21,2011-03-21,GOUNDAM,1,ML0602
404,2010-11-17,2010-11-17,DOUENTZA,1,ML0504
406,2010-10-10,2010-10-10,SIKASSO,1,ML0305
416,2010-09-28,2010-09-28,MACINA,1,ML0403
418,2010-09-24,2010-09-24,BLA,1,ML0402
419,2010-09-24,2010-09-24,NIONO,1,ML0404
420,2010-09-21,2010-09-21,BAFOULABE,1,ML0101
421,2010-09-20,2010-09-20,BLA,1,ML0402
422,2010-09-20,2010-09-20,BLA,1,ML0402
423,2010-09-20,2010-09-20,TOMINIAN,1,ML0407
424,2010-09-20,2010-09-20,MOPTI,1,ML0506
426,2010-09-18,2010-09-18,KATI,1,ML0204
427,2010-09-18,2010-09-18,MOPTI,1,ML0506
428,2010-09-18,2010-09-18,NIAFUNKE,1,ML0604
429,2010-09-17,2010-09-17,BLA,1,ML0402
430,2010-09-17,2010-09-17,BLA,1,ML0402
431,2010-09-16,2010-09-16,BLA,1,ML0402
432,2010-09-15,2010-09-15,TOMINIAN,1,ML0407
433,2010-09-15,2010-09-15,BLA,1,ML0402
434,2010-09-15,2010-09-15,BARAOUELI,1,ML0401
435,2010-09-14,2010-09-14,KAYES,1,ML0103
436,2010-09-14,2010-09-14,SAN,1,ML0405
437,2010-09-14,2010-09-14,MACINA,1,ML0403
438,2010-09-13,2010-09-13,NIONO,1,ML0404
439,2010-09-13,2010-09-13,NIONO,1,ML0404
440,2010-09-13,2010-09-13,NIONO,1,ML0404
441,2010-09-13,2010-09-13,NIONO,1,ML0404
442,2010-09-13,2010-09-13,NIONO,1,ML0404
443,2010-09-12,2010-09-12,KITA,1,ML0105
444,2010-09-12,2010-09-12,KAYES,1,ML0103
445,2010-09-12,2010-09-12,NIORO,1,ML0106
446,2010-09-12,2010-09-12,KENIEBA,1,ML0104
447,2010-09-12,2010-09-12,KITA,1,ML0105
448,2010-09-12,2010-09-12,YELIMANE,1,ML0107
449,2010-09-12,2010-09-12,YELIMANE,1,ML0107
450,2010-09-12,2010-09-12,BAFOULABE,1,ML0101
451,2010-09-12,2010-09-12,KENIEBA,1,ML0104
452,2010-09-11,2010-09-11,MACINA,1,ML0403
453,2010-09-11,2010-09-11,MACINA,1,ML0403
454,2010-09-11,2010-09-11,KOULIKORO,1,ML0206
455,2010-09-09,2010-09-09,MOPTI,1,ML0506
456,2010-09-09,2010-09-09,SEGOU,1,ML0406
457,2010-09-09,2010-09-09,BOUGOUNI,1,ML0301
458,2010-09-09,2010-09-09,NARA,1,ML0207
459,2010-09-09,2010-09-09,NARA,1,ML0207
460,2010-09-09,2010-09-09,BOUGOUNI,1,ML0301
461,2010-09-08,2010-09-08,TOMINIAN,1,ML0407
462,2010-09-06,2010-09-06,SAN,1,ML0405
463,2010-09-06,2010-09-06,KOULIKORO,1,ML0206
464,2010-09-06,2010-09-06,SAN,1,ML0405
465,2010-09-06,2010-09-06,SAN,1,ML0405
466,2010-09-05,2010-09-05,BAFOULABE,1,ML0101
467,2010-09-05,2010-09-05,SIKASSO,1,ML0305
468,2010-09-04,2010-09-04,KANGABA,1,ML0203
469,2010-09-03,2010-09-03,KOUTIALA,1,ML0304
471,2010-09-03,2010-09-03,KOUTIALA,1,ML0304
472,2010-09-03,2010-09-03,KORO,1,ML0505
473,2010-09-03,2010-09-03,KATI,1,ML0204
474,2010-09-01,2010-09-01,BARAOUELI,1,ML0401
475,2010-09-01,2010-09-01,KATI,1,ML0204
476,2010-09-01,2010-09-01,TOMBOUCTOU,1,ML0605
477,2010-09-01,2010-09-01,BARAOUELI,1,ML0401
478,2010-09-01,2010-09-01,KOUTIALA,1,ML0304
479,2010-09-01,2010-09-01,KOLOKANI,1,ML0205
480,2010-08-31,2010-08-31,GOUNDAM,1,ML0602
481,2010-08-30,2010-08-30,NARA,1,ML0207
482,2010-08-29,2010-08-29,NIONO,1,ML0404
483,2010-08-29,2010-08-29,NIONO,1,ML0404
484,2010-08-28,2010-08-28,GAO,1,ML0703
485,2010-08-28,2010-08-28,ANSONGO,1,ML0701
487,2010-08-24,2010-08-24,BANAMBA,1,ML0201
488,2010-08-23,2010-08-23,BARAOUELI,1,ML0401
489,2010-08-21,2010-08-21,BAFOULABE,1,ML0101
490,2010-08-21,2010-08-21,BARAOUELI,1,ML0401
491,2010-08-18,2010-08-18,SEGOU,1,ML0406
492,2010-08-15,2010-08-15,BARAOUELI,1,ML0401
493,2010-08-14,2010-08-14,BARAOUELI,1,ML0401
494,2010-08-13,2010-08-13,KAYES,1,ML0103
495,2010-08-13,2010-08-13,KORO,1,ML0505
496,2010-08-13,2010-08-13,KOUTIALA,1,ML0304
497,2010-08-13,2010-08-13,BANKASS,1,ML0502
498,2010-08-13,2010-08-13,BARAOUELI,1,ML0401
499,2010-08-12,2010-08-12,BANDIAGARA,1,ML0501
500,2010-08-11,2010-08-12,TOMBOUCTOU,2,ML0605
501,2010-08-11,2010-08-11,KOUTIALA,1,ML0304
502,2010-08-11,2010-08-11,SEGOU,1,ML0406
503,2010-08-08,2010-08-08,BLA,1,ML0402
504,2010-08-08,2010-08-08,MACINA,1,ML0403
505,2010-08-06,2010-08-06,TOMBOUCTOU,1,ML0605
507,2010-08-01,2010-08-01,KATI,1,ML0204
508,2010-08-01,2010-08-01,KIDAL,1,ML0802
509,2010-08-01,2010-08-01,BANKASS,1,ML0502
510,2010-08-01,2010-08-01,GAO,1,ML0703
511,2010-08-01,2010-08-01,KOUTIALA,1,ML0304
512,2010-08-01,2010-08-01,TESSALIT,1,ML0803
513,2010-08-01,2010-08-01,TOMBOUCTOU,1,ML0605
514,2010-08-01,2010-08-01,NIONO,1,ML0404
516,2010-07-27,2010-07-27,KATI,1,ML0204
517,2010-07-23,2010-07-23,DIOILA,1,ML0202
518,2010-07-23,2010-07-23,BARAOUELI,1,ML0401
519,2010-07-23,2010-07-23,SEGOU,1,ML0406
520,2010-07-23,2010-07-23,BARAOUELI,1,ML0401
521,2010-07-22,2010-07-22,GOURMA-RHAROUS,1,ML0603
522,2010-07-22,2010-07-22,DOUENTZA,1,ML0504
523,2010-07-21,2010-07-21,TOMBOUCTOU,1,ML0605
524,2010-07-20,2010-07-20,GAO,1,ML0703
525,2010-07-19,2010-07-19,DIOILA,1,ML0202
526,2010-07-19,2010-07-19,DIOILA,1,ML0202
527,2010-07-16,2010-07-16,TESSALIT,1,ML0803
528,2010-07-12,2010-07-12,TOMBOUCTOU,1,ML0605
529,2010-07-11,2010-07-11,TOMBOUCTOU,1,ML0605
530,2010-07-11,2010-07-11,SEGOU,1,ML0406
531,2010-07-11,2010-07-11,SEGOU,1,ML0406
532,2010-07-11,2010-07-11,SEGOU,1,ML0406
533,2010-07-11,2010-07-11,SEGOU,1,ML0406
534,2010-07-09,2010-07-09,DIOILA,1,ML0202
535,2010-07-08,2010-07-08,BARAOUELI,1,ML0401
536,2010-07-02,2010-07-02,GOURMA-RHAROUS,1,ML0603
537,2010-07-02,2010-07-02,BANAMBA,1,ML0201
538,2010-07-01,2010-07-01,BANAMBA,1,ML0201
539,2010-06-27,2010-06-27,SEGOU,1,ML0406
540,2010-06-27,2010-06-27,SEGOU,1,ML0406
541,2010-06-25,2010-06-25,MACINA,1,ML0403
542,2010-06-24,2010-06-24,YANFOLILA,1,ML0306
543,2010-06-14,2010-06-14,GAO,1,ML0703
544,2010-06-10,2010-06-10,BAFOULABE,1,ML0101
545,2010-06-10,2010-06-10,SAN,1,ML0405
546,2010-06-09,2010-06-09,DOUENTZA,1,ML0504
547,2010-06-09,2010-06-09,MOPTI,1,ML0506
548,2010-06-01,2010-06-01,TENENKOU,1,ML0507
549,2010-05-17,2010-05-17,KOULIKORO,1,ML0206
550,2010-05-08,2010-05-08,KOLOKANI,1,ML0205
551,2010-05-08,2010-05-08,BAFOULABE,1,ML0101
552,2010-05-07,2010-05-07,KOLOKANI,1,ML0205
553,2010-05-07,2010-05-07,KOLOKANI,1,ML0205
554,2010-05-07,2010-05-07,DIOILA,1,ML0202
555,2010-04-19,2010-04-19,SIKASSO,1,ML0305
556,2010-04-04,2010-04-04,KAYES,1,ML0103
557,2009-10-31,2009-10-31,DJENNE,1,ML0503
558,2009-10-25,2009-10-25,TOMBOUCTOU,1,ML0605
559,2009-09-20,2009-09-20,TOMINIAN,1,ML0407
560,2009-09-18,2009-09-18,MACINA,1,ML0403
561,2009-09-18,2009-09-18,KOULIKORO,1,ML0206
562,2009-09-18,2009-09-18,KATI,1,ML0204
563,2009-09-13,2009-09-13,MACINA,1,ML0403
564,2009-09-13,2009-09-13,NIONO,1,ML0404
565,2009-09-13,2009-09-13,TOMINIAN,1,ML0407
566,2009-09-12,2009-09-12,TOMINIAN,1,ML0407
567,2009-09-08,2009-09-08,SEGOU,1,ML0406
568,2009-09-08,2009-09-08,SEGOU,1,ML0406
569,2009-09-08,2009-09-08,SEGOU,1,ML0406
571,2009-09-07,2009-09-07,BLA,1,ML0402
572,2009-09-07,2009-09-07,SEGOU,1,ML0406
573,2009-09-07,2009-09-07,NIONO,1,ML0404
574,2009-09-07,2009-09-07,BLA,1,ML0402
575,2009-09-07,2009-09-07,SEGOU,1,ML0406
576,2009-09-07,2009-09-07,BLA,1,ML0402
577,2009-09-07,2009-09-07,BLA,1,ML0402
578,2009-09-07,2009-09-07,BLA,1,ML0402
579,2009-09-05,2009-09-05,KAYES,1,ML0103
580,2009-09-05,2009-09-05,KITA,1,ML0105
581,2009-09-05,2009-09-05,KITA,1,ML0105
582,2009-09-05,2009-09-05,BAFOULABE,1,ML0101
583,2009-09-04,2009-09-04,KITA,1,ML0105
584,2009-09-03,2009-09-03,MACINA,1,ML0403
585,2009-09-02,2009-09-02,KOULIKORO,1,ML0206
586,2009-09-02,2009-09-02,KOULIKORO,1,ML0206
587,2009-09-02,2009-09-02,BANAMBA,1,ML0201
589,2009-09-02,2009-09-02,KOULIKORO,1,ML0206
590,2009-09-02,2009-09-02,BANAMBA,1,ML0201
591,2009-09-02,2009-09-02,KANGABA,1,ML0203
592,2009-09-02,2009-09-02,GAO,1,ML0703
593,2009-09-02,2009-09-02,KOULIKORO,1,ML0206
594,2009-09-02,2009-09-02,KOLOKANI,1,ML0205
595,2009-09-01,2009-09-01,DOUENTZA,1,ML0504
596,2009-09-01,2009-09-01,MOPTI,1,ML0506
597,2009-09-01,2009-09-01,TOMINIAN,1,ML0407
598,2009-09-01,2009-09-01,SAN,1,ML0405
599,2009-08-31,2009-08-31,NIONO,1,ML0404
600,2009-08-30,2009-08-30,NIONO,1,ML0404
601,2009-08-30,2009-08-30,NIONO,1,ML0404
602,2009-08-27,2009-08-27,NIORO,1,ML0106
603,2009-08-27,2009-08-27,NIORO,1,ML0106
604,2009-08-26,2009-08-26,GOURMA-RHAROUS,1,ML0603
605,2009-08-25,2009-08-25,NIORO,1,ML0106
606,2009-08-25,2009-08-25,TOMBOUCTOU,1,ML0605
607,2009-08-25,2009-08-25,NIAFUNKE,1,ML0604
608,2009-08-24,2009-08-24,SIKASSO,1,ML0305
609,2009-08-24,2009-08-24,YANFOLILA,1,ML0306
610,2009-08-21,2009-08-21,KOUTIALA,1,ML0304
611,2009-08-15,2009-08-15,SEGOU,1,ML0406
612,2009-08-15,2009-08-15,NIORO,1,ML0106
613,2009-08-12,2009-08-12,KOULIKORO,1,ML0206
614,2009-08-07,2009-08-07,KITA,1,ML0105
615,2009-08-06,2009-08-06,DOUENTZA,1,ML0504
616,2009-08-05,2009-08-05,BOUREM,1,ML0702
617,2009-07-29,2009-07-29,SEGOU,1,ML0406
618,2009-07-27,2009-07-27,DJENNE,1,ML0503
619,2009-07-25,2009-07-25,BLA,1,ML0402
620,2009-06-18,2009-06-18,SIKASSO,1,ML0305
621,2009-06-11,2009-06-11,KITA,1,ML0105
622,2009-06-11,2009-06-11,KITA,1,ML0105
623,2009-06-08,2009-06-08,KITA,1,ML0105
624,2009-06-04,2009-06-04,ANSONGO,1,ML0701
625,2009-05-23,2009-05-23,KITA,1,ML0105
626,2009-05-16,2009-05-16,KITA,1,ML0105
627,2009-05-09,2009-05-09,KITA,1,ML0105
644,2008-08-19,2008-08-19,BLA,1,ML0402
645,2008-08-18,2008-08-19,KAYES,2,ML0103
646,2008-08-18,2008-08-18,GAO,1,ML0703
647,2008-08-02,2008-08-02,SEGOU,1,ML0406
648,2008-07-25,2008-07-25,DIRE,1,ML0601
649,2008-07-19,2008-07-19,BLA,1,ML0402
650,2008-07-19,2008-07-19,MACINA,1,ML0403
651,2008-06-25,2008-06-25,MOPTI,1,ML0506
652,2008-06-17,2008-06-17,KADIOLO,1,ML0302
654,2007-09-08,2007-09-08,BOUGOUNI,1,ML0301
655,2007-09-06,2007-09-06,KADIOLO,1,ML0302
656,2007-09-05,2007-09-05,SIKASSO,1,ML0305
657,2007-08-31,2007-08-31,KANGABA,1,ML0203
658,2007-08-31,2007-08-31,DIOILA,1,ML0202
659,2007-08-31,2007-08-31,BANAMBA,1,ML0201
660,2007-08-31,2007-08-31,DIOILA,1,ML0202
661,2007-08-31,2007-08-31,BANAMBA,1,ML0201
662,2007-08-30,2007-08-30,KAYES,1,ML0103
663,2007-08-28,2007-08-28,BARAOUELI,1,ML0401
664,2007-08-27,2007-08-27,KITA,1,ML0105
665,2007-08-27,2007-08-27,KITA,1,ML0105
666,2007-08-27,2007-08-27,KITA,1,ML0105
667,2007-08-27,2007-08-27,KITA,1,ML0105
668,2007-08-27,2007-08-27,KITA,1,ML0105
669,2007-08-27,2007-08-27,KITA,1,ML0105
670,2007-08-27,2007-08-27,KITA,1,ML0105
671,2007-08-27,2007-08-27,KITA,1,ML0105
672,2007-08-27,2007-08-27,KITA,1,ML0105
673,2007-08-24,2007-08-24,KATI,1,ML0204
674,2007-08-24,2007-08-24,YOROSSO,1,ML0307
675,2007-08-22,2007-08-22,SIKASSO,1,ML0305
676,2007-08-15,2007-08-15,KAYES,1,ML0103
677,2007-08-15,2007-08-15,BAFOULABE,1,ML0101
678,2007-08-15,2007-08-15,YELIMANE,1,ML0107
679,2007-08-09,2007-08-09,YANFOLILA,1,ML0306
680,2007-08-06,2007-08-06,BANAMBA,1,ML0201
681,2007-08-05,2007-08-05,NIONO,1,ML0404
682,2007-07-26,2007-07-26,SEGOU,1,ML0406
683,2007-07-26,2007-07-26,SEGOU,1,ML0406
684,2007-07-22,2007-07-23,BLA,2,ML0402
685,2007-07-22,2007-07-22,YOROSSO,1,ML0307
686,2007-07-16,2007-07-16,KAYES,1,ML0103
687,2007-07-14,2007-07-14,NIONO,1,ML0404
688,2007-07-09,2007-07-09,YOROSSO,1,ML0307
689,2007-07-08,2007-07-08,SAN,1,ML0405
690,2007-07-08,2007-07-08,SAN,1,ML0405
691,2007-07-07,2007-07-07,DOUENTZA,1,ML0504
697,2007-07-04,2007-07-18,BANDIAGARA,15,ML0501
698,2007-07-04,2007-07-04,MOPTI,1,ML0506
699,2007-07-04,2007-07-04,BANDIAGARA,1,ML0501
700,2007-07-04,2007-07-04,BANDIAGARA,1,ML0501
701,2007-07-04,2007-07-04,BANDIAGARA,1,ML0501
702,2007-07-01,2007-07-01,YOROSSO,1,ML0307
709,2007-04-20,2007-04-20,TOMBOUCTOU,1,ML0605
713,2006-08-31,2006-08-31,YOROSSO,1,ML0307
714,2006-08-27,2006-08-27,TOMBOUCTOU,1,ML0605
715,2006-08-24,2006-08-24,DJENNE,1,ML0503
716,2006-08-23,2006-08-23,MACINA,1,ML0403
717,2006-08-23,2006-08-23,MACINA,1,ML0403
718,2006-08-23,2006-08-23,DJENNE,1,ML0503
719,2006-08-11,2006-08-11,BLA,1,ML0402
720,2006-08-11,2006-08-11,NIONO,1,ML0404
721,2006-08-09,2006-08-09,DOUENTZA,1,ML0504
722,2006-08-09,2006-08-09,KOUTIALA,1,ML0304
723,2006-08-08,2006-08-08,SAN,1,ML0405
726,2006-07-29,2006-07-29,ANSONGO,1,ML0701
727,2005-09-21,2005-09-27,KAYES,7,ML0103
728,2005-08-18,2005-08-18,KATI,1,ML0204
729,2005-06-06,2005-06-07,ANSONGO,2,ML0701
730,2004-08-15,2004-08-15,SEGOU,1,ML0406
731,2004-08-15,2004-08-15,YELIMANE,1,ML0107
732,2004-08-15,2004-08-15,YELIMANE,1,ML0107
733,2004-08-15,2004-08-15,YELIMANE,1,ML0107
734,2004-08-15,2004-08-15,KAYES,1,ML0103
735,2004-08-15,2004-08-15,DOUENTZA,1,ML0504
736,2004-08-15,2004-08-15,KIDAL,1,ML0802
737,2004-08-15,2004-08-15,NIORO,1,ML0106
738,2004-06-12,2004-06-12,NARA,1,ML0207
739,2004-06-01,2004-06-01,GOUNDAM,1,ML0602
740,2004-01-31,2004-01-31,KAYES,1,ML0103
742,2003-09-09,2003-09-09,MOPTI,1,ML0506
743,2003-08-24,2003-08-24,TOMBOUCTOU,1,ML0605
744,2003-08-17,2003-08-17,DJENNE,1,ML0503
750,2003-08-10,2003-08-10,TOMINIAN,1,ML0407
752,2003-08-01,2003-08-01,NARA,1,ML0207
754,2002-08-28,2002-08-28,GOUNDAM,1,ML0602
769,2001-07-27,2001-07-27,MOPTI,1,ML0506
770,2001-07-16,2001-07-16,MOPTI,1,ML0506
771,2001-06-01,2001-06-01,GOURMA-RHAROUS,1,ML0603
772,2000-08-25,2000-08-26,ABEIBARA,2,ML0801
773,1999-09-22,1999-09-22,TOMBOUCTOU,1,ML0605
774,1999-09-18,1999-09-18,YANFOLILA,1,ML0306
775,1999-08-23,1999-08-23,TOMBOUCTOU,1,ML0605
776,1999-08-22,1999-08-22,TOMBOUCTOU,1,ML0605
777,1999-08-22,1999-08-22,GOURMA-RHAROUS,1,ML0603
778,1999-08-21,1999-08-21,GOUNDAM,1,ML0602
779,1999-08-21,1999-08-21,GOUNDAM,1,ML0602
780,1999-08-21,1999-08-21,GOUNDAM,1,ML0602
781,1999-08-21,1999-08-21,NIAFUNKE,1,ML0604
783,1999-08-21,1999-08-21,GOUNDAM,1,ML0602
784,1999-08-21,1999-08-21,NIAFUNKE,1,ML0604
785,1999-08-21,1999-08-21,GOURMA-RHAROUS,1,ML0603
786,1999-08-21,1999-08-21,DIRE,1,ML0601
787,1999-08-21,1999-08-21,NIAFUNKE,1,ML0604
788,1999-08-20,1999-08-20,DOUENTZA,1,ML0504
789,1999-08-20,1999-08-20,KATI,1,ML0204
790,1999-08-20,1999-08-20,KOLONDIEBA,1,ML0303
791,1999-08-19,1999-08-19,KANGABA,1,ML0203
792,1999-08-18,1999-08-18,KANGABA,1,ML0203
793,1999-08-18,1999-08-18,YANFOLILA,1,ML0306
794,1999-08-17,1999-08-17,TENENKOU,1,ML0507
795,1999-08-17,1999-08-17,KATI,1,ML0204
796,1999-08-17,1999-08-17,MOPTI,1,ML0506
797,1999-08-15,1999-08-15,NIONO,1,ML0404
798,1999-08-15,1999-08-15,KOUTIALA,1,ML0304
799,1999-08-14,1999-08-14,BARAOUELI,1,ML0401
800,1999-08-14,1999-08-14,TOMINIAN,1,ML0407
801,1999-08-14,1999-08-14,TOMINIAN,1,ML0407
802,1999-08-14,1999-08-14,TOMINIAN,1,ML0407
804,1999-08-11,1999-08-11,BARAOUELI,1,ML0401
805,1999-08-11,1999-08-11,BARAOUELI,1,ML0401
806,1999-08-11,1999-08-11,BOUGOUNI,1,ML0301
808,1999-08-10,1999-08-10,BARAOUELI,1,ML0401
809,1999-08-10,1999-08-10,BARAOUELI,1,ML0401
810,1999-08-06,1999-08-06,BOUGOUNI,1,ML0301
811,1999-08-05,1999-08-05,KAYES,1,ML0103
813,1999-08-05,1999-08-05,KATI,1,ML0204
814,1999-08-04,1999-08-05,BAMAKO,2,ML0901
815,1999-08-04,1999-08-05,BAMAKO,2,ML0901
816,1999-08-04,1999-08-05,BAMAKO,2,ML0901
817,1999-08-04,1999-08-05,KOUTIALA,2,ML0304
818,1999-08-04,1999-08-05,KOUTIALA,2,ML0304
819,1999-08-04,1999-08-05,KOUTIALA,2,ML0304
820,1999-08-02,1999-08-02,KOULIKORO,1,ML0206
821,1999-08-01,1999-08-01,KAYES,1,ML0103
822,1999-07-12,1999-07-12,BLA,1,ML0402
826,1998-08-17,1998-08-17,ANSONGO,1,ML0701
827,1998-08-13,1998-08-13,KAYES,1,ML0103
829,1998-06-17,1998-06-18,ANSONGO,2,ML0701
830,1997-08-27,1997-08-27,MOPTI,1,ML0506
831,1997-07-31,1997-07-31,KANGABA,1,ML0203
833,1996-08-11,1996-08-11,KOULIKORO,1,ML0206
835,1996-07-26,1996-07-26,TOMINIAN,1,ML0407
836,1996-06-13,1996-06-13,SIKASSO,1,ML0305
837,1995-08-10,1995-08-10,BARAOUELI,1,ML0401
838,1995-07-17,1995-07-17,KAYES,1,ML0103
839,1995-05-25,1995-05-25,KATI,1,ML0204
840,1994-09-21,1994-09-21,KOULIKORO,1,ML0206
841,1994-09-08,1994-09-08,DOUENTZA,1,ML0504
842,1994-08-05,1994-08-05,DIOILA,1,ML0202
849,1954-08-20,1954-08-20,BAFOULABE,1,ML0101
850,1954-08-20,1954-08-20,TOMBOUCTOU,1,ML0605
851,1954-08-20,1954-08-20,SIKASSO,1,ML0305
852,1906-08-21,1906-08-21,KAYES,1,ML0103
853,1906-08-17,1906-08-17,KOULIKORO,1,ML0206
