siteName;source;river;gaugeId;qualityVerified;hasModel;latitude;longitude
;HYBAS;;hybas_1120005080;False;True;11.360416666665683;43.447916666663104
;HYBAS;;hybas_1120005140;False;True;11.052083333332234;43.62291666666306
;HYBAS;;hybas_1120005180;False;True;10.960416666665708;43.67708333332973
;HYBAS;;hybas_1120005300;False;True;10.593749999998977;44.07708333332971
;HYBAS;;hybas_1120005340;False;True;10.50208333333228;44.21041666666304
;HYBAS;;hybas_1120005720;False;True;10.664583333332304;45.45208333332971
;HYBAS;;hybas_1120005880;False;True;10.731249999998909;46.62291666666317
;HYBAS;;hybas_1120006850;False;True;10.431249999999068;51.02291666666304
;HYBAS;;hybas_1120007060;False;True;8.897916666665651;50.44791666666293
;HYBAS;;hybas_1120007220;False;True;8.13541666666572;50.05624999999645
;HYBAS;;hybas_1120007260;False;True;7.960416666665765;49.84374999999631
;HYBAS;;hybas_1120007370;False;True;7.218749999998977;49.510416666663104
;HYBAS;;hybas_1120007390;False;True;7.143749999998988;49.46041666666304
;HYBAS;;hybas_1120007450;False;True;6.843749999998977;49.26874999999637
;HYBAS;;hybas_1120008100;False;True;-0.2562500000008754;42.62708333332989
;HYBAS;;hybas_1120008130;False;True;-0.860416666667561;42.06458333332984
;HYBAS;;hybas_1120008150;False;True;-0.9645833333341898;41.96458333332976
;HYBAS;;hybas_1120008210;False;True;-1.1562500000009095;41.79791666666324
;HYBAS;;hybas_1120008230;False;True;-1.2062500000008072;41.697916666663104
;HYBAS;;hybas_1120040270;False;True;6.402083333332428;48.73541666666313
;HYBAS;;hybas_1120040390;False;True;3.947916666665776;46.73541666666301
;HYBAS;;hybas_1120041130;False;True;9.58958333333237;48.51458333332977
;HYBAS;;hybas_1120043030;False;True;3.677083333332348;47.05208333332985
;HYBAS;;hybas_1120044410;False;True;4.914583333332416;47.21458333332976
;HYBAS;;hybas_1120044920;False;True;3.5395833333324163;42.24791666666306
;HYBAS;;hybas_1120046700;False;True;3.502083333332393;46.21041666666315
;HYBAS;;hybas_1120046880;False;True;5.010416666665719;47.36458333332973
;HYBAS;;hybas_1120047100;False;True;4.322916666665833;47.78541666666303
;HYBAS;;hybas_1120769990;False;True;11.143749999998931;43.260416666663104
;HYBAS;;hybas_1120776850;False;True;10.972916666665585;43.11041666666307
;HYBAS;;hybas_1120781880;False;True;10.839583333332255;43.21041666666321
;HYBAS;;hybas_1120784600;False;True;10.768749999998876;43.10208333332986
;HYBAS;;hybas_1120788640;False;True;10.664583333332304;48.96874999999636
;HYBAS;;hybas_1120790720;False;True;10.614583333332291;45.43541666666317
;HYBAS;;hybas_1120792740;False;True;10.568749999999;42.96041666666309
;HYBAS;;hybas_1120795810;False;True;10.493749999999013;46.606249999996464
;HYBAS;;hybas_1120797730;False;True;10.447916666665549;45.42708333332973
;HYBAS;;hybas_1120798320;False;True;10.435416666665674;50.75624999999639
;HYBAS;;hybas_1120798890;False;True;10.422916666665628;50.73124999999629
;HYBAS;;hybas_1120799110;False;True;10.418749999999022;50.71458333332976
;HYBAS;;hybas_1120801690;False;True;10.368749999998954;50.5895833333297
;HYBAS;;hybas_1120803090;False;True;10.33958333333237;49.8270833333296
;HYBAS;;hybas_1120803300;False;True;10.335416666665594;50.55624999999634
;HYBAS;;hybas_1120804060;False;True;10.318749999999056;42.85208333332969
;HYBAS;;hybas_1120804280;False;True;10.31458333333228;50.00208333332972
;HYBAS;;hybas_1120804480;False;True;10.310416666665615;49.885416666663104
;HYBAS;;hybas_1120804630;False;True;10.306249999999013;50.00208333332972
;HYBAS;;hybas_1120804640;False;True;10.306249999999013;50.27291666666298
;HYBAS;;hybas_1120804790;False;True;10.302083333332348;45.67708333332968
;HYBAS;;hybas_1120805030;False;True;10.297916666665742;49.94791666666305
;HYBAS;;hybas_1120805480;False;True;10.289583333332304;50.30208333332973
;HYBAS;;hybas_1120805650;False;True;10.285416666665697;50.23124999999635
;HYBAS;;hybas_1120805680;False;True;10.285416666665697;50.42291666666301
;HYBAS;;hybas_1120805860;False;True;10.281249999998863;50.36041666666307
;HYBAS;;hybas_1120805870;False;True;10.281249999998863;50.40624999999631
;HYBAS;;hybas_1120806040;False;True;10.277083333332255;43.70624999999649
;HYBAS;;hybas_1120806050;False;True;10.277083333332255;50.14374999999632
;HYBAS;;hybas_1120807070;False;True;10.247916666665674;45.73958333332979
;HYBAS;;hybas_1120807400;False;True;10.239583333332234;47.84374999999636
;HYBAS;;hybas_1120807780;False;True;10.231249999999022;45.75208333332972
;HYBAS;;hybas_1120808950;False;True;10.197916666665606;43.60624999999652
;HYBAS;;hybas_1120809650;False;True;10.181249999998954;43.55208333332985
;HYBAS;;hybas_1120809660;False;True;10.181249999998954;44.03958333332986
;HYBAS;;hybas_1120809960;False;True;10.177083333332291;43.39374999999643
;HYBAS;;hybas_1120810680;False;True;10.16041666666564;43.96874999999648
;HYBAS;;hybas_1120811680;False;True;10.131249999999056;43.37291666666312
;HYBAS;;hybas_1120812250;False;True;10.118749999999013;43.293749999996464
;HYBAS;;hybas_1120812930;False;True;10.102083333332304;43.34374999999653
;HYBAS;;hybas_1120816680;False;True;10.018749999999043;43.9145833333298
;HYBAS;;hybas_1120821690;False;True;9.897916666665594;44.33124999999643
;HYBAS;;hybas_1120822380;False;True;9.87708333333228;47.99374999999634
;HYBAS;;hybas_1120826670;False;True;9.77708333333237;47.51874999999637
;HYBAS;;hybas_1120828350;False;True;9.735416666665742;48.25624999999639
;HYBAS;;hybas_1120828360;False;True;9.735416666665742;48.31041666666306
;HYBAS;;hybas_1120829660;False;True;9.702083333332324;45.27708333332976
;HYBAS;;hybas_1120829930;False;True;9.693749999998944;47.53541666666308
;HYBAS;;hybas_1120832500;False;True;9.647916666665653;48.43958333332972
;HYBAS;;hybas_1120834340;False;True;9.597916666665585;48.47708333332975
;HYBAS;;hybas_1120834510;False;True;9.593749999998977;48.38958333332965
;HYBAS;;hybas_1120836140;False;True;9.556249999998954;47.61458333332973
;HYBAS;;hybas_1120839180;False;True;9.485416666665571;47.61874999999634
;HYBAS;;hybas_1120840350;False;True;9.456249999999043;47.21458333332976
;HYBAS;;hybas_1120841880;False;True;9.410416666665585;45.63958333332971
;HYBAS;;hybas_1120843050;False;True;9.385416666665662;46.12291666666306
;HYBAS;;hybas_1120844250;False;True;9.352083333332304;46.46041666666309
;HYBAS;;hybas_1120844260;False;True;9.352083333332304;47.72708333332969
;HYBAS;;hybas_1120844430;False;True;9.34791666666564;46.43958333332978
;HYBAS;;hybas_1120844710;False;True;9.3395833333322;47.5562499999964
;HYBAS;;hybas_1120844940;False;True;9.335416666665765;46.52291666666304
;HYBAS;;hybas_1120845150;False;True;9.331249999998988;46.35624999999652
;HYBAS;;hybas_1120845960;False;True;9.31458333333228;47.53958333332969
;HYBAS;;hybas_1120846230;False;True;9.310416666665674;46.59791666666303
;HYBAS;;hybas_1120847000;False;True;9.297916666665571;47.49791666666306
;HYBAS;;hybas_1120847570;False;True;9.285416666665697;46.66041666666297
;HYBAS;;hybas_1120849290;False;True;9.252083333332337;50.61458333332962
;HYBAS;;hybas_1120849830;False;True;9.239583333332291;44.88541666666305
;HYBAS;;hybas_1120850020;False;True;9.235416666665628;50.42291666666301
;HYBAS;;hybas_1120850190;False;True;9.231249999999022;46.67291666666307
;HYBAS;;hybas_1120850600;False;True;9.222916666665752;44.9145833333298
;HYBAS;;hybas_1120851090;False;True;9.210416666665708;44.95208333332977
;HYBAS;;hybas_1120851420;False;True;9.202083333332268;44.98124999999652
;HYBAS;;hybas_1120851430;False;True;9.202083333332268;46.793749999996464
;HYBAS;;hybas_1120851720;False;True;9.193749999999;46.83958333332976
;HYBAS;;hybas_1120852060;False;True;9.18541666666556;45.010416666663104
;HYBAS;;hybas_1120852450;False;True;9.172916666665683;44.7145833333297
;HYBAS;;hybas_1120852470;False;True;9.172916666665683;46.889583333329824
;HYBAS;;hybas_1120852910;False;True;9.164583333332246;46.92708333332979
;HYBAS;;hybas_1120853310;False;True;9.156249999999034;45.06458333332978
;HYBAS;;hybas_1120854160;False;True;9.139583333332324;45.09374999999636
;HYBAS;;hybas_1120854350;False;True;9.13541666666572;45.11041666666307
;HYBAS;;hybas_1120854360;False;True;9.13541666666572;46.98541666666313
;HYBAS;;hybas_1120854510;False;True;9.131249999998886;46.99791666666317
;HYBAS;;hybas_1120854890;False;True;9.118749999999013;44.197916666663104
;HYBAS;;hybas_1120854900;False;True;9.118749999999013;45.12708333332972
;HYBAS;;hybas_1120855530;False;True;9.106249999998964;45.12291666666312
;HYBAS;;hybas_1120856050;False;True;9.09374999999909;44.58958333332981
;HYBAS;;hybas_1120856190;False;True;9.089583333332255;47.02708333332976
;HYBAS;;hybas_1120856700;False;True;9.077083333332382;45.17708333332979
;HYBAS;;hybas_1120856930;False;True;9.068749999998944;44.33541666666309
;HYBAS;;hybas_1120857410;False;True;9.056249999999068;44.31874999999639
;HYBAS;;hybas_1120857990;False;True;9.03958333333236;45.1937499999965
;HYBAS;;hybas_1120858000;False;True;9.03958333333236;47.08124999999643
;HYBAS;;hybas_1120858450;False;True;9.022916666665708;45.21041666666315
;HYBAS;;hybas_1120860670;False;True;8.97291666666564;46.96874999999642
;HYBAS;;hybas_1120861260;False;True;8.956249999998931;47.15624999999642
;HYBAS;;hybas_1120861280;False;True;8.956249999998931;50.18124999999634
;HYBAS;;hybas_1120861290;False;True;8.956249999998931;50.29374999999629
;HYBAS;;hybas_1120861550;False;True;8.94791666666572;46.81874999999644
;HYBAS;;hybas_1120861560;False;True;8.94791666666572;47.03541666666303
;HYBAS;;hybas_1120861570;False;True;8.94791666666572;47.11041666666301
;HYBAS;;hybas_1120862010;False;True;8.93958333333228;47.21458333332976
;HYBAS;;hybas_1120863950;False;True;8.885416666665549;47.29374999999641
;HYBAS;;hybas_1120865350;False;True;8.85208333333236;47.35208333332969
;HYBAS;;hybas_1120865540;False;True;8.847916666665753;47.32708333332977
;HYBAS;;hybas_1120865920;False;True;8.839583333332314;45.39374999999637
;HYBAS;;hybas_1120866520;False;True;8.827083333332439;47.38124999999644
;HYBAS;;hybas_1120867580;False;True;8.802083333332291;47.43541666666312
;HYBAS;;hybas_1120867590;False;True;8.802083333332291;47.61874999999634
;HYBAS;;hybas_1120868420;False;True;8.78541666666564;47.63541666666305
;HYBAS;;hybas_1120868960;False;True;8.772916666665765;45.46458333332976
;HYBAS;;hybas_1120869370;False;True;8.764583333332325;47.72291666666308
;HYBAS;;hybas_1120869720;False;True;8.756249999999056;48.28541666666291
;HYBAS;;hybas_1120869940;False;True;8.75208333333228;47.78541666666303
;HYBAS;;hybas_1120869950;False;True;8.75208333333228;47.827083333329824
;HYBAS;;hybas_1120869960;False;True;8.75208333333228;47.85624999999641
;HYBAS;;hybas_1120870120;False;True;8.747916666665617;48.12708333332967
;HYBAS;;hybas_1120870300;False;True;8.743749999999011;47.91041666666308
;HYBAS;;hybas_1120870580;False;True;8.735416666665742;48.17291666666313
;HYBAS;;hybas_1120870770;False;True;8.731249999998965;47.9312499999964
;HYBAS;;hybas_1120871250;False;True;8.718749999999034;45.46874999999636
;HYBAS;;hybas_1120871680;False;True;8.706249999998988;45.4770833333298
;HYBAS;;hybas_1120871820;False;True;8.702083333332382;48.38541666666305
;HYBAS;;hybas_1120872010;False;True;8.697916666665549;48.04374999999641
;HYBAS;;hybas_1120873740;False;True;8.65624999999892;45.51041666666316
;HYBAS;;hybas_1120875050;False;True;8.631249999999;48.52291666666298
;HYBAS;;hybas_1120875060;False;True;8.631249999999;48.5562499999964
;HYBAS;;hybas_1120875860;False;True;8.614583333332291;48.63958333332965
;HYBAS;;hybas_1120876040;False;True;8.610416666665685;45.53541666666314
;HYBAS;;hybas_1120876190;False;True;8.60624999999908;48.72708333332969
;HYBAS;;hybas_1120876500;False;True;8.59791666666564;48.07291666666299
;HYBAS;;hybas_1120876660;False;True;8.593749999998977;45.572916666663104
;HYBAS;;hybas_1120876800;False;True;8.58958333333237;48.79374999999624
;HYBAS;;hybas_1120877610;False;True;8.568749999999056;45.63124999999644
;HYBAS;;hybas_1120878100;False;True;8.556249999999011;45.6604166666632
;HYBAS;;hybas_1120878220;False;True;8.552083333332348;48.88541666666293
;HYBAS;;hybas_1120879570;False;True;8.518749999998988;48.92291666666313
;HYBAS;;hybas_1120879810;False;True;8.514583333332382;45.72708333332975
;HYBAS;;hybas_1120881300;False;True;8.47708333333236;45.80208333332973
;HYBAS;;hybas_1120881460;False;True;8.472916666665753;48.93958333332967
;HYBAS;;hybas_1120881630;False;True;8.46874999999892;48.747916666663
;HYBAS;;hybas_1120882300;False;True;8.452083333332439;48.97291666666303
;HYBAS;;hybas_1120882310;False;True;8.452083333332439;49.05208333332962
;HYBAS;;hybas_1120882500;False;True;8.447916666665606;48.90208333332964
;HYBAS;;hybas_1120882600;False;True;8.443749999999;45.88541666666299
;HYBAS;;hybas_1120884010;False;True;8.418749999999022;49.09374999999648
;HYBAS;;hybas_1120884570;False;True;8.406249999998977;45.95208333332977
;HYBAS;;hybas_1120884700;False;True;8.40208333333237;49.11458333332956
;HYBAS;;hybas_1120885880;False;True;8.372916666665617;49.22708333332975
;HYBAS;;hybas_1120887700;False;True;8.335416666665594;49.29374999999635
;HYBAS;;hybas_1120887820;False;True;8.331249999998988;48.57708333332971
;HYBAS;;hybas_1120889050;False;True;8.302083333332405;49.37291666666295
;HYBAS;;hybas_1120893640;False;True;8.177083333332348;49.48124999999635
;HYBAS;;hybas_1120895620;False;True;8.12708333333228;49.53541666666303
;HYBAS;;hybas_1120896410;False;True;8.106249999998965;46.7562499999965
;HYBAS;;hybas_1120896580;False;True;8.10208333333236;49.67291666666296
;HYBAS;;hybas_1120926000;False;True;7.385416666665719;47.84374999999636
;HYBAS;;hybas_1120926820;False;True;7.360416666665742;49.48124999999635
;HYBAS;;hybas_1120931280;False;True;7.231249999999079;49.14791666666298
;HYBAS;;hybas_1120935590;False;True;7.122916666665674;47.51874999999637
;HYBAS;;hybas_1120936690;False;True;7.097916666665753;47.33124999999637
;HYBAS;;hybas_1120938680;False;True;7.047916666665685;47.33541666666304
;HYBAS;;hybas_1120939140;False;True;7.039583333332416;49.08958333332964
;HYBAS;;hybas_1120940050;False;True;7.018749999999102;48.6520833333297
;HYBAS;;hybas_1120944250;False;True;6.931249999999068;48.09791666666308
;HYBAS;;hybas_1120944450;False;True;6.927083333332405;47.38124999999644
;HYBAS;;hybas_1120945170;False;True;6.9062499999990905;47.46041666666309
;HYBAS;;hybas_1120947720;False;True;6.831249999999102;47.33958333332981
;HYBAS;;hybas_1120948050;False;True;6.822916666665662;48.76041666666305
;HYBAS;;hybas_1120948640;False;True;6.810416666665788;48.81458333332978
;HYBAS;;hybas_1120949120;False;True;6.797916666665742;48.2270833333298
;HYBAS;;hybas_1120950660;False;True;6.760416666665719;46.80624999999634
;HYBAS;;hybas_1120953520;False;True;6.689583333332337;48.82708333332965
;HYBAS;;hybas_1120954400;False;True;6.672916666665685;48.8395833333297
;HYBAS;;hybas_1120954600;False;True;6.668749999999022;48.53124999999642
;HYBAS;;hybas_1120954610;False;True;6.668749999999022;48.84374999999631
;HYBAS;;hybas_1120954950;False;True;6.66041666666581;47.33958333332981
;HYBAS;;hybas_1120955110;False;True;6.656249999998977;47.33124999999637
;HYBAS;;hybas_1120956150;False;True;6.631249999999056;47.31458333332972
;HYBAS;;hybas_1120956290;False;True;6.6270833333323935;46.72708333332975
;HYBAS;;hybas_1120958720;False;True;6.568749999999113;47.29791666666301
;HYBAS;;hybas_1120958730;False;True;6.568749999999113;48.67291666666301
;HYBAS;;hybas_1120959870;False;True;6.539583333332359;48.82708333332965
;HYBAS;;hybas_1120960410;False;True;6.527083333332314;46.93541666666306
;HYBAS;;hybas_1120960570;False;True;6.522916666665651;47.24374999999634
;HYBAS;;hybas_1120961800;False;True;6.497916666665731;47.73541666666313
;HYBAS;;hybas_1120963060;False;True;6.468749999998977;48.79791666666307
;HYBAS;;hybas_1120963270;False;True;6.464583333332371;47.04791666666307
;HYBAS;;hybas_1120963520;False;True;6.460416666665708;47.30208333332962
;HYBAS;;hybas_1120966550;False;True;6.381249999999113;47.25208333332978
;HYBAS;;hybas_1120967290;False;True;6.360416666665799;48.05208333332968
;HYBAS;;hybas_1120967550;False;True;6.352083333332359;47.24374999999634
;HYBAS;;hybas_1120967650;False;True;6.3479166666656965;48.71041666666298
;HYBAS;;hybas_1120969110;False;True;6.314583333332337;48.16041666666303
;HYBAS;;hybas_1120969340;False;True;6.310416666665731;48.66874999999635
;HYBAS;;hybas_1120970650;False;True;6.277083333332314;48.61041666666307
;HYBAS;;hybas_1120971090;False;True;6.264583333332439;48.43958333332972
;HYBAS;;hybas_1120971790;False;True;6.243749999999125;47.56874999999644
;HYBAS;;hybas_1120971950;False;True;6.239583333332348;47.30624999999645
;HYBAS;;hybas_1120972390;False;True;6.231249999999079;48.46041666666304
;HYBAS;;hybas_1120972620;False;True;6.227083333332303;48.34374999999642
;HYBAS;;hybas_1120973260;False;True;6.206249999998988;48.07291666666299
;HYBAS;;hybas_1120973350;False;True;6.202083333332325;48.58541666666309
;HYBAS;;hybas_1120973830;False;True;6.18958333333245;46.385416666663104
;HYBAS;;hybas_1120974120;False;True;6.181249999999011;47.12291666666306
;HYBAS;;hybas_1120975320;False;True;6.147916666665651;46.73541666666301
;HYBAS;;hybas_1120977150;False;True;6.097916666665753;48.50624999999633
;HYBAS;;hybas_1120977280;False;True;6.093749999998977;47.14791666666298
;HYBAS;;hybas_1120978640;False;True;6.060416666665788;48.48958333332979
;HYBAS;;hybas_1120978790;False;True;6.056249999999125;47.64374999999626
;HYBAS;;hybas_1120978800;False;True;6.056249999999125;47.7437499999964
;HYBAS;;hybas_1120980350;False;True;6.006249999999056;48.48541666666301
;HYBAS;;hybas_1120980630;False;True;5.997916666665617;48.47708333332975
;HYBAS;;hybas_1120980790;False;True;5.993749999999011;46.11458333332985
;HYBAS;;hybas_1120982100;False;True;5.960416666665651;47.99374999999634
;HYBAS;;hybas_1120982310;False;True;5.956249999998988;47.0395833333298
;HYBAS;;hybas_1120983040;False;True;5.935416666665674;48.44374999999639
;HYBAS;;hybas_1120983480;False;True;5.922916666665799;48.06874999999633
;HYBAS;;hybas_1120984580;False;True;5.893749999999045;48.13958333332971
;HYBAS;;hybas_1120985680;False;True;5.864583333332348;46.185416666663
;HYBAS;;hybas_1120987010;False;True;5.831249999998931;48.40208333332976
;HYBAS;;hybas_1120987190;False;True;5.827083333332325;46.61041666666313
;HYBAS;;hybas_1120988210;False;True;5.802083333332405;48.36874999999634
;HYBAS;;hybas_1120989140;False;True;5.777083333332428;48.31874999999633
;HYBAS;;hybas_1120989150;False;True;5.777083333332428;48.33958333332964
;HYBAS;;hybas_1120989270;False;True;5.772916666665651;47.29791666666301
;HYBAS;;hybas_1120990890;False;True;5.71874999999892;46.25624999999639
;HYBAS;;hybas_1120990910;False;True;5.71874999999892;46.9437499999965
;HYBAS;;hybas_1120991600;False;True;5.697916666665606;46.26041666666305
;HYBAS;;hybas_1120992070;False;True;5.685416666665731;47.572916666663104
;HYBAS;;hybas_1120992720;False;True;5.668749999999079;46.24791666666317
;HYBAS;;hybas_1120993560;False;True;5.647916666665765;48.13124999999627
;HYBAS;;hybas_1120994430;False;True;5.62708333333245;47.44374999999639
;HYBAS;;hybas_1120995010;False;True;5.606249999999136;46.32708333332977
;HYBAS;;hybas_1120995030;False;True;5.606249999999136;48.20208333332965
;HYBAS;;hybas_1120995040;False;True;5.606249999999136;48.26458333332977
;HYBAS;;hybas_1120995170;False;True;5.602083333332473;48.25208333332972
;HYBAS;;hybas_1120995870;False;True;5.581249999999159;47.61458333332973
;HYBAS;;hybas_1120996520;False;True;5.560416666665674;45.80208333332973
;HYBAS;;hybas_1120996530;False;True;5.560416666665674;45.81041666666317
;HYBAS;;hybas_1120996800;False;True;5.552083333332405;46.38124999999644
;HYBAS;;hybas_1120997060;False;True;5.543749999999022;46.42291666666307
;HYBAS;;hybas_1120997170;False;True;5.539583333332359;48.03124999999636
;HYBAS;;hybas_1120997520;False;True;5.5312499999990905;45.80208333332973
;HYBAS;;hybas_1120998320;False;True;5.510416666665606;47.97291666666303
;HYBAS;;hybas_1120998660;False;True;5.5020833333323935;47.89374999999643
;HYBAS;;hybas_1120999030;False;True;5.493749999999125;47.947916666663104
;HYBAS;;hybas_1120999790;False;True;5.468749999998977;45.86041666666307
;HYBAS;;hybas_1121000880;False;True;5.427083333332348;47.7437499999964
;HYBAS;;hybas_1121002170;False;True;5.389583333332382;46.4645833333297
;HYBAS;;hybas_1121002290;False;True;5.385416666665719;47.36041666666313
;HYBAS;;hybas_1121003340;False;True;5.352083333332359;47.69791666666299
;HYBAS;;hybas_1121003960;False;True;5.335416666665651;46.12291666666306
;HYBAS;;hybas_1121007950;False;True;5.218749999999034;46.51041666666299
;HYBAS;;hybas_1121008480;False;True;5.202083333332382;47.51458333332977
;HYBAS;;hybas_1121009200;False;True;5.177083333332405;47.48958333332962
;HYBAS;;hybas_1121010630;False;True;5.139583333332439;47.38958333332971
;HYBAS;;hybas_1121010790;False;True;5.135416666665776;45.9437499999965
;HYBAS;;hybas_1121010970;False;True;5.131249999999;46.2895833333298
;HYBAS;;hybas_1121011120;False;True;5.127083333332337;46.043749999996464
;HYBAS;;hybas_1121011400;False;True;5.118749999999125;46.30624999999645
;HYBAS;;hybas_1121012330;False;True;5.089583333332371;46.33124999999643
;HYBAS;;hybas_1121016390;False;True;4.9645833333324845;46.44374999999639
;HYBAS;;hybas_1121017480;False;True;4.935416666665731;46.59791666666303
;HYBAS;;hybas_1121017490;False;True;4.935416666665731;46.606249999996464
;HYBAS;;hybas_1121018180;False;True;4.914583333332416;44.87291666666317
;HYBAS;;hybas_1121018900;False;True;4.893749999999102;46.6645833333298
;HYBAS;;hybas_1121018920;False;True;4.893749999999102;47.14791666666298
;HYBAS;;hybas_1121020080;False;True;4.860416666665742;45.13124999999639
;HYBAS;;hybas_1121020200;False;True;4.856249999999079;45.16041666666308
;HYBAS;;hybas_1121021840;False;True;4.793749999999136;46.48958333332985
;HYBAS;;hybas_1121022000;False;True;4.789583333332359;45.18958333332984
;HYBAS;;hybas_1121023630;False;True;4.731249999999022;46.51874999999643
;HYBAS;;hybas_1121024250;False;True;4.706249999999102;45.20624999999637
;HYBAS;;hybas_1121024600;False;True;4.693749999999;46.58958333332981
;HYBAS;;hybas_1121025930;False;True;4.652083333332371;45.22291666666303
;HYBAS;;hybas_1121026290;False;True;4.643749999999159;43.21041666666321
;HYBAS;;hybas_1121027190;False;True;4.610416666665742;46.84791666666297
;HYBAS;;hybas_1121027930;False;True;4.581249999999045;45.25624999999644
;HYBAS;;hybas_1121027940;False;True;4.581249999999045;46.86041666666307
;HYBAS;;hybas_1121028160;False;True;4.572916666665776;44.45624999999649
;HYBAS;;hybas_1121028490;False;True;4.564583333332507;46.86458333332985
;HYBAS;;hybas_1121028980;False;True;4.543749999999022;45.27291666666309
;HYBAS;;hybas_1121030510;False;True;4.489583333332348;46.51874999999643
;HYBAS;;hybas_1121031140;False;True;4.456249999999159;44.8479166666632
;HYBAS;;hybas_1121031270;False;True;4.452083333332496;43.01874999999637
;HYBAS;;hybas_1121031420;False;True;4.443749999999056;45.2895833333298
;HYBAS;;hybas_1121032450;False;True;4.4062499999990905;46.91458333332975
;HYBAS;;hybas_1121033770;False;True;4.352083333332359;45.36874999999645
;HYBAS;;hybas_1121034110;False;True;4.3395833333324845;43.23958333332979
;HYBAS;;hybas_1121034270;False;True;4.331249999999045;43.06874999999644
;HYBAS;;hybas_1121034330;False;True;4.327083333332439;42.985416666663184
;HYBAS;;hybas_1121034760;False;True;4.3145833333323935;46.80208333332973
;HYBAS;;hybas_1121034980;False;True;4.306249999999125;43.03958333332969
;HYBAS;;hybas_1121035000;False;True;4.306249999999125;46.91041666666314
;HYBAS;;hybas_1121035110;False;True;4.302083333332348;46.98124999999629
;HYBAS;;hybas_1121035240;False;True;4.297916666665685;45.385416666663104
;HYBAS;;hybas_1121035440;False;True;4.289583333332416;44.94791666666316
;HYBAS;;hybas_1121035460;False;True;4.289583333332416;45.38958333332977
;HYBAS;;hybas_1121036180;False;True;4.264583333332496;46.185416666663
;HYBAS;;hybas_1121036300;False;True;4.260416666665719;45.32291666666316
;HYBAS;;hybas_1121036510;False;True;4.25208333333245;44.97291666666308
;HYBAS;;hybas_1121036860;False;True;4.2437499999991815;42.94374999999639
;HYBAS;;hybas_1121036880;False;True;4.2437499999991815;46.36041666666296
;HYBAS;;hybas_1121038340;False;True;4.197916666665776;46.84791666666297
;HYBAS;;hybas_1121038580;False;True;4.185416666665674;46.452083333329824
;HYBAS;;hybas_1121038600;False;True;4.185416666665674;46.83541666666309
;HYBAS;;hybas_1121039020;False;True;4.168749999999022;44.99791666666306
;HYBAS;;hybas_1121039030;False;True;4.168749999999022;45.45208333332971
;HYBAS;;hybas_1121039210;False;True;4.164583333332359;42.86458333332979
;HYBAS;;hybas_1121039310;False;True;4.160416666665753;44.18958333332989
;HYBAS;;hybas_1121039320;False;True;4.160416666665753;46.51874999999643
;HYBAS;;hybas_1121039440;False;True;4.156249999999147;42.14374999999649
;HYBAS;;hybas_1121039450;False;True;4.156249999999147;42.41874999999635
;HYBAS;;hybas_1121039620;False;True;4.1520833333324845;45.49791666666312
;HYBAS;;hybas_1121039830;False;True;4.143749999999045;42.82708333332977
;HYBAS;;hybas_1121039850;False;True;4.143749999999045;45.08958333332976
;HYBAS;;hybas_1121039860;False;True;4.143749999999045;45.50208333332972
;HYBAS;;hybas_1121039870;False;True;4.143749999999045;46.82708333332965
;HYBAS;;hybas_1121039980;False;True;4.139583333332439;43.68124999999657
;HYBAS;;hybas_1121040480;False;True;4.122916666665731;42.41458333332992
;HYBAS;;hybas_1121040500;False;True;4.122916666665731;45.50624999999639
;HYBAS;;hybas_1121040620;False;True;4.118749999999125;42.68541666666317
;HYBAS;;hybas_1121041040;False;True;4.102083333332416;45.16458333332975
;HYBAS;;hybas_1121041260;False;True;4.089583333332371;45.24374999999634
;HYBAS;;hybas_1121041270;False;True;4.089583333332371;46.30208333332985
;HYBAS;;hybas_1121041320;False;True;4.085416666665765;42.30624999999657
;HYBAS;;hybas_1121041330;False;True;4.085416666665765;42.643749999996544
;HYBAS;;hybas_1121041620;False;True;4.072916666665662;46.81458333332978
;HYBAS;;hybas_1121042090;False;True;4.0562499999991815;42.31874999999644
;HYBAS;;hybas_1121042100;False;True;4.0562499999991815;46.78541666666303
;HYBAS;;hybas_1121042110;False;True;4.0562499999991815;46.793749999996464
;HYBAS;;hybas_1121042220;False;True;4.052083333332348;46.19374999999644
;HYBAS;;hybas_1121042390;False;True;4.047916666665742;43.46458333332981
;HYBAS;;hybas_1121042550;False;True;4.043749999999136;46.69374999999639
;HYBAS;;hybas_1121042670;False;True;4.039583333332473;46.70208333332977
;HYBAS;;hybas_1121042840;False;True;4.0354166666656965;42.635416666663104
;HYBAS;;hybas_1121043080;False;True;4.027083333332428;42.40208333332987
;HYBAS;;hybas_1121043090;False;True;4.027083333332428;42.41041666666314
;HYBAS;;hybas_1121043120;False;True;4.027083333332428;45.51874999999643
;HYBAS;;hybas_1121043320;False;True;4.018749999999159;44.50624999999639
;HYBAS;;hybas_1121043420;False;True;4.014583333332382;46.76874999999637
;HYBAS;;hybas_1121043730;False;True;4.002083333332507;45.33958333332987
;HYBAS;;hybas_1121043740;False;True;4.002083333332507;46.64791666666309
;HYBAS;;hybas_1121043750;False;True;4.002083333332507;46.76458333332971
;HYBAS;;hybas_1121043850;False;True;3.997916666665674;46.7562499999965
;HYBAS;;hybas_1121043920;False;True;3.993749999999068;43.41041666666308
;HYBAS;;hybas_1121044290;False;True;3.9812499999990223;42.577083333329824
;HYBAS;;hybas_1121044740;False;True;3.9687499999990905;46.57708333332971
;HYBAS;;hybas_1121044860;False;True;3.964583333332485;42.75208333332978
;HYBAS;;hybas_1121045400;False;True;3.947916666665776;42.45208333332977
;HYBAS;;hybas_1121045630;False;True;3.9395833333323935;44.7145833333297
;HYBAS;;hybas_1121045910;False;True;3.927083333332291;46.68958333332972
;HYBAS;;hybas_1121045940;False;True;3.922916666665685;42.71041666666315
;HYBAS;;hybas_1121045950;False;True;3.922916666665685;45.56041666666306
;HYBAS;;hybas_1121046080;False;True;3.918749999999079;43.20208333332977
;HYBAS;;hybas_1121046480;False;True;3.906249999998977;42.55624999999651
;HYBAS;;hybas_1121046500;False;True;3.906249999998977;45.42291666666313
;HYBAS;;hybas_1121046600;False;True;3.902083333332371;42.54791666666324
;HYBAS;;hybas_1121047240;False;True;3.872916666665788;45.56458333332967
;HYBAS;;hybas_1121047660;False;True;3.856249999999136;45.572916666663104
;HYBAS;;hybas_1121047930;False;True;3.847916666665697;44.79791666666313
;HYBAS;;hybas_1121048150;False;True;3.839583333332428;44.79374999999652
;HYBAS;;hybas_1121048160;False;True;3.839583333332428;46.51041666666299
;HYBAS;;hybas_1121048330;False;True;3.8354166666658216;46.54791666666296
;HYBAS;;hybas_1121048340;False;True;3.8354166666658216;46.56041666666306
;HYBAS;;hybas_1121048480;False;True;3.831249999999159;42.57291666666316
;HYBAS;;hybas_1121048500;False;True;3.831249999999159;46.51874999999643
;HYBAS;;hybas_1121048830;False;True;3.8229166666657193;45.56458333332967
;HYBAS;;hybas_1121048920;False;True;3.818749999999113;42.577083333329824
;HYBAS;;hybas_1121048930;False;True;3.818749999999113;46.4770833333298
;HYBAS;;hybas_1121049060;False;True;3.814583333332507;45.59374999999642
;HYBAS;;hybas_1121049790;False;True;3.7812499999990905;43.1520833333297
;HYBAS;;hybas_1121050950;False;True;3.7437499999991246;42.1645833333298
;HYBAS;;hybas_1121051100;False;True;3.7395833333324617;42.53124999999636
;HYBAS;;hybas_1121051290;False;True;3.7312499999990223;45.63124999999644
;HYBAS;;hybas_1121052760;False;True;3.677083333332348;47.06041666666312
;HYBAS;;hybas_1121052850;False;True;3.672916666665742;47.04374999999641
;HYBAS;;hybas_1121053660;False;True;3.6354166666657193;44.95624999999643
;HYBAS;;hybas_1121053770;False;True;3.631249999999113;42.84791666666308
;HYBAS;;hybas_1121053840;False;True;3.6270833333324495;42.80624999999645
;HYBAS;;hybas_1121053860;False;True;3.6270833333324495;44.97291666666308
;HYBAS;;hybas_1121054240;False;True;3.6020833333323594;42.643749999996544
;HYBAS;;hybas_1121054250;False;True;3.6020833333323594;45.668749999996464
;HYBAS;;hybas_1121054450;False;True;3.5937499999990905;45.67291666666307
;HYBAS;;hybas_1121054560;False;True;3.5895833333324845;42.66874999999652
;HYBAS;;hybas_1121054570;False;True;3.5895833333324845;42.73541666666324
;HYBAS;;hybas_1121054590;False;True;3.5895833333324845;46.92291666666301
;HYBAS;;hybas_1121054820;False;True;3.581249999999045;42.70624999999649
;HYBAS;;hybas_1121055130;False;True;3.56874999999917;42.47291666666308
;HYBAS;;hybas_1121056010;False;True;3.527083333332371;45.64374999999649
;HYBAS;;hybas_1121056300;False;True;3.518749999999102;46.10208333332975
;HYBAS;;hybas_1121056400;False;True;3.514583333332496;42.53124999999636
;HYBAS;;hybas_1121056480;False;True;3.510416666665833;42.20624999999643
;HYBAS;;hybas_1121056490;False;True;3.510416666665833;42.5395833333298
;HYBAS;;hybas_1121056570;False;True;3.5062499999990564;46.20208333332971
;HYBAS;;hybas_1121056580;False;True;3.5062499999990564;46.86874999999628
;HYBAS;;hybas_1121056810;False;True;3.4979166666657875;42.87708333332984
;HYBAS;;hybas_1121057400;False;True;3.477083333332473;45.64791666666315
;HYBAS;;hybas_1121057610;False;True;3.4687499999990337;46.82708333332965
;HYBAS;;hybas_1121058000;False;True;3.4520833333323253;42.93124999999651
;HYBAS;;hybas_1121058020;False;True;3.4520833333323253;45.20208333332971
;HYBAS;;hybas_1121058340;False;True;3.4395833333324504;43.02291666666321
;HYBAS;;hybas_1121058730;False;True;3.422916666665799;42.54791666666324
;HYBAS;;hybas_1121059380;False;True;3.3979166666658216;46.78541666666303
;HYBAS;;hybas_1121059480;False;True;3.393749999999045;45.4312499999964
;HYBAS;;hybas_1121059830;False;True;3.38124999999917;45.59791666666308
;HYBAS;;hybas_1121060490;False;True;3.360416666665856;42.31041666666317
;HYBAS;;hybas_1121060510;False;True;3.360416666665856;42.49791666666317
;HYBAS;;hybas_1121060520;False;True;3.360416666665856;42.54791666666324
;HYBAS;;hybas_1121060620;False;True;3.3562499999990223;42.50624999999644
;HYBAS;;hybas_1121060680;False;True;3.3520833333324163;42.54791666666324
;HYBAS;;hybas_1121060870;False;True;3.343749999999148;42.33958333332976
;HYBAS;;hybas_1121061060;False;True;3.335416666665708;45.44374999999644
;HYBAS;;hybas_1121061200;False;True;3.327083333332439;45.30624999999651
;HYBAS;;hybas_1121061370;False;True;3.322916666665833;44.59374999999648
;HYBAS;;hybas_1121061670;False;True;3.314583333332393;42.96874999999653
;HYBAS;;hybas_1121061680;False;True;3.314583333332393;43.0062499999965
;HYBAS;;hybas_1121062530;False;True;3.289583333332473;45.21041666666315
;HYBAS;;hybas_1121063930;False;True;3.235416666665799;44.69791666666322
;HYBAS;;hybas_1121064100;False;True;3.22708333333253;45.231249999996464
;HYBAS;;hybas_1121064110;False;True;3.22708333333253;45.23958333332973
;HYBAS;;hybas_1121064300;False;True;3.2187499999990905;42.15624999999653
;HYBAS;;hybas_1121064620;False;True;3.202083333332382;45.03958333332969
;HYBAS;;hybas_1121065000;False;True;3.189583333332507;42.49791666666317
;HYBAS;;hybas_1121066470;False;True;3.131249999999;42.49791666666317
;HYBAS;;hybas_1121066730;False;True;3.1229166666657875;45.22291666666303
;HYBAS;;hybas_1121067070;False;True;3.102083333332473;45.08124999999649
;HYBAS;;hybas_1121067080;False;True;3.102083333332473;45.22291666666303
;HYBAS;;hybas_1121067120;False;True;3.0979166666658102;42.58541666666309
;HYBAS;;hybas_1121067130;False;True;3.0979166666658102;43.71874999999653
;HYBAS;;hybas_1121067420;False;True;3.0854166666657648;45.82708333332971
;HYBAS;;hybas_1121067510;False;True;3.0812499999991587;41.36041666666324
;HYBAS;;hybas_1121067540;False;True;3.0812499999991587;42.61874999999645
;HYBAS;;hybas_1121067560;False;True;3.0812499999991587;44.80208333332979
;HYBAS;;hybas_1121067930;False;True;3.0687499999990564;45.81874999999644
;HYBAS;;hybas_1121068730;False;True;3.0354166666656965;41.37291666666312
;HYBAS;;hybas_1121068860;False;True;3.0312499999990905;41.885416666663104
;HYBAS;;hybas_1121068980;False;True;3.027083333332428;41.98124999999641
;HYBAS;;hybas_1121069070;False;True;3.0229166666658216;42.80208333332985
;HYBAS;;hybas_1121069080;False;True;3.0229166666658216;42.84791666666308
;HYBAS;;hybas_1121069500;False;True;3.006249999999113;45.83124999999649
;HYBAS;;hybas_1121069750;False;True;2.99791666666573;45.1020833333298
;HYBAS;;hybas_1121069930;False;True;2.9895833333324617;42.56458333332978
;HYBAS;;hybas_1121070550;False;True;2.964583333332314;41.39374999999643
;HYBAS;;hybas_1121070580;False;True;2.964583333332314;45.03958333332969
;HYBAS;;hybas_1121070850;False;True;2.952083333332439;44.93124999999645
;HYBAS;;hybas_1121071210;False;True;2.939583333332393;41.38124999999656
;HYBAS;;hybas_1121071540;False;True;2.9270833333325186;43.797916666663184
;HYBAS;;hybas_1121071650;False;True;2.922916666665685;44.37708333332972
;HYBAS;;hybas_1121071790;False;True;2.918749999999079;45.78124999999642
;HYBAS;;hybas_1121071950;False;True;2.914583333332473;44.24791666666317
;HYBAS;;hybas_1121072340;False;True;2.8979166666657648;45.75208333332972
;HYBAS;;hybas_1121072470;False;True;2.8937499999991587;42.29791666666313
;HYBAS;;hybas_1121072580;False;True;2.889583333332496;42.48124999999652
;HYBAS;;hybas_1121072720;False;True;2.8854166666657197;44.06874999999644
;HYBAS;;hybas_1121072820;False;True;2.8812499999990564;41.32708333332988
;HYBAS;;hybas_1121073030;False;True;2.8729166666658443;42.22708333332992
;HYBAS;;hybas_1121073150;False;True;2.868749999999181;45.31458333332972
;HYBAS;;hybas_1121073290;False;True;2.864583333332405;44.09374999999636
;HYBAS;;hybas_1121073310;False;True;2.864583333332405;45.06458333332978
;HYBAS;;hybas_1121074190;False;True;2.8437499999990905;41.30624999999657
;HYBAS;;hybas_1121074340;False;True;2.839583333332428;44.93124999999645
;HYBAS;;hybas_1121074890;False;True;2.814583333332507;41.33541666666315
;HYBAS;;hybas_1121074970;False;True;2.810416666665674;42.3520833333298
;HYBAS;;hybas_1121074980;False;True;2.810416666665674;42.36041666666324
;HYBAS;;hybas_1121075120;False;True;2.806249999999068;41.28958333332986
;HYBAS;;hybas_1121075230;False;True;2.8020833333324617;41.08541666666321
;HYBAS;;hybas_1121075240;False;True;2.8020833333324617;45.06458333332978
;HYBAS;;hybas_1121076090;False;True;2.772916666665708;43.952083333329824
;HYBAS;;hybas_1121076260;False;True;2.764583333332439;43.985416666663184
;HYBAS;;hybas_1121076550;False;True;2.752083333332393;41.27708333332981
;HYBAS;;hybas_1121076570;False;True;2.752083333332393;45.29791666666307
;HYBAS;;hybas_1121076650;False;True;2.74791666666573;44.90624999999636
;HYBAS;;hybas_1121077400;False;True;2.718749999999204;45.6645833333298
;HYBAS;;hybas_1121077500;False;True;2.714583333332371;44.88541666666305
;HYBAS;;hybas_1121077510;False;True;2.714583333332371;44.95624999999643
;HYBAS;;hybas_1121077780;False;True;2.706249999999102;41.25208333332989
;HYBAS;;hybas_1121077810;False;True;2.706249999999102;44.889583333329824
;HYBAS;;hybas_1121077960;False;True;2.702083333332496;45.23541666666313
;HYBAS;;hybas_1121078130;False;True;2.6937499999990564;42.36041666666324
;HYBAS;;hybas_1121078280;False;True;2.6895833333324504;44.76041666666316
;HYBAS;;hybas_1121079010;False;True;2.6562499999990905;41.31874999999644
;HYBAS;;hybas_1121079020;False;True;2.6562499999990905;41.32708333332988
;HYBAS;;hybas_1121079030;False;True;2.6562499999990905;45.1812499999964
;HYBAS;;hybas_1121079080;False;True;2.652083333332428;44.13541666666316
;HYBAS;;hybas_1121079220;False;True;2.643749999998988;44.13124999999639
;HYBAS;;hybas_1121079800;False;True;2.6145833333324617;41.30208333332979
;HYBAS;;hybas_1121079900;False;True;2.610416666665799;41.31041666666317
;HYBAS;;hybas_1121079980;False;True;2.606249999999193;45.50208333332972
;HYBAS;;hybas_1121080480;False;True;2.585416666665708;42.30208333332973
;HYBAS;;hybas_1121080720;False;True;2.577083333332439;41.322916666663104
;HYBAS;;hybas_1121080730;False;True;2.577083333332439;41.33124999999649
;HYBAS;;hybas_1121080900;False;True;2.572916666665833;43.56874999999639
;HYBAS;;hybas_1121081050;False;True;2.56041666666573;45.49374999999651
;HYBAS;;hybas_1121081210;False;True;2.5520833333325186;44.73958333332985
;HYBAS;;hybas_1121082200;False;True;2.5020833333324504;41.36041666666324
;HYBAS;;hybas_1121082250;False;True;2.5020833333324504;44.69374999999639
;HYBAS;;hybas_1121082900;False;True;2.481249999999136;41.38124999999656
;HYBAS;;hybas_1121082920;False;True;2.481249999999136;44.56041666666306
;HYBAS;;hybas_1121083070;False;True;2.477083333332473;44.67291666666307
;HYBAS;;hybas_1121083520;False;True;2.4604166666658216;42.43958333332989
;HYBAS;;hybas_1121083690;False;True;2.452083333332382;42.68541666666317
;HYBAS;;hybas_1121084770;False;True;2.418749999999193;44.6604166666632
;HYBAS;;hybas_1121084790;False;True;2.418749999999193;45.07291666666305
;HYBAS;;hybas_1121085040;False;True;2.4104166666657534;42.34374999999653
;HYBAS;;hybas_1121085440;False;True;2.3979166666658784;44.61041666666313
;HYBAS;;hybas_1121085550;False;True;2.393749999999045;44.6187499999964
;HYBAS;;hybas_1121085790;False;True;2.385416666665776;41.99791666666312
;HYBAS;;hybas_1121085900;False;True;2.38124999999917;42.01041666666316
;HYBAS;;hybas_1121086030;False;True;2.377083333332393;42.30208333332973
;HYBAS;;hybas_1121086150;False;True;2.37291666666573;42.081249999996544
;HYBAS;;hybas_1121086410;False;True;2.356249999999079;41.45624999999637
;HYBAS;;hybas_1121086680;False;True;2.343749999999148;42.28541666666308
;HYBAS;;hybas_1121087000;False;True;2.327083333332496;42.12291666666317
;HYBAS;;hybas_1121087010;False;True;2.327083333332496;42.13124999999644
;HYBAS;;hybas_1121087110;False;True;2.3229166666656624;44.93958333332972
;HYBAS;;hybas_1121087250;False;True;2.3145833333324504;44.53958333332975
;HYBAS;;hybas_1121087260;False;True;2.3145833333324504;44.547916666663184
;HYBAS;;hybas_1121087580;False;True;2.302083333332348;41.56458333332978
;HYBAS;;hybas_1121087720;False;True;2.297916666665742;45.32291666666316
;HYBAS;;hybas_1121087920;False;True;2.289583333332473;42.12708333332978
;HYBAS;;hybas_1121088830;False;True;2.252083333332507;41.610416666663184
;HYBAS;;hybas_1121088840;False;True;2.252083333332507;43.9145833333298
;HYBAS;;hybas_1121089100;False;True;2.243749999999068;44.24791666666317
;HYBAS;;hybas_1121089400;False;True;2.22708333333253;42.5395833333298
;HYBAS;;hybas_1121089660;False;True;2.2145833333324845;41.14791666666315
;HYBAS;;hybas_1121089810;False;True;2.206249999999045;44.88541666666305
;HYBAS;;hybas_1121090900;False;True;2.1645833333324163;41.19374999999656
;HYBAS;;hybas_1121091020;False;True;2.156249999999148;42.14374999999649
;HYBAS;;hybas_1121091040;False;True;2.156249999999148;43.04791666666313
;HYBAS;;hybas_1121091050;False;True;2.156249999999148;44.1937499999965
;HYBAS;;hybas_1121091270;False;True;2.147916666665708;44.49374999999651
;HYBAS;;hybas_1121091410;False;True;2.139583333332496;45.06041666666317
;HYBAS;;hybas_1121091750;False;True;2.127083333332393;44.4770833333298
;HYBAS;;hybas_1121091850;False;True;2.1229166666657875;41.63958333332977
;HYBAS;;hybas_1121091970;False;True;2.118749999999181;44.46458333332976
;HYBAS;;hybas_1121092040;False;True;2.1145833333325186;43.57291666666316
;HYBAS;;hybas_1121092220;False;True;2.106249999999079;44.79374999999652
;HYBAS;;hybas_1121092550;False;True;2.097916666665867;41.22708333332975
;HYBAS;;hybas_1121092570;False;True;2.097916666665867;41.62291666666312
;HYBAS;;hybas_1121092710;False;True;2.093749999999204;42.32291666666322
;HYBAS;;hybas_1121092990;False;True;2.0812499999991587;44.73124999999641
;HYBAS;;hybas_1121093200;False;True;2.07291666666572;42.40624999999648
;HYBAS;;hybas_1121093450;False;True;2.0645833333324504;42.22291666666314
;HYBAS;;hybas_1121093630;False;True;2.056249999999068;41.23958333332985
;HYBAS;;hybas_1121093640;False;True;2.056249999999068;43.84374999999642
;HYBAS;;hybas_1121093940;False;True;2.047916666665799;42.28541666666308
;HYBAS;;hybas_1121094090;False;True;2.043749999999136;42.27708333332981
;HYBAS;;hybas_1121094440;False;True;2.0270833333324845;44.31458333332978
;HYBAS;;hybas_1121094520;False;True;2.0229166666658216;43.13541666666322
;HYBAS;;hybas_1121094530;False;True;2.0229166666658216;44.32291666666322
;HYBAS;;hybas_1121094860;False;True;2.00624999999917;44.8479166666632
;HYBAS;;hybas_1121095710;False;True;1.968749999999148;41.62708333332989
;HYBAS;;hybas_1121096180;False;True;1.952083333332496;42.268749999996544
;HYBAS;;hybas_1121097200;False;True;1.914583333332473;44.197916666663104
;HYBAS;;hybas_1121097700;False;True;1.902083333332428;44.643749999996544
;HYBAS;;hybas_1121098090;False;True;1.8854166666657195;41.62291666666312
;HYBAS;;hybas_1121098250;False;True;1.8812499999991128;44.15208333332987
;HYBAS;;hybas_1121098410;False;True;1.8729166666658443;42.31041666666317
;HYBAS;;hybas_1121098950;False;True;1.85208333333253;44.54374999999641
;HYBAS;;hybas_1121099200;False;True;1.8395833333324845;41.46458333332981
;HYBAS;;hybas_1121099210;False;True;1.8395833333324845;41.47291666666308
;HYBAS;;hybas_1121099300;False;True;1.8354166666658216;42.5354166666632
;HYBAS;;hybas_1121099920;False;True;1.8104166666657304;41.47708333332992
;HYBAS;;hybas_1121099950;False;True;1.8104166666657304;44.49374999999651
;HYBAS;;hybas_1121100090;False;True;1.806249999999068;44.16458333332975
;HYBAS;;hybas_1121100100;False;True;1.806249999999068;44.172916666663184
;HYBAS;;hybas_1121100220;False;True;1.8020833333324613;41.47708333332992
;HYBAS;;hybas_1121100710;False;True;1.7812499999991471;42.32291666666322
;HYBAS;;hybas_1121101150;False;True;1.764583333332439;44.17708333332979
;HYBAS;;hybas_1121101620;False;True;1.7395833333325186;42.389583333329824
;HYBAS;;hybas_1121101720;False;True;1.735416666665742;42.39791666666304
;HYBAS;;hybas_1121102120;False;True;1.7187499999992042;44.11874999999651
;HYBAS;;hybas_1121102420;False;True;1.7020833333324958;41.55624999999651
;HYBAS;;hybas_1121102430;False;True;1.7020833333324958;41.56458333332978
;HYBAS;;hybas_1121104630;False;True;1.6145833333324615;43.610416666663184
;HYBAS;;hybas_1121104820;False;True;1.6062499999991928;41.60624999999641
;HYBAS;;hybas_1121105080;False;True;1.5937499999991471;44.197916666663104
;HYBAS;;hybas_1121105380;False;True;1.581249999999102;42.456249999996544
;HYBAS;;hybas_1121105630;False;True;1.572916666665833;41.50624999999644
;HYBAS;;hybas_1121105930;False;True;1.5645833333323935;44.02291666666298
;HYBAS;;hybas_1121106060;False;True;1.5604166666657877;44.03124999999642
;HYBAS;;hybas_1121106190;False;True;1.5562499999991246;43.22708333332975
;HYBAS;;hybas_1121106320;False;True;1.5520833333325186;44.00208333332989
;HYBAS;;hybas_1121106740;False;True;1.539583333332473;41.46458333332981
;HYBAS;;hybas_1121107100;True;True;1.5270833333323708;42.422916666663184
;HYBAS;;hybas_1121107200;False;True;1.5229166666657648;42.45208333332977
;HYBAS;;hybas_1121108240;False;True;1.481249999999136;43.90624999999653
;HYBAS;;hybas_1121108410;False;True;1.47708333333253;43.84791666666308
;HYBAS;;hybas_1121108550;False;True;1.472916666665867;41.0687499999965
;HYBAS;;hybas_1121108570;False;True;1.472916666665867;42.422916666663184
;HYBAS;;hybas_1121108920;False;True;1.4604166666658216;41.51458333332988
;HYBAS;;hybas_1121108930;False;True;1.4604166666658216;41.52291666666315
;HYBAS;;hybas_1121109630;False;True;1.4354166666657306;43.797916666663184
;HYBAS;;hybas_1121109950;False;True;1.4229166666657989;43.61458333332979
;HYBAS;;hybas_1121110070;False;True;1.4145833333324165;41.61874999999645
;HYBAS;;hybas_1121110290;False;True;1.4062499999991471;43.59374999999648
;HYBAS;;hybas_1121110980;False;True;1.38124999999917;43.58541666666321
;HYBAS;;hybas_1121110990;False;True;1.38124999999917;43.90624999999653
;HYBAS;;hybas_1121111370;False;True;1.3687499999991246;41.63958333332977
;HYBAS;;hybas_1121112060;False;True;1.3479166666658102;42.45208333332977
;HYBAS;;hybas_1121112080;False;True;1.3479166666658102;43.55208333332985
;HYBAS;;hybas_1121112930;False;True;1.3187499999990564;41.389583333329824
;HYBAS;;hybas_1121112950;False;True;1.3187499999990564;43.53124999999653
;HYBAS;;hybas_1121113500;False;True;1.302083333332405;41.510416666663104
;HYBAS;;hybas_1121114250;False;True;1.2687499999992156;42.55624999999651
;HYBAS;;hybas_1121114480;False;True;1.2562499999991132;43.80624999999645
;HYBAS;;hybas_1121114620;False;True;1.2520833333325072;42.96874999999653
;HYBAS;;hybas_1121114890;False;True;1.2395833333324615;43.30624999999651
;HYBAS;;hybas_1121115240;False;True;1.2229166666657534;43.7270833333298
;HYBAS;;hybas_1121115400;False;True;1.2187499999991471;43.73541666666307
;HYBAS;;hybas_1121115480;False;True;1.2104166666658784;43.50624999999644
;HYBAS;;hybas_1121116000;False;True;1.19374999999917;42.55624999999651
;HYBAS;;hybas_1121116580;False;True;1.1729166666658557;43.7229166666632
;HYBAS;;hybas_1121117010;False;True;1.152083333332541;41.52291666666315
;HYBAS;;hybas_1121117250;False;True;1.143749999999102;41.26458333332994
;HYBAS;;hybas_1121118220;False;True;1.102083333332473;43.68958333332978
;HYBAS;;hybas_1121118470;False;True;1.0937499999990905;43.01041666666316
;HYBAS;;hybas_1121118480;False;True;1.0937499999990905;43.01874999999637
;HYBAS;;hybas_1121118630;False;True;1.0895833333324276;43.45208333332971
;HYBAS;;hybas_1121118860;False;True;1.0812499999991587;43.22708333332975
;HYBAS;;hybas_1121118870;False;True;1.0812499999991587;43.45208333332971
;HYBAS;;hybas_1121118960;True;True;1.077083333332553;42.58541666666309
;HYBAS;;hybas_1121119170;False;True;1.0687499999991132;43.22708333332975
;HYBAS;;hybas_1121119390;False;True;1.0562499999990678;42.99791666666306
;HYBAS;;hybas_1121119410;False;True;1.0562499999990678;43.39374999999643
;HYBAS;;hybas_1121119470;False;True;1.0520833333324615;41.36041666666324
;HYBAS;;hybas_1121119490;False;True;1.0520833333324615;43.24374999999657
;HYBAS;;hybas_1121119870;False;True;1.0395833333323594;41.21874999999653
;HYBAS;;hybas_1121119880;False;True;1.0395833333323594;41.42708333332985
;HYBAS;;hybas_1121119950;False;True;1.0354166666657534;41.072916666663104
;HYBAS;;hybas_1121120030;False;True;1.0312499999991471;41.06458333332989
;HYBAS;;hybas_1121120350;False;True;1.010416666665833;41.47708333332992
;HYBAS;;hybas_1121120600;False;True;0.9979166666657306;42.98958333332985
;HYBAS;;hybas_1121121020;False;True;0.9729166666658102;43.00208333332989
;HYBAS;;hybas_1121121400;False;True;0.956249999999102;41.50208333332984
;HYBAS;;hybas_1121122080;False;True;0.927083333332348;41.52291666666315
;HYBAS;;hybas_1121122320;False;True;0.918749999999136;41.543749999996464
;HYBAS;;hybas_1121122610;False;True;0.9062499999990336;43.27708333332976
;HYBAS;;hybas_1121124540;False;True;0.8312499999992156;42.97291666666314
;HYBAS;;hybas_1121124730;False;True;0.8229166666657761;42.00624999999656
;HYBAS;;hybas_1121124890;False;True;0.8187499999991701;42.01458333332977
;HYBAS;;hybas_1121124900;False;True;0.8187499999991701;43.2854166666632
;HYBAS;;hybas_1121125670;False;True;0.7812499999991473;41.5895833333297
;HYBAS;;hybas_1121125750;False;True;0.7770833333325413;41.20624999999643
;HYBAS;;hybas_1121125880;False;True;0.7729166666657648;43.16874999999641
;HYBAS;;hybas_1121126130;False;True;0.7645833333324958;41.885416666663104
;HYBAS;;hybas_1121126140;False;True;0.7645833333324958;41.98541666666324
;HYBAS;;hybas_1121126260;False;True;0.760416666665833;41.9770833333298
;HYBAS;;hybas_1121126490;False;True;0.7520833333324504;41.58124999999649
;HYBAS;;hybas_1121126580;False;True;0.7479166666657875;41.66874999999652
;HYBAS;;hybas_1121126660;False;True;0.7437499999991815;41.510416666663104
;HYBAS;;hybas_1121126670;False;True;0.7437499999991815;42.00208333332989
;HYBAS;;hybas_1121127010;False;True;0.735416666665742;42.68541666666317
;HYBAS;;hybas_1121127770;False;True;0.7062499999991587;41.43541666666306
;HYBAS;;hybas_1121127930;False;True;0.6979166666657193;41.43541666666306
;HYBAS;;hybas_1121128230;False;True;0.6854166666658443;41.42708333332985
;HYBAS;;hybas_1121128390;False;True;0.6812499999990678;41.13124999999644
;HYBAS;;hybas_1121128920;False;True;0.6604166666657534;42.047916666663184
;HYBAS;;hybas_1121129020;False;True;0.6562499999990905;43.06458333332984
;HYBAS;;hybas_1121129140;True;True;0.6520833333324845;42.71874999999636
;HYBAS;;hybas_1121131170;False;True;0.5687499999992269;41.96041666666309
;HYBAS;;hybas_1121131830;False;True;0.5312499999992042;42.06041666666323
;HYBAS;;hybas_1121131920;False;True;0.5270833333324276;41.79791666666324
;HYBAS;;hybas_1121131940;False;True;0.5270833333324276;42.92708333332973
;HYBAS;;hybas_1121131990;False;True;0.5229166666657648;42.0562499999964
;HYBAS;;hybas_1121132070;False;True;0.5187499999991587;41.26874999999637
;HYBAS;;hybas_1121132200;False;True;0.5104166666658898;41.05624999999645
;HYBAS;;hybas_1121132210;True;True;0.5104166666658898;42.10208333332986
;HYBAS;;hybas_1121132340;False;True;0.5062499999991132;41.07708333332994
;HYBAS;;hybas_1121132520;False;True;0.4979166666658443;41.07708333332994
;HYBAS;;hybas_1121132680;False;True;0.4895833333325754;42.918749999996464
;HYBAS;;hybas_1121132740;False;True;0.4854166666657988;43.07708333332988
;HYBAS;;hybas_1121133480;True;True;0.4437499999991701;42.71874999999636
;HYBAS;;hybas_1121134490;False;True;0.3895833333324958;42.14791666666309
;HYBAS;;hybas_1121135300;False;True;0.360416666665742;42.20624999999643
;HYBAS;;hybas_1121135920;False;True;0.3354166666657647;42.87708333332984
;HYBAS;;hybas_1121136000;False;True;0.3312499999991587;42.03124999999648
;HYBAS;;hybas_1121136400;False;True;0.3187499999991132;41.48958333332979
;HYBAS;;hybas_1121136410;False;True;0.3187499999991132;41.9770833333298
;HYBAS;;hybas_1121136490;False;True;0.3145833333324503;42.28541666666308
;HYBAS;;hybas_1121136750;False;True;0.2979166666657988;41.97291666666314
;HYBAS;;hybas_1121137050;False;True;0.2854166666656965;42.74791666666312
;HYBAS;;hybas_1121137160;False;True;0.2770833333324844;42.27291666666315
;HYBAS;;hybas_1121137610;False;True;0.2562499999991701;41.62708333332989
;HYBAS;;hybas_1121137780;False;True;0.2479166666659011;41.66458333332992
;HYBAS;;hybas_1121137970;False;True;0.2395833333324617;41.56458333332978
;HYBAS;;hybas_1121138960;True;True;0.1937499999992269;42.33124999999649
;HYBAS;;hybas_1121139090;False;True;0.189583333332564;41.72708333332986
;HYBAS;;hybas_1121139500;False;True;0.172916666665742;42.76874999999643
;HYBAS;;hybas_1121140760;False;True;0.1187499999990109;41.98958333332985
;HYBAS;;hybas_1121140890;False;True;0.1145833333325754;41.98124999999641
;HYBAS;;hybas_1121141000;False;True;0.1104166666657988;41.88958333332971
;HYBAS;;hybas_1121141310;False;True;0.0979166666656965;42.202083333329824
;HYBAS;;hybas_1121141420;False;True;0.0937499999990905;42.14374999999649
;HYBAS;;hybas_1121141990;False;True;0.06874999999917;41.46458333332981
;HYBAS;;hybas_1121143060;False;True;0.0270833333325413;41.41458333332975
;HYBAS;;hybas_1121143150;False;True;0.0229166666658784;41.422916666663184
;HYBAS;;hybas_1121143510;False;True;0.0104166666658329;41.24791666666306
;HYBAS;;hybas_1121144270;False;True;-0.0270833333342466;42.61874999999645
;HYBAS;;hybas_1121144990;False;True;-0.0562500000008299;42.58958333332987
;HYBAS;;hybas_1121145330;False;True;-0.0729166666675382;42.59374999999648
;HYBAS;;hybas_1121147560;False;True;-0.1604166666675723;41.74374999999651
;HYBAS;;hybas_1121147720;False;True;-0.1645833333341215;41.73541666666307
;HYBAS;;hybas_1121147800;False;True;-0.1687500000008412;41.92708333332973
;HYBAS;;hybas_1121148480;False;True;-0.1979166666674814;41.63958333332977
;HYBAS;;hybas_1121148490;False;True;-0.1979166666674814;41.81041666666312
;HYBAS;;hybas_1121149640;False;True;-0.2395833333342238;41.510416666663104
;HYBAS;;hybas_1121149770;False;True;-0.2437500000008299;42.61458333332979
;HYBAS;;hybas_1121150190;False;True;-0.2604166666675382;41.422916666663184
;HYBAS;;hybas_1121150200;False;True;-0.2604166666675382;41.48958333332979
;HYBAS;;hybas_1121150430;False;True;-0.268750000000864;41.42708333332985
;HYBAS;;hybas_1121153730;False;True;-0.4187500000008981;41.11458333332973
;HYBAS;;hybas_1121153990;False;True;-0.4312500000008299;41.93958333332978
;HYBAS;;hybas_1121154980;False;True;-0.4645833333341329;41.94374999999644
;HYBAS;;hybas_1121156570;False;True;-0.547916666667561;41.97291666666314
;HYBAS;;hybas_1121161700;False;True;-0.7729166666675837;41.7895833333298
;HYBAS;;hybas_1121161990;False;True;-0.7812500000009095;41.78541666666314
;HYBAS;;hybas_1121162000;False;True;-0.7812500000009095;41.98958333332985
;HYBAS;;hybas_1121162300;False;True;-0.7937500000008981;41.75208333332978
;HYBAS;;hybas_1121162450;False;True;-0.8020833333342239;41.75624999999639
;HYBAS;;hybas_1121162650;False;True;-0.8104166666674928;42.047916666663184
;HYBAS;;hybas_1121162660;False;True;-0.8104166666674928;42.0562499999964
;HYBAS;;hybas_1121163060;False;True;-0.8270833333340875;41.0687499999965
;HYBAS;;hybas_1121163240;False;True;-0.8354166666675837;41.33124999999649
;HYBAS;;hybas_1121164120;False;True;-0.8895833333342011;41.66458333332992
;HYBAS;;hybas_1121164760;False;True;-0.9145833333342352;41.422916666663184
;HYBAS;;hybas_1121169980;False;True;-1.1062500000007844;41.75624999999639
;HYBAS;;hybas_1121173100;False;True;-1.2520833333341557;41.48958333332979
;HYBAS;;hybas_1121173220;False;True;-1.2604166666674814;41.63958333332977
;HYBAS;;hybas_1121175230;False;True;-1.3520833333341784;41.55624999999651
;HYBAS;;hybas_1121177310;False;True;-1.4520833333341443;41.48541666666313
;HYBAS;;hybas_1121938570;False;True;11.222916666665526;43.30208333332973
;HYBAS;;hybas_1121941620;False;True;11.022916666665653;43.48541666666313
;HYBAS;;hybas_1121943130;False;True;10.922916666665683;43.30624999999651
;HYBAS;;hybas_1121943880;False;True;10.868749999999013;42.99374999999645
;HYBAS;;hybas_1121944990;False;True;10.797916666665628;42.94791666666322
;HYBAS;;hybas_1121945790;False;True;10.743749999998954;42.872916666663
;HYBAS;;hybas_1121948920;False;True;10.56041666666556;45.49374999999651
;HYBAS;;hybas_1121949550;False;True;10.52708333333237;46.3687499999964
;HYBAS;;hybas_1121950170;False;True;10.493749999999013;42.88124999999644
;HYBAS;;hybas_1121950700;False;True;10.460416666665653;45.57708333332977
;HYBAS;;hybas_1121950800;False;True;10.456249999998988;42.84791666666308
;HYBAS;;hybas_1121950940;False;True;10.447916666665549;50.84374999999631
;HYBAS;;hybas_1121951270;False;True;10.427083333332234;45.63541666666305
;HYBAS;;hybas_1121951740;False;True;10.402083333332314;42.81041666666306
;HYBAS;;hybas_1121952300;False;True;10.368749999998954;43.831249999996544
;HYBAS;;hybas_1121952310;False;True;10.368749999998954;45.63541666666305
;HYBAS;;hybas_1121952480;False;True;10.356249999998909;45.197916666663104
;HYBAS;;hybas_1121953260;False;True;10.31458333333228;50.47291666666308
;HYBAS;;hybas_1121953410;False;True;10.306249999999013;44.09374999999636
;HYBAS;;hybas_1121956880;False;True;10.102083333332304;44.45624999999649
;HYBAS;;hybas_1121961590;False;True;9.84374999999909;43.764583333329824
;HYBAS;;hybas_1121971540;False;True;9.235416666665628;50.53541666666303
;HYBAS;;hybas_1121972180;False;True;9.202083333332268;47.45624999999643
;HYBAS;;hybas_1121973680;False;True;9.114583333332403;47.46041666666309
;HYBAS;;hybas_1121975520;False;True;9.006249999999;48.30208333332979
;HYBAS;;hybas_1121976060;False;True;8.97291666666564;47.31041666666306
;HYBAS;;hybas_1121976540;False;True;8.93958333333228;47.47708333332975
;HYBAS;;hybas_1121977290;False;True;8.902083333332428;47.52291666666304
;HYBAS;;hybas_1121977980;False;True;8.860416666665628;47.95624999999637
;HYBAS;;hybas_1121978570;False;True;8.831249999998875;47.52708333332964
;HYBAS;;hybas_1121979650;False;True;8.760416666665662;46.7145833333297
;HYBAS;;hybas_1121979960;False;True;8.747916666665617;47.22291666666303
;HYBAS;;hybas_1121986310;False;True;8.381249999999056;49.16458333332963
;HYBAS;;hybas_1121986630;False;True;8.360416666665742;46.01458333332971
;HYBAS;;hybas_1121988470;False;True;8.252083333332337;49.45208333332977
;HYBAS;;hybas_1121992640;False;True;8.022916666665708;49.75624999999644
;HYBAS;;hybas_1122004840;False;True;7.28124999999892;47.90208333332964
;HYBAS;;hybas_1122005160;False;True;7.264583333332439;49.38958333332965
;HYBAS;;hybas_1122006300;False;True;7.206249999999102;48.356249999996464
;HYBAS;;hybas_1122007790;False;True;7.106249999999022;48.00208333332978
;HYBAS;;hybas_1122010570;False;True;6.910416666665753;49.17291666666307
;HYBAS;;hybas_1122010610;False;True;6.9062499999990905;49.19374999999639
;HYBAS;;hybas_1122012840;False;True;6.747916666665674;47.46874999999631
;HYBAS;;hybas_1122013480;False;True;6.706249999999045;47.51041666666293
;HYBAS;;hybas_1122013580;False;True;6.697916666665776;48.06041666666312
;HYBAS;;hybas_1122014650;False;True;6.622916666665788;47.60208333332963
;HYBAS;;hybas_1122017690;False;True;6.427083333332348;48.89374999999637
;HYBAS;;hybas_1122018460;False;True;6.37708333333245;48.24374999999628
;HYBAS;;hybas_1122019660;False;True;6.293749999999022;47.13958333332977
;HYBAS;;hybas_1122020840;False;True;6.214583333332371;47.96458333332959
;HYBAS;;hybas_1122021750;False;True;6.152083333332428;47.45624999999643
;HYBAS;;hybas_1122023810;False;True;6.018749999998931;47.79791666666307
;HYBAS;;hybas_1122024290;False;True;5.989583333332405;47.90624999999648
;HYBAS;;hybas_1122026980;False;True;5.806249999999011;48.185416666663
;HYBAS;;hybas_1122029120;False;True;5.66041666666581;47.32291666666293
;HYBAS;;hybas_1122034390;False;True;5.289583333332416;47.606249999996464
;HYBAS;;hybas_1122036220;False;True;5.143749999999045;46.45624999999649
;HYBAS;;hybas_1122038820;False;True;4.927083333332462;46.21458333332976
;HYBAS;;hybas_1122038990;False;True;4.906249999999147;45.018749999996544
;HYBAS;;hybas_1122039080;False;True;4.902083333332371;46.86041666666307
;HYBAS;;hybas_1122039320;False;True;4.881249999999056;45.03958333332969
;HYBAS;;hybas_1122040230;False;True;4.810416666665674;46.55208333332979
;HYBAS;;hybas_1122040970;False;True;4.739583333332462;46.68541666666312
;HYBAS;;hybas_1122041060;False;True;4.731249999999022;44.52708333332987
;HYBAS;;hybas_1122041550;False;True;4.681249999999125;46.64791666666309
;HYBAS;;hybas_1122042480;False;True;4.577083333332382;43.16874999999641
;HYBAS;;hybas_1122042640;False;True;4.552083333332462;43.14374999999649
;HYBAS;;hybas_1122042880;False;True;4.527083333332314;43.34791666666314
;HYBAS;;hybas_1122044120;False;True;4.402083333332428;45.33124999999643
;HYBAS;;hybas_1122044300;False;True;4.381249999999113;44.889583333329824
;HYBAS;;hybas_1122045510;False;True;4.256249999999056;43.0062499999965
;HYBAS;;hybas_1122045760;False;True;4.227083333332303;43.1645833333298
;HYBAS;;hybas_1122046470;False;True;4.143749999999045;42.2562499999965
;HYBAS;;hybas_1122046590;False;True;4.13124999999917;42.75208333332978
;HYBAS;;hybas_1122046810;False;True;4.110416666665685;46.59374999999642
;HYBAS;;hybas_1122046950;False;True;4.093749999998977;44.206249999996544
;HYBAS;;hybas_1122048840;False;True;3.864583333332348;41.91041666666303
;HYBAS;;hybas_1122048870;False;True;3.860416666665742;43.06458333332984
;HYBAS;;hybas_1122049740;False;True;3.768749999999045;46.38958333332971
;HYBAS;;hybas_1122049810;False;True;3.75624999999917;41.8812499999965
;HYBAS;;hybas_1122049870;False;True;3.74791666666573;45.31874999999639
;HYBAS;;hybas_1122050090;False;True;3.727083333332416;42.89791666666315
;HYBAS;;hybas_1122050310;False;True;3.702083333332496;45.34374999999648
;HYBAS;;hybas_1122050410;False;True;3.6895833333323935;41.88958333332971
;HYBAS;;hybas_1122050650;False;True;3.672916666665742;45.67291666666307
;HYBAS;;hybas_1122050700;False;True;3.668749999999079;42.49791666666317
;HYBAS;;hybas_1122052090;False;True;3.5062499999990564;43.21041666666321
;HYBAS;;hybas_1122052190;False;True;3.4979166666657875;45.44374999999644
;HYBAS;;hybas_1122052500;False;True;3.4687499999990337;44.7270833333298
;HYBAS;;hybas_1122052570;False;True;3.4562499999991587;42.22291666666314
;HYBAS;;hybas_1122052790;False;True;3.4395833333324504;42.76041666666322
;HYBAS;;hybas_1122052910;False;True;3.427083333332405;42.28541666666308
;HYBAS;;hybas_1122052950;False;True;3.422916666665799;44.91041666666314
;HYBAS;;hybas_1122054200;False;True;3.2729166666657648;45.54791666666301
;HYBAS;;hybas_1122054290;False;True;3.2645833333323253;42.50208333332984
;HYBAS;;hybas_1122054590;False;True;3.231249999999136;45.41041666666308
;HYBAS;;hybas_1122054910;False;True;3.197916666665776;43.2854166666632
;HYBAS;;hybas_1122055050;False;True;3.18541666666573;45.54374999999635
;HYBAS;;hybas_1122055510;False;True;3.135416666665833;43.64791666666315
;HYBAS;;hybas_1122055630;False;True;3.1229166666657875;45.55208333332979
;HYBAS;;hybas_1122055700;False;True;3.110416666665685;42.09374999999659
;HYBAS;;hybas_1122055940;False;True;3.089583333332371;45.42291666666313
;HYBAS;;hybas_1122056280;False;True;3.043749999999136;45.51874999999643
;HYBAS;;hybas_1122056340;False;True;3.03958333333253;42.7229166666632
;HYBAS;;hybas_1122056570;False;True;3.014583333332382;45.41458333332969
;HYBAS;;hybas_1122056640;False;True;3.006249999999113;44.08958333332976
;HYBAS;;hybas_1122056960;False;True;2.9812499999990223;45.82291666666305
;HYBAS;;hybas_1122057530;False;True;2.906249999999204;45.54791666666301
;HYBAS;;hybas_1122057900;False;True;2.856249999999136;45.73958333332979
;HYBAS;;hybas_1122058000;False;True;2.8437499999990905;42.42708333332979
;HYBAS;;hybas_1122058030;False;True;2.8354166666658216;45.72291666666314
;HYBAS;;hybas_1122058380;False;True;2.797916666665799;45.52708333332987
;HYBAS;;hybas_1122058480;False;True;2.7854166666657534;44.11041666666307
;HYBAS;;hybas_1122058930;False;True;2.7437499999991246;45.68124999999634
;HYBAS;;hybas_1122059030;False;True;2.7270833333324163;45.514583333329824
;HYBAS;;hybas_1122059440;False;True;2.668749999999136;45.62708333332984
;HYBAS;;hybas_1122059740;False;True;2.635416666665776;42.797916666663184
;HYBAS;;hybas_1122059940;False;True;2.618749999999068;41.47291666666308
;HYBAS;;hybas_1122059950;False;True;2.618749999999068;42.3520833333298
;HYBAS;;hybas_1122059960;False;True;2.618749999999068;44.81458333332984
;HYBAS;;hybas_1122059970;False;True;2.618749999999068;45.59374999999642
;HYBAS;;hybas_1122060010;False;True;2.610416666665799;41.56041666666317
;HYBAS;;hybas_1122060020;False;True;2.610416666665799;44.02291666666298
;HYBAS;;hybas_1122060090;False;True;2.6020833333323594;41.510416666663104
;HYBAS;;hybas_1122060260;False;True;2.581249999999045;45.5687499999965
;HYBAS;;hybas_1122060320;False;True;2.577083333332439;44.61458333332979
;HYBAS;;hybas_1122060360;False;True;2.572916666665833;42.48541666666313
;HYBAS;;hybas_1122060390;False;True;2.56874999999917;44.206249999996544
;HYBAS;;hybas_1122060730;False;True;2.531249999999204;42.74791666666312
;HYBAS;;hybas_1122061020;False;True;2.5020833333324504;44.25208333332984
;HYBAS;;hybas_1122061240;False;True;2.477083333332473;45.4770833333298
;HYBAS;;hybas_1122061520;False;True;2.427083333332405;44.31041666666312
;HYBAS;;hybas_1122061530;False;True;2.422916666665799;43.668749999996464
;HYBAS;;hybas_1122061540;False;True;2.422916666665799;45.45208333332971
;HYBAS;;hybas_1122061640;False;True;2.4062499999990905;42.643749999996544
;HYBAS;;hybas_1122061780;False;True;2.389583333332439;44.21874999999642
;HYBAS;;hybas_1122061960;False;True;2.3687499999991246;44.46041666666315
;HYBAS;;hybas_1122062000;False;True;2.360416666665856;45.39791666666298
;HYBAS;;hybas_1122062250;False;True;2.339583333332371;43.70208333332965
;HYBAS;;hybas_1122062320;False;True;2.331249999999102;42.60624999999641
;HYBAS;;hybas_1122062470;False;True;2.3145833333324504;42.22291666666314
;HYBAS;;hybas_1122062730;False;True;2.285416666665867;45.24791666666317
;HYBAS;;hybas_1122062870;False;True;2.264583333332382;44.06041666666317
;HYBAS;;hybas_1122063210;False;True;2.231249999999193;45.21874999999642
;HYBAS;;hybas_1122063330;False;True;2.2187499999990905;42.21458333332987
;HYBAS;;hybas_1122063610;False;True;2.1770833333324617;45.14791666666304
;HYBAS;;hybas_1122063770;False;True;2.156249999999148;42.48958333332973
;HYBAS;;hybas_1122063960;False;True;2.143749999999102;45.12291666666312
;HYBAS;;hybas_1122064140;False;True;2.118749999999181;44.96874999999648
;HYBAS;;hybas_1122064550;False;True;2.0729166666657197;44.91874999999641
;HYBAS;;hybas_1122064790;False;True;2.03958333333253;41.00624999999656
;HYBAS;;hybas_1122064870;False;True;2.0229166666658216;42.731249999996464
;HYBAS;;hybas_1122065220;False;True;1.9895833333324615;41.28124999999648
;HYBAS;;hybas_1122065300;False;True;1.9812499999990223;42.67291666666313
;HYBAS;;hybas_1122065310;False;True;1.9812499999990223;44.702083333329824
;HYBAS;;hybas_1122065520;False;True;1.9562499999991017;41.06041666666323
;HYBAS;;hybas_1122065530;False;True;1.9562499999991017;44.33541666666309
;HYBAS;;hybas_1122065860;False;True;1.9312499999991812;41.322916666663104
;HYBAS;;hybas_1122065870;False;True;1.9312499999991812;42.610416666663184
;HYBAS;;hybas_1122065880;False;True;1.9312499999991812;43.18958333332989
;HYBAS;;hybas_1122065960;False;True;1.922916666665742;41.10624999999652
;HYBAS;;hybas_1122065970;False;True;1.922916666665742;42.59791666666314
;HYBAS;;hybas_1122066080;False;True;1.910416666665867;44.78124999999648
;HYBAS;;hybas_1122066310;False;True;1.8937499999991587;41.39374999999643
;HYBAS;;hybas_1122066550;False;True;1.868749999999011;41.25208333332989
;HYBAS;;hybas_1122066750;False;True;1.8479166666656963;44.28124999999636
;HYBAS;;hybas_1122066830;False;True;1.8395833333324845;43.18958333332989
;HYBAS;;hybas_1122067100;False;True;1.8020833333324615;44.68541666666317
;HYBAS;;hybas_1122067250;False;True;1.7895833333324165;41.62708333332989
;HYBAS;;hybas_1122067370;False;True;1.777083333332541;44.360416666663184
;HYBAS;;hybas_1122067550;False;True;1.7562499999990564;44.57291666666316
;HYBAS;;hybas_1122067580;False;True;1.7520833333323935;44.48958333332973
;HYBAS;;hybas_1122067720;False;True;1.735416666665742;43.17708333332985
;HYBAS;;hybas_1122067830;False;True;1.7187499999992042;44.30208333332968
;HYBAS;;hybas_1122068040;False;True;1.6895833333324504;44.435416666663
;HYBAS;;hybas_1122068200;False;True;1.6729166666657989;42.39791666666304
;HYBAS;;hybas_1122068470;False;True;1.643749999999045;44.34791666666314
;HYBAS;;hybas_1122068640;False;True;1.6229166666657306;44.16874999999641
;HYBAS;;hybas_1122068900;False;True;1.5854166666658784;43.86458333332973
;HYBAS;;hybas_1122069430;False;True;1.5312499999992042;44.05208333332973
;HYBAS;;hybas_1122070240;False;True;1.4354166666657306;43.23541666666313
;HYBAS;;hybas_1122070400;False;True;1.4145833333324165;41.364583333329904
;HYBAS;;hybas_1122071110;False;True;1.3312499999991587;43.77291666666304
;HYBAS;;hybas_1122071210;False;True;1.3187499999990564;41.11458333332973
;HYBAS;;hybas_1122071640;False;True;1.2687499999992156;41.66458333332992
;HYBAS;;hybas_1122071880;False;True;1.2437499999990678;43.106249999996464
;HYBAS;;hybas_1122072390;False;True;1.1812499999991246;41.73541666666307
;HYBAS;;hybas_1122072580;False;True;1.1562499999992042;41.47291666666308
;HYBAS;;hybas_1122073100;False;True;1.097916666665867;43.59374999999648
;HYBAS;;hybas_1122073180;False;True;1.0895833333324276;41.76041666666322
;HYBAS;;hybas_1122074230;False;True;0.9812499999990792;42.62291666666306
;HYBAS;;hybas_1122074370;False;True;0.9687499999992042;41.82291666666316
;HYBAS;;hybas_1122074460;False;True;0.9645833333325412;41.15208333332976
;HYBAS;;hybas_1122074910;False;True;0.9145833333324732;42.96874999999653
;HYBAS;;hybas_1122075040;False;True;0.8979166666658216;41.202083333329824
;HYBAS;;hybas_1122075080;False;True;0.8937499999991587;42.61458333332979
;HYBAS;;hybas_1122075110;False;True;0.8854166666657193;41.26874999999637
;HYBAS;;hybas_1122075330;False;True;0.8645833333324049;41.85624999999652
;HYBAS;;hybas_1122075380;False;True;0.85208333333253;41.364583333329904
;HYBAS;;hybas_1122075440;False;True;0.8395833333324845;42.65208333332981
;HYBAS;;hybas_1122075560;False;True;0.8312499999992156;41.42708333332985
;HYBAS;;hybas_1122076270;False;True;0.760416666665833;41.79374999999641
;HYBAS;;hybas_1122076360;False;True;0.7479166666657875;41.74791666666317
;HYBAS;;hybas_1122076370;False;True;0.7479166666657875;42.93124999999651
;HYBAS;;hybas_1122076560;False;True;0.7229166666658671;41.06458333332989
;HYBAS;;hybas_1122077440;False;True;0.6104166666658557;41.28541666666308
;HYBAS;;hybas_1122077750;False;True;0.5812499999991019;42.7270833333298
;HYBAS;;hybas_1122077980;False;True;0.5562499999991815;41.37708333332978
;HYBAS;;hybas_1122078080;False;True;0.547916666665742;41.52291666666315
;HYBAS;;hybas_1122078160;False;True;0.5395833333324731;41.61874999999645
;HYBAS;;hybas_1122078240;False;True;0.5312499999992042;41.47708333332992
;HYBAS;;hybas_1122078250;False;True;0.5312499999992042;41.893749999996544
;HYBAS;;hybas_1122078350;False;True;0.5229166666657648;41.70208333332988
;HYBAS;;hybas_1122079470;True;True;0.4020833333325413;42.89374999999649
;HYBAS;;hybas_1122080550;False;True;0.2770833333324844;42.16874999999641
;HYBAS;;hybas_1122080560;False;True;0.2770833333324844;42.80208333332985
;HYBAS;;hybas_1122080820;False;True;0.2479166666659011;41.83124999999643
;HYBAS;;hybas_1122080850;False;True;0.2437499999990677;42.106249999996464
;HYBAS;;hybas_1122081170;False;True;0.202083333332439;41.34374999999659
;HYBAS;;hybas_1122081280;False;True;0.1937499999992269;41.49374999999657
;HYBAS;;hybas_1122082110;False;True;0.0854166666658216;42.10208333332986
;HYBAS;;hybas_1122082170;False;True;0.0812499999992155;42.7229166666632
;HYBAS;;hybas_1122082280;False;True;0.06874999999917;41.63541666666316
;HYBAS;;hybas_1122082510;False;True;0.0479166666658557;41.80208333332985
;HYBAS;;hybas_1122083650;False;True;-0.0895833333341897;41.29374999999652
;HYBAS;;hybas_1122083660;False;True;-0.0895833333341897;41.33541666666315
;HYBAS;;hybas_1122083940;False;True;-0.1187500000008867;41.23958333332985
;HYBAS;;hybas_1122084570;False;True;-0.21041666666747;41.30624999999657
;HYBAS;;hybas_1122084750;False;True;-0.235416666667561;41.94791666666322
;HYBAS;;hybas_1122085480;False;True;-0.3145833333342125;41.47708333332992
;HYBAS;;hybas_1122085510;False;True;-0.3229166666675382;41.93124999999651
;HYBAS;;hybas_1122085630;False;True;-0.3395833333342466;41.24374999999645
;HYBAS;;hybas_1122085730;False;True;-0.3479166666675723;41.322916666663104
;HYBAS;;hybas_1122086180;False;True;-0.4104166666675155;41.41041666666314
;HYBAS;;hybas_1122086250;False;True;-0.4145833333342352;41.202083333329824
;HYBAS;;hybas_1122086400;False;True;-0.4354166666675496;41.36041666666324
;HYBAS;;hybas_1122086540;False;True;-0.452083333334258;41.29374999999652
;HYBAS;;hybas_1122087160;False;True;-0.5104166666674814;41.510416666663104
;HYBAS;;hybas_1122087710;False;True;-0.5729166666674246;41.28958333332986
;HYBAS;;hybas_1122088240;False;True;-0.6312500000008185;41.60624999999641
;HYBAS;;hybas_1122088520;False;True;-0.6645833333341784;41.697916666663104
;HYBAS;;hybas_1122089970;False;True;-0.8354166666675837;41.87291666666323
;HYBAS;;hybas_1122090050;False;True;-0.8395833333341329;41.17291666666324
;HYBAS;;hybas_1122090330;False;True;-0.872916666667436;41.48958333332979
;HYBAS;;hybas_1122090360;False;True;-0.8770833333342125;41.918749999996464
;HYBAS;;hybas_1122092720;False;True;-1.177083333334224;41.356249999996464
;HYBAS;;hybas_1122094030;False;True;-1.3270833333341443;41.37708333332978
