,Tossaye,Koryoume,Goundam,Dire,Tonka,Sarafere,Ansongo,Akka,Kayes,Kabate,Kara,Tilembeya,Sofara,Ke Macina,Galougo,Kirango Aval,Toukoto,Beneny Kegny,Oualia,Siramakana,Gourbassy,Dibia,Koulikoro,Dioila,Bafing Makana,Daka Saydou,Kouoro 2,Gouala,Banankoro,Selingue,Bougouni,Na,Niger River At Tossaye,Tamani,Banifing At Kolondieba,Koli-Koli A Korientze,Bara Issa A Awoye,Gao,Pankourou,Bamako,Diangola,Niger A Kenieroba,Guelelinkoro,Mahina,Douna,Kana,Baoule At Madina Diassa
26/06/2024,0.140625,3.171875,2.9375,0.046875,0.078125,1.515625,0.140625,0.296875,0.296875,0.140625,0.296875,21278.98438,107.421875,7.875,0,0.75,0,0.5,0.453125,1.015625,,,,,,,,,,,,0.375,0.28125,0.0625,,3.859375,0.859375,2.015625,,,,,,,21632.78125,3.140625,
27/06/2024,0.140625,3.15625,2.921875,0.046875,0.078125,1.515625,0.140625,0.296875,0.296875,0.140625,0.296875,21198.21875,107.296875,7.859375,0,0.75,0,0.5,0.4375,1.015625,,,,,,,,,,,,0.375,0.28125,0.0625,,3.828125,0.859375,2.015625,,,,,,,21552.75,3.140625,
28/06/2024,0.140625,3.15625,2.921875,0.046875,0.078125,1.515625,0.140625,0.296875,0.296875,0.140625,0.296875,21083.28125,107.15625,7.859375,0,0.75,0,0.5,0.4375,1,,,,,,,,,,,,0.375,0.28125,0.0625,,3.8125,0.859375,2.015625,,,,,,,21440.40625,3.140625,
29/06/2024,0.140625,3.140625,2.90625,0.046875,0.078125,1.5,0.140625,0.296875,0.296875,0.140625,0.296875,20986.09375,107.03125,7.84375,0,0.75,0,0.5,0.4375,0.984375,,,,,,,,,,,,0.375,0.28125,0.0625,,3.796875,0.859375,2.015625,,,,,,,21343.40625,3.140625,
30/06/2024,0.140625,3.125,2.90625,0.046875,0.078125,1.5,0.140625,0.296875,0.296875,0.140625,0.296875,20888.82813,106.890625,7.828125,0,0.75,0,0.5,0.4375,0.96875,,,,,,,,,,,,0.375,0.28125,0.0625,,3.78125,0.859375,2.015625,,,,,,,21245.6875,3.140625,
01/07/2024,0.140625,3.109375,2.90625,0.046875,0.078125,1.5,0.140625,0.296875,0.296875,0.140625,0.296875,20797.125,106.765625,7.8125,0,0.75,0,0.5,0.4375,0.953125,,,,,,,,,,,,0.375,0.28125,0.0625,,3.75,0.859375,2.015625,,,,,,,21151.89063,3.140625,
02/07/2024,0.140625,3.109375,2.890625,0.046875,0.0625,1.5,0.140625,0.296875,0.296875,0.140625,0.296875,20715.95313,106.640625,7.796875,0,0.75,0,0.5,0.421875,0.9375,,,,,,,,,,,,0.375,0.28125,0.0625,,3.734375,0.859375,2,,,,,,,21068.96875,3.140625,
03/07/2024,0.140625,3.09375,2.890625,0.046875,0.0625,1.5,0.140625,0.296875,0.296875,0.140625,0.296875,20610.5625,106.515625,7.796875,0,0.75,0,0.5,0.421875,0.921875,,,,,,,,,,,,0.375,0.28125,0.0625,,3.71875,0.859375,2,,,,,,,20962.95313,3.140625,
04/07/2024,0.140625,3.078125,2.875,0.046875,0.0625,1.5,0.140625,0.296875,0.296875,0.140625,0.296875,20535.70313,106.390625,7.78125,0,0.75,0,0.5,0.421875,0.90625,,,,,,,,,,,,0.375,0.265625,0.0625,,3.703125,0.859375,2,,,,,,,20888.20313,3.140625,
05/07/2024,0.140625,3.0625,2.875,0.046875,0.0625,1.5,0.140625,0.296875,0.296875,0.140625,0.28125,20441.375,106.25,7.765625,0,0.75,0,0.484375,0.421875,0.890625,,,,,,,,,,,,0.375,0.265625,0.0625,,3.6875,0.859375,2,,,,,,,20794.01563,3.125,
06/07/2024,0.140625,3.046875,2.875,0.046875,0.0625,1.484375,0.140625,0.296875,0.28125,0.140625,0.28125,20338.23438,106.125,7.75,0,0.75,0,0.484375,0.421875,0.875,,,,,,,,,,,,0.375,0.265625,0.0625,,3.671875,0.84375,1.984375,,,,,,,20691.1875,3.125,
07/07/2024,0.140625,3.03125,2.859375,0.046875,0.0625,1.484375,0.140625,0.296875,0.28125,0.140625,0.28125,20233.79688,106,7.734375,0,0.75,0,0.484375,0.40625,0.875,,,,,,,,,,,,0.375,0.265625,0.0625,,3.65625,0.84375,1.984375,,,,,,,20588.4375,3.125,
08/07/2024,0.140625,3.015625,2.859375,0.046875,0.0625,1.484375,0.140625,0.296875,0.28125,0.140625,0.28125,20117.98438,105.859375,7.734375,0,0.734375,0,0.484375,0.40625,0.859375,,,,,,,,,,,,0.375,0.265625,0.0625,,3.640625,0.84375,1.984375,,,,,,,20474.04688,3.125,
09/07/2024,0.140625,3,2.859375,0.046875,0.0625,1.484375,0.140625,0.296875,0.28125,0.140625,0.28125,19999.95313,105.734375,7.71875,0,0.734375,0,0.484375,0.40625,0.84375,,,,,,,,,,,,0.375,0.265625,0.0625,,3.625,0.84375,1.984375,,,,,,,20355.32813,3.125,
10/07/2024,0.140625,3,2.84375,0.046875,0.0625,1.484375,0.140625,0.296875,0.28125,0.125,0.28125,19881.57813,105.609375,7.703125,0,0.734375,0,0.484375,0.40625,0.828125,,,,,,,,,,,,0.375,0.265625,0.0625,,3.609375,0.84375,1.984375,,,,,,,20237.65625,3.125,
11/07/2024,0.125,2.984375,2.84375,0.046875,0.0625,1.484375,0.140625,0.296875,0.28125,0.125,0.28125,19754.1875,105.484375,7.6875,0,0.734375,0,0.484375,0.40625,0.8125,,,,,,,,,,,,0.375,0.265625,0.046875,,3.59375,0.84375,1.984375,,,,,,,20109.90625,3.125,
12/07/2024,0.125,2.96875,2.828125,0.046875,0.0625,1.484375,0.140625,0.28125,0.28125,0.125,0.28125,19628.45313,105.359375,7.6875,0,0.734375,0,0.484375,0.390625,0.796875,,,,,,,,,,,,0.375,0.265625,0.046875,,3.578125,0.84375,1.984375,,,,,,,19982.67188,3.125,
13/07/2024,0.125,2.953125,2.828125,0.046875,0.0625,1.46875,0.140625,0.28125,0.28125,0.125,0.28125,19506.125,105.234375,7.671875,0,0.734375,0,0.484375,0.390625,0.78125,,,,,,,,,,,,0.375,0.265625,0.046875,,3.5625,0.84375,1.96875,,,,,,,19858.78125,3.125,
14/07/2024,0.125,2.9375,2.828125,0.046875,0.0625,1.46875,0.140625,0.28125,0.28125,0.125,0.28125,19387.95313,105.09375,7.65625,0,0.734375,0,0.484375,0.390625,0.765625,,,,,,,,,,,,0.375,0.265625,0.046875,,3.546875,0.84375,1.96875,,,,,,,19740.20313,3.125,
15/07/2024,0.125,2.921875,2.8125,0.046875,0.0625,1.46875,0.140625,0.28125,0.28125,0.125,0.28125,19268.90625,104.96875,7.640625,0,0.734375,0,0.484375,0.390625,0.765625,,,,,,,,,,,,0.375,0.265625,0.046875,,3.53125,0.84375,1.96875,,,,,,,19622.29688,3.125,
16/07/2024,0.125,2.90625,2.8125,0.046875,0.0625,1.46875,0.140625,0.28125,0.28125,0.125,0.28125,19144.15625,104.84375,7.625,0,0.734375,0,0.484375,0.390625,0.75,,,,,,,,,,,,0.375,0.265625,0.046875,,3.515625,0.84375,1.96875,,,,,,,19497.32813,3.109375,
17/07/2024,0.125,2.90625,2.8125,0.046875,0.0625,1.46875,0.140625,0.28125,0.28125,0.125,0.28125,19020.48438,104.71875,7.625,0,0.734375,0,0.484375,0.390625,0.734375,,,,,,,,,,,,0.359375,0.265625,0.046875,,3.5,0.84375,1.96875,,,,,,,19372.70313,3.109375,
18/07/2024,0.125,2.890625,2.796875,0.046875,0.0625,1.46875,0.140625,0.28125,0.265625,0.125,0.28125,18904.0625,104.59375,7.609375,0,0.734375,0,0.484375,0.375,0.71875,,,,,,,,,,,,0.359375,0.265625,0.046875,,3.484375,0.84375,1.953125,,,,,,,19255.04688,3.109375,
19/07/2024,0.125,2.875,2.796875,0.03125,0.0625,1.46875,0.140625,0.28125,0.265625,0.125,0.28125,18801.57813,104.46875,7.59375,0,0.734375,0,0.484375,0.375,0.703125,,,,,,,,,,,,0.359375,0.265625,0.046875,,3.484375,0.84375,1.953125,,,,,,,19151.51563,3.109375,
20/07/2024,0.125,2.859375,2.78125,0.03125,0.0625,1.46875,0.140625,0.28125,0.265625,0.125,0.28125,18674.5625,104.34375,7.578125,0,0.734375,0,0.484375,0.375,0.6875,,,,,,,,,,,,0.359375,0.265625,0.046875,,3.46875,0.84375,1.953125,,,,,,,19024.67188,3.109375,
21/07/2024,0.125,2.84375,2.78125,0.03125,0.0625,1.453125,0.140625,0.28125,0.265625,0.125,0.28125,18565.53125,104.21875,7.578125,0,0.734375,0,0.484375,0.375,0.6875,,,,,,,,,,,,0.359375,0.265625,0.046875,,3.453125,0.84375,1.953125,,,,,,,18914,3.109375,
22/07/2024,0.125,2.828125,2.78125,0.03125,0.0625,1.453125,0.140625,0.28125,0.265625,0.125,0.28125,18456.45313,104.09375,7.5625,0,0.734375,0,0.484375,0.375,0.671875,,,,,,,,,,,,0.359375,0.265625,0.046875,,3.453125,0.84375,1.953125,,,,,,,18803.6875,3.109375,
23/07/2024,0.125,2.8125,2.765625,0.03125,0.0625,1.453125,0.140625,0.28125,0.265625,0.125,0.28125,18363.34375,103.953125,7.546875,0,0.734375,0,0.484375,0.375,0.65625,,,,,,,,,,,,0.359375,0.265625,0.046875,,3.4375,0.84375,1.953125,,,,,,,18708.20313,3.109375,
24/07/2024,0.125,2.796875,2.765625,0.03125,0.0625,1.453125,0.140625,0.28125,0.265625,0.125,0.28125,18255.67188,103.828125,7.53125,0,0.734375,0,0.484375,0.359375,0.640625,,,,,,,,,,,,0.359375,0.265625,0.046875,,3.421875,0.84375,1.9375,,,,,,,18598.85938,3.109375,
25/07/2024,0.125,2.7890625,2.7578125,0.0390625,0.0625,1.453125,0.140625,0.28125,0.265625,0.125,0.28125,18180.13281,103.7109375,7.5234375,0,0.7265625,0,0.4765625,0.359375,0.6328125,,,,,,,,,,,,0.359375,0.265625,0.046875,,3.4140625,0.8359375,1.9375,,,,,,,18520.64844,3.1015625,
26/07/2024,0.1171875,2.7734375,2.75,0.0390625,0.0625,1.4453125,0.1328125,0.28125,0.265625,0.125,0.28125,18096.9375,103.5859375,7.5078125,0,0.7265625,0,0.4765625,0.359375,0.625,,,,,,,,,,,,0.359375,0.265625,0.046875,,3.40625,0.8359375,1.9375,,,,,,,18436.42188,3.1015625,
27/07/2024,0.1171875,2.7578125,2.7421875,0.0390625,0.0625,1.4453125,0.1328125,0.2734375,0.265625,0.125,0.28125,17998.55469,103.4609375,7.5,0,0.7265625,0,0.4765625,0.359375,0.609375,,,,,,,,,,,,0.359375,0.265625,0.046875,,3.3984375,0.8359375,1.9375,,,,,,,18337.24219,3.1015625,
28/07/2024,0.1171875,2.75,2.7421875,0.0390625,0.0625,1.4453125,0.1328125,0.2734375,0.2578125,0.125,0.28125,17926.90625,103.3359375,7.484375,0,0.7265625,0,0.4765625,0.359375,0.5859375,,,,,,,,,,,,0.359375,0.265625,0.046875,,3.390625,0.8359375,1.9296875,,,,,,,18263.8125,3.1015625,
29/07/2024,0.1171875,2.734375,2.734375,0.0390625,0.0625,1.4453125,0.1328125,0.2734375,0.2578125,0.125,0.2734375,17862.22656,103.2109375,7.4765625,0,0.7265625,0,0.4765625,0.3515625,0.578125,,,,,,,,,,,,0.359375,0.265625,0.046875,,3.3828125,0.8359375,1.9296875,,,,,,,18197.21875,3.1015625,
30/07/2024,0.1171875,2.7265625,2.7265625,0.0390625,0.0625,1.4375,0.1328125,0.2734375,0.2578125,0.125,0.2734375,17811.01563,103.0859375,7.4609375,0,0.71875,0,0.4765625,0.3515625,0.5625,,,,,,,,,,,,0.359375,0.265625,0.046875,,3.3671875,0.8359375,1.9296875,,,,,,,18142.86719,3.09375,
31/07/2024,0.1171875,2.7109375,2.71875,0.0390625,0.0625,1.4375,0.1328125,0.2734375,0.2578125,0.125,0.2734375,17755.78906,102.9609375,7.453125,0,0.71875,0,0.4765625,0.3515625,0.5546875,,,,,,,,,,,,0.359375,0.265625,0.046875,,3.359375,0.8359375,1.921875,,,,,,,18086.35156,3.09375,
01/08/2024,0.1171875,2.703125,2.71875,0.0390625,0.0625,1.4375,0.1328125,0.2734375,0.2578125,0.125,0.2734375,17726.61719,102.8359375,7.4375,0,0.71875,0,0.4765625,0.34375,0.546875,,,,,,,,,,,,0.359375,0.265625,0.0390625,,3.3515625,0.8359375,1.921875,,,,,,,18055.85938,3.09375,
02/08/2024,0.1171875,2.6875,2.7109375,0.03125,0.0625,1.4296875,0.1328125,0.2734375,0.2578125,0.125,0.2734375,17688.47656,102.7109375,7.4296875,0,0.71875,0,0.4765625,0.34375,0.5390625,,,,,,,,,,,,0.359375,0.265625,0.0390625,,3.34375,0.8359375,1.921875,,,,,,,18014.73438,3.09375,
03/08/2024,0.1171875,2.671875,2.703125,0.03125,0.0625,1.4296875,0.1328125,0.2734375,0.2578125,0.125,0.2734375,17662.89063,102.5859375,7.4140625,0,0.71875,0,0.4765625,0.34375,0.53125,,,,,,,,,,,,0.359375,0.265625,0.0390625,,3.3359375,0.8359375,1.9140625,,,,,,,17986.8125,3.09375,
04/08/2024,0.1171875,2.6640625,2.703125,0.03125,0.0625,1.4296875,0.1328125,0.2734375,0.25,0.125,0.2734375,17655.17969,102.46875,7.3984375,0,0.71875,0,0.46875,0.3359375,0.5234375,,,,,,,,,,,,0.359375,0.265625,0.0390625,,3.328125,0.828125,1.9140625,,,,,,,17974.71094,3.09375,
05/08/2024,0.1171875,2.6484375,2.6953125,0.03125,0.0625,1.4296875,0.1328125,0.2734375,0.25,0.125,0.2734375,17650.55469,102.34375,7.390625,0,0.71875,0,0.46875,0.3359375,0.5078125,,,,,,,,,,,,0.359375,0.2578125,0.0390625,,3.3203125,0.828125,1.9140625,,,,,,,17969.35938,3.0859375,
06/08/2024,0.109375,2.640625,2.6875,0.03125,0.0625,1.421875,0.1328125,0.2734375,0.25,0.125,0.2734375,17621.64844,102.21875,7.375,0,0.71875,0,0.46875,0.3359375,0.5,,,,,,,,,,,,0.359375,0.2578125,0.0390625,,3.3125,0.828125,1.90625,,,,,,,17942.25781,3.0859375,
07/08/2024,0.109375,2.6328125,2.6796875,0.03125,0.0625,1.421875,0.1328125,0.265625,0.25,0.125,0.2734375,17598.96094,102.1015625,7.3671875,0,0.71875,0,0.46875,0.328125,0.484375,,,,,,,,,,,,0.359375,0.2578125,0.0390625,,3.3125,0.828125,1.90625,,,,,,,17921.51563,3.0859375,
08/08/2024,0.109375,2.6171875,2.6796875,0.03125,0.0625,1.421875,0.1328125,0.265625,0.25,0.125,0.2734375,17584.20313,101.9765625,7.359375,0,0.7109375,0,0.46875,0.328125,0.4765625,,,,,,,,,,,,0.359375,0.2578125,0.0390625,,3.3046875,0.828125,1.90625,,,,,,,17907.46094,3.0859375,
09/08/2024,0.109375,2.609375,2.671875,0.03125,0.0625,1.421875,0.1328125,0.265625,0.25,0.125,0.2734375,17538.51563,101.859375,7.34375,0,0.7109375,0,0.46875,0.328125,0.46875,,,,,,,,,,,,0.359375,0.2578125,0.0390625,,3.296875,0.828125,1.8984375,,,,,,,17863.41406,3.0859375,
10/08/2024,0.109375,2.6015625,2.6640625,0.03125,0.0625,1.4140625,0.1328125,0.265625,0.25,0.125,0.2734375,17490.51563,101.734375,7.3359375,0,0.7109375,0,0.46875,0.328125,0.4609375,,,,,,,,,,,,0.359375,0.2578125,0.0390625,,3.2890625,0.828125,1.8984375,,,,,,,17816.1875,3.0859375,
11/08/2024,0.109375,2.6953125,2.65625,0.03125,0.0625,1.4140625,0.1328125,0.265625,0.2421875,0.125,0.2734375,17445.21094,101.609375,7.3203125,0,0.7109375,0,0.46875,0.3203125,0.4453125,,,,,,,,,,,,0.3515625,0.2578125,0.0390625,,3.28125,0.828125,1.8984375,,,,,,,17769.53906,3.078125,
12/08/2024,0.109375,2.578125,2.65625,0.03125,0.0625,1.4140625,0.1328125,0.265625,0.2421875,0.125,0.2734375,17402.88281,101.4921875,7.3125,0,0.7109375,0,0.46875,0.3203125,0.4375,,,,,,,,,,,,0.3515625,0.2578125,0.0390625,,3.28125,0.828125,1.8984375,,,,,,,17726.63281,3.078125,
13/08/2024,0.109375,2.6015625,2.6484375,0.03125,0.0625,1.4140625,0.1328125,0.265625,0.2421875,0.125,0.2734375,17376.20313,101.3671875,7.296875,0,0.7109375,0,0.46875,0.3203125,0.4296875,,,,,,,,,,,,0.3515625,0.2578125,0.0390625,,3.2734375,0.828125,1.890625,,,,,,,17697.95313,3.078125,
14/08/2024,0.109375,2.5703125,2.640625,0.03125,0.0625,1.40625,0.1328125,0.265625,0.2421875,0.125,0.2734375,17351.80469,101.25,7.2890625,0,0.7109375,0,0.46875,0.3203125,0.421875,,,,,,,,,,,,0.3515625,0.2578125,0.0390625,,3.265625,0.828125,1.890625,,,,,,,17671.58594,3.078125,
15/08/2024,0.109375,2.5390625,2.6328125,0.03125,0.0546875,1.40625,0.1328125,0.265625,0.2421875,0.125,0.2734375,17306.48438,101.1328125,7.2734375,0,0.7109375,0,0.46875,0.3125,0.4140625,,,,,,,,,,,,0.3515625,0.2578125,0.03125,,3.2578125,0.8203125,1.890625,,,,,,,17629.44531,3.078125,
16/08/2024,0.109375,2.53125,2.6328125,0.03125,0.0546875,1.40625,0.1328125,0.2578125,0.2421875,0.125,0.265625,17259.96094,101.0078125,7.265625,0,0.7109375,0,0.46875,0.3125,0.40625,,,,,,,,,,,,0.3515625,0.2578125,0.03125,,3.25,0.8203125,1.8828125,,,,,,,17580.875,3.0703125,
17/08/2024,0.1015625,2.515625,2.625,0.03125,0.0546875,1.3984375,0.1328125,0.2578125,0.2421875,0.125,0.265625,17221.58594,100.890625,7.25,0,0.703125,0,0.4609375,0.3125,0.3984375,,,,,,,,,,,,0.3515625,0.2578125,0.03125,,3.25,0.8203125,1.8828125,,,,,,,17540.25781,3.0703125,
18/08/2024,0.1015625,2.5078125,2.6171875,0.03125,0.0546875,1.3984375,0.1328125,0.2578125,0.2421875,0.125,0.265625,17209.99219,100.7734375,7.2421875,0,0.703125,0,0.4609375,0.3125,0.3828125,,,,,,,,,,,,0.3515625,0.2578125,0.03125,,3.2421875,0.8203125,1.8828125,,,,,,,17526.95313,3.0703125,
19/08/2024,0.1015625,2.4921875,2.6171875,0.03125,0.0546875,1.3984375,0.1328125,0.2578125,0.234375,0.125,0.265625,17228.23438,100.6484375,7.2265625,0,0.703125,0,0.4609375,0.3046875,0.3671875,,,,,,,,,,,,0.3515625,0.2578125,0.03125,,3.2421875,0.8203125,1.875,,,,,,,17543.21875,3.0703125,
20/08/2024,0.1015625,2.484375,2.609375,0.03125,0.0546875,1.3984375,0.1328125,0.2578125,0.234375,0.125,0.265625,17226.35156,100.53125,7.21875,0,0.703125,0,0.4609375,0.3046875,0.359375,,,,,,,,,,,,0.3515625,0.2578125,0.03125,,3.234375,0.8203125,1.875,,,,,,,17536.44531,3.0703125,
21/08/2024,0.1015625,2.46875,2.6015625,0.03125,0.0546875,1.390625,0.1328125,0.2578125,0.234375,0.125,0.265625,17227,100.40625,7.203125,0,0.703125,0,0.4609375,0.3046875,0.3515625,,,,,,,,,,,,0.3515625,0.2578125,0.03125,,3.2265625,0.8203125,1.875,,,,,,,17535.54688,3.0703125,
22/08/2024,0.1015625,2.4609375,2.59375,0.03125,0.0546875,1.390625,0.1328125,0.2578125,0.234375,0.125,0.265625,17263.96094,100.2890625,7.1953125,0,0.703125,0,0.4609375,0.3046875,0.34375,,,,,,,,,,,,0.3515625,0.2578125,0.03125,,3.2265625,0.8203125,1.8671875,,,,,,,17569.3125,3.0625,
23/08/2024,0.1015625,2.453125,2.59375,0.03125,0.0546875,1.390625,0.1328125,0.2578125,0.234375,0.1171875,0.265625,17295.39063,100.171875,7.1796875,0,0.703125,0,0.4609375,0.296875,0.3359375,,,,,,,,,,,,0.3515625,0.2578125,0.03125,,3.21875,0.8203125,1.8671875,,,,,,,17597.32031,3.0625,
24/08/2024,0.1015625,2.4375,2.5859375,0.03125,0.0546875,1.390625,0.1328125,0.2578125,0.234375,0.1171875,0.265625,17321.53125,100.0546875,7.171875,0,0.703125,0,0.4609375,0.296875,0.3359375,,,,,,,,,,,,0.3515625,0.2578125,0.03125,,3.21875,0.8203125,1.8671875,,,,,,,17623.57031,3.0625,
25/08/2024,0.1015625,2.5703125,2.578125,0.03125,0.0546875,1.3828125,0.1328125,0.2578125,0.234375,0.1171875,0.265625,17361.00781,99.9296875,7.1640625,0,0.703125,0,0.4609375,0.296875,0.3203125,,,,,,,,,,,,0.3515625,0.2578125,0.03125,,3.2109375,0.8203125,1.859375,,,,,,,17663.51563,3.0625,
26/08/2024,0.1015625,2.4765625,2.578125,0.03125,0.0546875,1.3828125,0.1328125,0.2578125,0.234375,0.1171875,0.265625,17380.10156,99.8125,7.1484375,0,0.6953125,0,0.4609375,0.296875,0.3125,,,,,,,,,,,,0.3515625,0.2578125,0.03125,,3.2109375,0.8359375,1.859375,,,,,,,17681.99219,3.0625,
27/08/2024,0.09375,2.609375,2.5703125,0.03125,0.0546875,1.3828125,0.1328125,0.2578125,0.2265625,0.1171875,0.265625,17429.97656,99.703125,7.140625,0,0.6953125,0,0.4609375,0.2890625,0.3046875,,,,,,,,,,,,0.3515625,0.25,0.03125,,3.203125,0.8125,1.859375,,,,,,,17726.85156,3.0625,
28/08/2024,0.09375,2.6328125,2.5625,0.03125,0.0546875,1.3828125,0.1328125,0.2578125,0.2265625,0.1171875,0.265625,17529.1875,99.5859375,7.125,0,0.6953125,0,0.4609375,0.2890625,0.296875,,,,,,,,,,,,0.3515625,0.25,0.03125,,3.203125,0.8125,1.8515625,,,,,,,17818.11719,3.0546875,
29/08/2024,0.09375,2.640625,2.5546875,0.03125,0.0546875,1.375,0.125,0.2578125,0.2265625,0.1171875,0.265625,17691.34375,99.484375,7.1171875,0,0.6953125,0,0.4609375,0.2890625,0.2890625,,,,,,,,,,,,0.34375,0.25,0.0390625,,3.203125,0.8203125,1.8515625,,,,,,,17976.78125,3.0546875,
30/08/2024,0.09375,2.515625,2.5546875,0.03125,0.0546875,1.375,0.125,0.2578125,0.2265625,0.1171875,0.265625,17771.02344,99.3671875,7.1015625,0,0.6953125,0,0.453125,0.2890625,0.28125,,,,,,,,,,,,0.34375,0.25,0.03125,,3.1953125,0.8125,1.8515625,,,,,,,18055.42188,3.0546875,
31/08/2024,0.09375,2.4453125,2.546875,0.03125,0.0546875,1.375,0.125,0.2734375,0.2265625,0.1171875,0.265625,17868.76563,99.2578125,7.1015625,0,0.6953125,0,0.453125,0.28125,0.28125,,,,,,,,,,,,0.34375,0.25,0.0234375,,3.1953125,0.8203125,1.8515625,,,,,,,18159.02344,3.0546875,
01/09/2024,0.09375,2.46875,2.5390625,0.0234375,0.0546875,1.375,0.125,0.2890625,0.2265625,0.1171875,0.265625,17905.70313,99.1875,7.0859375,0,0.6953125,0,0.453125,0.28125,0.265625,,,,,,,,,,,,0.34375,0.25,0.0234375,,3.203125,0.828125,1.84375,,,,,,,18203.14844,3.0546875,
02/09/2024,0.09375,2.390625,2.5390625,0.0234375,0.0546875,1.3671875,0.125,0.2734375,0.2265625,0.1171875,0.265625,17892.09375,99.09375,7.078125,0,0.6953125,0,0.453125,0.28125,0.2578125,,,,,,,,,,,,0.34375,0.25,0.03125,,3.1875,0.8203125,1.84375,,,,,,,18193.85156,3.0546875,
03/09/2024,0.09375,2.4609375,2.53125,0.0234375,0.0546875,1.3671875,0.125,0.265625,0.2265625,0.1171875,0.2578125,17919.05469,98.9375,7.0625,0,0.6953125,0,0.453125,0.28125,0.25,,,,,,,,,,,,0.34375,0.25,0.03125,,3.1875,0.8125,1.84375,,,,,,,18221.10938,3.046875,
04/09/2024,0.09375,2.3828125,2.5234375,0.0234375,0.0546875,1.3671875,0.125,0.265625,0.21875,0.1171875,0.2578125,17956.85156,98.796875,7.0546875,0,0.6953125,0,0.453125,0.28125,0.2421875,,,,,,,,,,,,0.34375,0.25,0.0234375,,3.1953125,0.8125,1.8359375,,,,,,,18259.17969,3.046875,
05/09/2024,0.09375,2.3984375,2.5234375,0.0234375,0.0546875,1.3671875,0.125,0.265625,0.21875,0.1171875,0.2578125,17973.6875,98.6875,7.0390625,0,0.6875,0,0.453125,0.2734375,0.2421875,,,,,,,,,,,,0.34375,0.25,0.0234375,,3.1875,0.8125,1.8359375,,,,,,,18277.57031,3.046875,
06/09/2024,0.09375,2.359375,2.515625,0.0234375,0.0546875,1.359375,0.125,0.2734375,0.21875,0.1171875,0.2578125,17939.6875,98.5625,7.03125,0,0.6875,0,0.453125,0.2734375,0.2265625,,,,,,,,,,,,0.34375,0.25,0.0234375,,3.1875,0.8203125,1.8359375,,,,,,,18247.5625,3.046875,
07/09/2024,0.09375,2.3515625,2.5078125,0.0234375,0.0546875,1.359375,0.125,0.2578125,0.21875,0.1171875,0.2578125,17994.90625,98.453125,7.015625,0,0.6875,0,0.453125,0.2734375,0.2265625,,,,,,,,,,,,0.34375,0.25,0.0234375,,3.1796875,0.8125,1.8359375,,,,,,,18301.44531,3.046875,
08/09/2024,0.0859375,2.4453125,2.5,0.0234375,0.0546875,1.359375,0.125,0.2578125,0.21875,0.1171875,0.2578125,17957.51563,98.3359375,7.0078125,0,0.6875,0,0.453125,0.2734375,0.21875,,,,,,,,,,,,0.34375,0.25,0.0234375,,3.1796875,0.8125,1.84375,,,,,,,18262,3.0390625,
09/09/2024,0.0859375,2.3515625,2.5,0.0234375,0.0546875,1.359375,0.125,0.265625,0.21875,0.1171875,0.2578125,17944.26563,98.2265625,6.9921875,0,0.6875,0,0.453125,0.2734375,0.21875,,,,,,,,,,,,0.34375,0.25,0.0234375,,3.1875,0.8125,1.8359375,,,,,,,18249.29688,3.0390625,
10/09/2024,0.0859375,2.2890625,2.4921875,0.0234375,0.0546875,1.3515625,0.125,0.265625,0.21875,0.1171875,0.2578125,17930.46094,98.1171875,6.984375,0,0.6875,0,0.453125,0.265625,0.2109375,,,,,,,,,,,,0.34375,0.25,0.0234375,,3.1875,0.8125,1.8359375,,,,,,,18233.46094,3.0390625,
11/09/2024,0.0859375,2.2890625,2.484375,0.0234375,0.0546875,1.3515625,0.125,0.25,0.21875,0.1171875,0.2578125,17932.10156,98,6.9765625,0,0.6875,0,0.453125,0.265625,0.2109375,,,,,,,,,,,,0.34375,0.25,0.0234375,,3.171875,0.8046875,1.828125,,,,,,,18234.73438,3.0390625,
12/09/2024,0.0859375,2.3671875,2.484375,0.0234375,0.0546875,1.3515625,0.125,0.25,0.2109375,0.1171875,0.2578125,17872.86719,97.8828125,6.9609375,0,0.6875,0,0.453125,0.265625,0.2109375,,,,,,,,,,,,0.34375,0.25,0.0234375,,3.1640625,0.8046875,1.828125,,,,,,,18176.28906,3.0390625,
13/09/2024,0.0859375,2.2421875,2.4765625,0.0234375,0.0546875,1.3515625,0.125,0.25,0.2109375,0.1171875,0.2578125,17876.85156,97.7734375,6.953125,0,0.6875,0,0.4453125,0.265625,0.203125,,,,,,,,,,,,0.34375,0.25,0.03125,,3.1640625,0.8046875,1.828125,,,,,,,18176.10156,3.0390625,
14/09/2024,0.0859375,2.21875,2.46875,0.0234375,0.0546875,1.34375,0.125,0.25,0.2109375,0.1171875,0.2578125,17943.21875,97.65625,6.9453125,0,0.6796875,0,0.4453125,0.265625,0.1953125,,,,,,,,,,,,0.34375,0.25,0.0234375,,3.1640625,0.8046875,1.828125,,,,,,,18233.14844,3.03125,
15/09/2024,0.0859375,2.203125,2.46875,0.0234375,0.046875,1.34375,0.125,0.25,0.2109375,0.1171875,0.2578125,18040.64844,97.5390625,6.9296875,0,0.6796875,0,0.4453125,0.265625,0.1875,,,,,,,,,,,,0.34375,0.25,0.015625,,3.15625,0.8046875,1.8203125,,,,,,,18316.94531,3.03125,
16/09/2024,0.0859375,2.2578125,2.4609375,0.0234375,0.046875,1.34375,0.125,0.25,0.2109375,0.1171875,0.2578125,18189.52344,97.4296875,6.921875,0,0.6796875,0,0.4453125,0.265625,0.1875,,,,,,,,,,,,0.3359375,0.25,0.015625,,3.15625,0.8046875,1.8359375,,,,,,,18453.92188,3.03125,
17/09/2024,0.0859375,2.2734375,2.453125,0.0234375,0.046875,1.34375,0.125,0.2421875,0.2109375,0.1171875,0.2578125,18421.125,97.3125,6.90625,0,0.6796875,0,0.4453125,0.2578125,0.1796875,,,,,,,,,,,,0.3359375,0.25,0.015625,,3.1484375,0.8046875,1.8203125,,,,,,,18671.8125,3.03125,
18/09/2024,0.0859375,2.5546875,2.4453125,0.0234375,0.046875,1.3359375,0.125,0.2421875,0.2109375,0.1171875,0.2578125,18714.3125,97.2109375,6.8984375,0,0.6796875,0,0.4453125,0.2578125,0.1796875,,,,,,,,,,,,0.3359375,0.25,0.0234375,,3.1484375,0.8046875,1.828125,,,,,,,18950.71094,3.03125,
19/09/2024,0.0859375,2.5390625,2.4453125,0.0234375,0.046875,1.3359375,0.125,0.2421875,0.2109375,0.1171875,0.2578125,19110.45313,97.125,6.890625,0,0.6796875,0,0.4453125,0.28125,0.171875,,,,,,,,,,,,0.3359375,0.25,0.015625,,3.1484375,0.8046875,1.984375,,,,,,,19335.64844,3.03125,
20/09/2024,0.078125,2.5859375,2.4375,0.0234375,0.046875,1.3359375,0.125,0.2421875,0.2109375,0.1171875,0.2578125,19367.28125,97,6.8828125,0,0.6796875,0,0.4453125,0.2578125,0.171875,,,,,,,,,,,,0.3359375,0.25,0.015625,,3.15625,0.8046875,1.8359375,,,,,,,19598.25781,3.0234375,
21/09/2024,0.078125,2.4375,2.4375,0.0234375,0.046875,1.3359375,0.125,0.25,0.2109375,0.1171875,0.25,19622.09375,96.9140625,6.8671875,0,0.6796875,0,0.4453125,0.2578125,0.171875,,,,,,,,,,,,0.3359375,0.25,0.015625,,3.1640625,0.8046875,1.859375,,,,,,,19863.30469,3.0234375,
22/09/2024,0.078125,2.3203125,2.4296875,0.0234375,0.046875,1.328125,0.125,0.25,0.2109375,0.1171875,0.25,19838.94531,96.8046875,6.859375,0,0.6796875,0,0.4453125,0.2578125,0.1640625,,,,,,,,,,,,0.3359375,0.2578125,0.015625,,3.1484375,0.8046875,1.8359375,,,,,,,20096.90625,3.0234375,
23/09/2024,0.078125,2.4140625,2.421875,0.0234375,0.046875,1.328125,0.125,0.2421875,0.203125,0.109375,0.25,19878.5,96.671875,6.84375,0,0.6796875,0,0.4453125,0.25,0.1640625,,,,,,,,,,,,0.3359375,0.25,0.015625,,3.140625,0.796875,1.84375,,,,,,,20150.83594,3.0234375,
24/09/2024,0.078125,2.15625,2.421875,0.0234375,0.046875,1.328125,0.125,0.25,0.203125,0.109375,0.25,19972.26563,96.5546875,6.8359375,0,0.671875,0,0.4453125,0.2578125,0.1640625,,,,,,,,,,,,0.3359375,0.2734375,0.015625,,3.1484375,0.8046875,1.8359375,,,,,,,20257.17188,3.0234375,
25/09/2024,0.078125,2.125,2.4140625,0.0234375,0.046875,1.328125,0.125,0.25,0.203125,0.109375,0.25,19972.57813,96.4609375,6.828125,0,0.671875,0,0.4453125,0.25,0.15625,,,,,,,,,,,,0.3359375,0.25,0.015625,,3.1484375,0.8046875,1.828125,,,,,,,20264,3.0234375,
26/09/2024,0.078125,2.3125,2.40625,0.0234375,0.046875,1.3203125,0.125,0.2421875,0.203125,0.109375,0.25,19941.46094,96.3359375,6.8125,0,0.671875,0,0.4375,0.25,0.15625,,,,,,,,,,,,0.3359375,0.25,0.015625,,3.140625,0.8203125,1.828125,,,,,,,20239.02344,3.015625,
27/09/2024,0.078125,2.2109375,2.3984375,0.0234375,0.046875,1.3203125,0.125,0.234375,0.203125,0.109375,0.25,19870.96094,96.2109375,6.8046875,0,0.671875,0,0.4375,0.25,0.15625,,,,,,,,,,,,0.3359375,0.25,0.015625,,3.1328125,0.796875,1.8359375,,,,,,,20173.76563,3.015625,
28/09/2024,0.078125,2.5234375,2.3984375,0.0234375,0.046875,1.3203125,0.125,0.2421875,0.203125,0.109375,0.25,19887.5,96.1328125,6.796875,0,0.671875,0,0.4375,0.25,0.15625,,,,,,,,,,,,0.3359375,0.25,0.015625,,3.1328125,0.8203125,1.859375,,,,,,,20174.76563,3.015625,
29/09/2024,0.078125,2.4375,2.390625,0.0234375,0.046875,1.3203125,0.125,0.25,0.203125,0.109375,0.25,19948.52344,96.0078125,6.796875,0,0.671875,0,0.4375,0.2421875,0.1484375,,,,,,,,,,,,0.3359375,0.25,0.0390625,,3.140625,0.859375,2.0078125,,,,,,,20233.90625,3.015625,
30/09/2024,0.078125,2.7578125,2.390625,0.0234375,0.046875,1.3203125,0.125,0.25,0.203125,0.109375,0.25,20061.57031,95.9453125,6.7734375,0,0.671875,0,0.4375,0.25,0.1484375,,,,,,,,,,,,0.3359375,0.25,0.015625,,3.15625,0.828125,2.0703125,,,,,,,20341.67188,3.015625,
01/10/2024,0.078125,2.3125,2.3828125,0.0234375,0.046875,1.3125,0.125,0.2578125,0.203125,0.109375,0.25,20157.58594,95.8671875,6.765625,0,0.671875,0,0.4375,0.25,0.1484375,,,,,,,,,,,,0.3359375,0.25,0.0078125,,3.15625,0.828125,1.9609375,,,,,,,20425.75781,3.0078125,
02/10/2024,0.078125,2.3203125,2.375,0.0234375,0.046875,1.3125,0.125,0.2890625,0.203125,0.109375,0.25,20403.58594,95.9296875,6.7734375,0,0.671875,0,0.4375,0.25,0.1484375,,,,,,,,,,,,0.3359375,0.2734375,0.0234375,,3.171875,0.8359375,2.1953125,,,,,,,20654.17188,3.0078125,
03/10/2024,0.0703125,2.4296875,2.3671875,0.0234375,0.046875,1.3125,0.125,0.2421875,0.1953125,0.109375,0.25,20775.14844,95.734375,6.7578125,0,0.671875,0,0.4375,0.28125,0.140625,,,,,,,,,,,,0.3359375,0.328125,0.015625,,3.1640625,0.8046875,2.1484375,,,,,,,20973.97656,3.0078125,
04/10/2024,0.0703125,2.1953125,2.3671875,0.015625,0.046875,1.3125,0.125,0.2578125,0.1953125,0.109375,0.25,21293.85938,95.5234375,6.7421875,0,0.6640625,0,0.4375,0.2578125,0.140625,,,,,,,,,,,,0.3359375,0.296875,0.0078125,,3.1328125,0.8046875,2.0625,,,,,,,21464.8125,3.0078125,
05/10/2024,0.0703125,2.5078125,2.359375,0.015625,0.046875,1.3046875,0.125,0.2578125,0.1953125,0.109375,0.25,21918.98438,95.3828125,6.7265625,0,0.6640625,0,0.4375,0.25,0.140625,,,,,,,,,,,,0.3359375,0.28125,0.0078125,,3.1328125,0.8125,2.09375,,,,,,,22091.67188,3.0078125,
06/10/2024,0.0703125,2.2421875,2.3515625,0.015625,0.046875,1.3046875,0.125,0.234375,0.1953125,0.109375,0.25,22433.04688,95.2890625,6.71875,0,0.6640625,0,0.4375,0.2421875,0.140625,,,,,,,,,,,,0.328125,0.2578125,0.015625,,3.1328125,0.8203125,2.3671875,,,,,,,22642.17969,3.0078125,
07/10/2024,0.0703125,2.3359375,2.3515625,0.015625,0.046875,1.3046875,0.125,0.25,0.1953125,0.109375,0.25,22728.28906,95.1640625,6.7109375,0,0.6640625,0,0.4375,0.2421875,0.1328125,,,,,,,,,,,,0.328125,0.296875,0.015625,,3.125,0.84375,2.1796875,,,,,,,22967.89063,3,
08/10/2024,0.0703125,2.3203125,2.34375,0.015625,0.046875,1.3046875,0.125,0.234375,0.1953125,0.109375,0.25,22771.05469,95.125,6.6953125,0,0.6640625,0,0.4375,0.234375,0.1328125,,,,,,,,,,,,0.328125,0.296875,0.0234375,,3.140625,0.8203125,2.328125,,,,,,,23036.4375,3,
09/10/2024,0.0703125,2.53125,2.34375,0.015625,0.046875,1.3046875,0.125,0.2578125,0.1953125,0.109375,0.25,22999.24219,95.1015625,6.6953125,0,0.6640625,0,0.4375,0.234375,0.1328125,,,,,,,,,,,,0.328125,0.3515625,0.0234375,,3.1484375,0.8984375,2.546875,,,,,,,23251.125,3,
10/10/2024,0.0703125,2.3671875,2.3359375,0.015625,0.046875,1.296875,0.125,0.2890625,0.1953125,0.109375,0.2578125,23165.74219,95,6.6796875,0,0.6640625,0,0.4375,0.234375,0.1328125,,,,,,,,,,,,0.328125,0.3203125,0.0078125,,3.1640625,0.90625,2.40625,,,,,,,23432.375,3,
11/10/2024,0.0703125,2.265625,2.33203125,0.01953125,0.04296875,1.296875,0.12109375,0.28515625,0.19140625,0.109375,0.24609375,23244.5,94.828125,6.671875,0,0.6640625,0,0.43359375,0.23828125,0.12890625,,,,,,,,,,,,0.328125,0.30078125,0.01171875,,3.16796875,0.8359375,2.015625,,,,,,,23516.3125,3,
12/10/2024,0.0703125,2.2421875,2.32421875,0.01953125,0.04296875,1.296875,0.125,0.33984375,0.19140625,0.109375,0.25,23324.30469,94.7734375,6.6796875,0,0.6640625,0,0.43359375,0.234375,0.125,,,,,,,,,,,,0.328125,0.2890625,0.01953125,,3.18359375,0.88671875,2.2890625,,,,,,,23602.96094,2.99609375,
13/10/2024,0.06640625,2.28125,2.3203125,0.01953125,0.04296875,1.29296875,0.125,0.2890625,0.19140625,0.109375,0.25,23399.33984,94.74609375,6.671875,0.00390625,0.66015625,0,0.43359375,0.234375,0.125,,,,,,,,,,,,0.328125,0.28125,0.015625,,3.1640625,0.83203125,2.22265625,,,,,,,23685.42188,2.99609375,
14/10/2024,0.06640625,2.18359375,2.3125,0.015625,0.04296875,1.29296875,0.12890625,0.24609375,0.19140625,0.109375,0.24609375,23859.10547,94.59765625,6.66015625,0,0.66015625,0,0.43359375,0.23046875,0.12109375,,,,,,,,,,,,0.328125,0.35546875,0.01171875,,3.1796875,0.796875,3.08984375,,,,,,,24115.46875,2.99609375,
15/10/2024,0.06640625,2.09765625,2.30859375,0.015625,0.04296875,1.29296875,0.12890625,0.29296875,0.19140625,0.109375,0.24609375,23994.03516,94.5078125,6.640625,0,0.66015625,0,0.4296875,0.23046875,0.12109375,,,,,,,,,,,,0.328125,0.34765625,0.0078125,,3.30078125,0.80859375,2.6484375,,,,,,,24249.12891,2.9921875,
16/10/2024,0.06640625,2.04296875,2.3046875,0.015625,0.04296875,1.29296875,0.125,0.3046875,0.1875,0.109375,0.24609375,24146.94922,94.3828125,6.6328125,0,0.66015625,0,0.4296875,0.23046875,0.1171875,,,,,,,,,,,,0.328125,0.375,0.0078125,,3.30859375,0.796875,2.33984375,,,,,,,24401.28516,2.9921875,
17/10/2024,0.06640625,2.2109375,2.296875,0.015625,0.04296875,1.28515625,0.125,0.265625,0.1875,0.10546875,0.24609375,24279.10547,94.28125,6.6171875,0,0.65625,0,0.4296875,0.23046875,0.1171875,,,,,,,,,,,,0.328125,0.28515625,0.0078125,,3.234375,0.8125,2.50390625,,,,,,,24534.11719,2.9921875,
18/10/2024,0.0625,2.19921875,2.29296875,0.015625,0.04296875,1.28515625,0.125,0.2421875,0.1875,0.10546875,0.24609375,24530.10156,94.19921875,6.609375,0.00390625,0.65625,0,0.4296875,0.2265625,0.11328125,,,,,,,,,,,,0.328125,0.30078125,0.01171875,,3.24609375,0.7890625,2.6171875,,,,,,,24779.52734,2.98828125,
19/10/2024,0.06640625,2.61328125,2.29296875,0.015625,0.04296875,1.28515625,0.1328125,0.2578125,0.1875,0.10546875,0.24609375,24751.40234,94.2734375,6.60546875,0.00390625,0.65625,0,0.4296875,0.2265625,0.11328125,,,,,,,,,,,,0.328125,0.31640625,0.01171875,,3.35546875,0.79296875,2.71484375,,,,,,,25011.95703,2.98828125,
20/10/2024,0.0625,2.26953125,2.28515625,0.015625,0.04296875,1.28125,0.15234375,0.31640625,0.1875,0.10546875,0.2421875,24813.91406,94.3828125,6.59375,0.00390625,0.65625,0,0.4296875,0.2421875,0.109375,,,,,,,,,,,,0.328125,0.3203125,0.0078125,,3.40625,0.828125,2.9609375,,,,,,,25080.50781,2.98828125,
21/10/2024,0.0625,2.01171875,2.28125,0.015625,0.04296875,1.28125,0.125,0.265625,0.1875,0.10546875,0.24609375,24827.875,94.0546875,6.58203125,0.00390625,0.65625,0,0.4296875,0.2265625,0.109375,,,,,,,,,,,,0.328125,0.31640625,0.0078125,,3.3125,0.8125,3.5625,,,,,,,25097.60547,2.984375,
22/10/2024,0.0625,2.265625,2.2734375,0.015625,0.04296875,1.28125,0.125,0.28515625,0.1875,0.10546875,0.2421875,24869.21875,93.86328125,6.56640625,0.00390625,0.65234375,0,0.42578125,0.2265625,0.1015625,,,,,,,,,,,,0.32421875,0.328125,0.01171875,,3.34765625,0.83203125,3.0703125,,,,,,,25142.32031,2.984375,
23/10/2024,0.0625,2.17578125,2.26953125,0.015625,0.04296875,1.27734375,0.14453125,0.26171875,0.18359375,0.10546875,0.2421875,25009.55078,93.9921875,6.55859375,0,0.65234375,0,0.42578125,0.22265625,0.09765625,,,,,,,,,,,,0.32421875,0.34765625,0.01171875,,3.42578125,0.8359375,3.01953125,,,,,,,25281.47266,2.98046875,
24/10/2024,0.0625,2.0546875,2.265625,0.015625,0.04296875,1.27734375,0.1328125,0.2578125,0.18359375,0.10546875,0.2421875,25255.65234,93.76171875,6.546875,0,0.65234375,0,0.42578125,0.22265625,0.09375,,,,,,,,,,,,0.32421875,0.3515625,0.0078125,,3.41015625,0.80078125,2.6171875,,,,,,,25503.9375,2.98046875,
25/10/2024,0.0625,2.16796875,2.2578125,0.015625,0.04296875,1.2734375,0.1328125,0.234375,0.18359375,0.10546875,0.2421875,25538.36328,93.62109375,6.5390625,0.00390625,0.65234375,0,0.42578125,0.22265625,0.09375,,,,,,,,,,,,0.32421875,0.4296875,0.0078125,,3.2890625,0.78125,3.4609375,,,,,,,25774.07422,2.98046875,
26/10/2024,0.0625,2.0859375,2.2578125,0.015625,0.04296875,1.2734375,0.1328125,0.265625,0.1796875,0.10546875,0.2421875,25833.22656,93.7890625,6.52734375,0.00390625,0.65234375,0,0.42578125,0.22265625,0.08984375,,,,,,,,,,,,0.32421875,0.484375,0.0078125,,3.4453125,0.8203125,3.14453125,,,,,,,26065.84766,2.9765625,
27/10/2024,0.0625,2.3828125,2.25390625,0.015625,0.04296875,1.27734375,0.16796875,0.25,0.1796875,0.10546875,0.2421875,26032.74219,94.01171875,6.51953125,0,0.65234375,0,0.42578125,0.21875,0.08203125,,,,,,,,,,,,0.32421875,0.41796875,0.015625,,3.5078125,0.78515625,3.24609375,,,,,,,26260.86328,2.9765625,
28/10/2024,0.0625,2.11328125,2.24609375,0.015625,0.0390625,1.27734375,0.19921875,0.27734375,0.18359375,0.10546875,0.2421875,26522.35156,95.8515625,6.5078125,0.00390625,0.6484375,0,0.42578125,0.22265625,0.08203125,,,,,,,,,,,,0.32421875,0.65625,0.01171875,,3.59765625,0.828125,4.69140625,,,,,,,26758.08203,2.9765625,
29/10/2024,0.05859375,2.04296875,2.24609375,0.015625,0.0390625,1.2734375,0.17578125,0.31640625,0.1875,0.10546875,0.2421875,26542.48828,96.26953125,6.49609375,0,0.6484375,0,0.42578125,0.21875,0.08203125,,,,,,,,,,,,0.32421875,0.55859375,0.0078125,,3.921875,0.91015625,4.76953125,,,,,,,26785.97266,2.97265625,
30/10/2024,0.05859375,2.453125,2.2421875,0.015625,0.0390625,1.2734375,0.14453125,0.3046875,0.1875,0.10546875,0.2421875,26693.53125,94.82421875,6.4921875,0,0.6484375,0,0.421875,0.21875,0.078125,,,,,,,,,,,,0.32421875,0.60546875,0.0078125,,3.953125,0.875,3.76171875,,,,,,,26947.60938,2.97265625,
31/10/2024,0.0625,2.19140625,2.23828125,0.015625,0.0390625,1.27734375,0.12890625,0.32421875,0.1875,0.10546875,0.2421875,26931.58203,96.8125,6.484375,0.00390625,0.6484375,0,0.421875,0.21875,0.078125,,,,,,,,,,,,0.32421875,0.58984375,0.015625,,4.21875,0.82421875,4.01171875,,,,,,,27186.93359,2.97265625,
01/11/2024,0.0625,2.48046875,2.23828125,0.015625,0.0390625,1.28125,0.13671875,0.359375,0.1875,0.10546875,0.24609375,26964.96484,97.35546875,6.5546875,0.00390625,0.6484375,0,0.421875,0.22265625,0.078125,,,,,,,,,,,,0.32421875,0.5078125,0.02734375,,4.046875,0.93359375,3.44140625,,,,,,,27230.9375,2.96875,
