,Bafoulabe,Diéma,Kayes,Kéniéba,Kita,Nioro,Yélimané,Banamba,Dioila,Kangaba,Kati,Kolokani,Koulikoro,Nara,Bougouni,Kadiolo,Kolondieba,Koutiala,Sikasso,Yanfolila,Yorosso,Baraouéli,Bla,Macina,Niono,San,Ségou,Tominian,Bandiagara,Bankass,Djenné,Douentza,Koro,Mopti,Ténenkou,Youwarou,Diré,Goundam,Gourma-Rharous,Niafunké,Tombouctou,Ansongo,Bourem,Gao,Abeibara,Kidal,Tessalit,Tin-Essako,Bamako,Ménaka,Anderamboukane,Inekar,Tidermene
2024-06-26,147.09375,1.28125,165.0625,13.171875,13.171875,0.234375,0.171875,1.5625,209.984375,137.6875,171.484375,0.875,173.515625,0.625,42.65625,3.34375,6.4375,76.203125,69.25,95.875,14.265625,219.8125,222.671875,119.203125,15.609375,219.234375,222.671875,212.9375,0.21875,0.78125,213.46875,0.84375,0.578125,211.953125,104.40625,229.5,226.890625,227.21875,221.65625,230.015625,221.109375,212.171875,212.109375,212.40625,0.0,0.0,1.796875,0.3125,170.328125,3.0625,0.0,0.484375,0.65625
2024-06-27,148.28125,1.265625,180.828125,12.640625,12.640625,0.09375,0.21875,3.21875,213.15625,166.921875,214.515625,0.890625,217.515625,1.875,44.34375,3.453125,7.046875,75.875,69.4375,96.265625,13.875,220.71875,225.375,127.65625,14.21875,223.5625,225.375,217.015625,0.171875,0.328125,217.921875,0.84375,0.234375,211.5625,108.1875,228.234375,226.6875,226.90625,222.1875,228.53125,221.65625,210.984375,210.78125,211.09375,0.0,0.0,1.796875,0.3125,210.328125,3.0625,0.015625,0.484375,0.65625
2024-06-28,148.265625,1.578125,174.65625,19.5,19.5,0.109375,0.1875,7.921875,211.390625,195.65625,211.40625,1.484375,196.203125,2.203125,43.296875,5.671875,10.0625,76.875,69.609375,96.28125,14.171875,220.515625,227.46875,138.671875,12.859375,226.71875,227.46875,222.109375,0.1875,0.46875,222.75,0.84375,0.21875,216.921875,120.9375,226.984375,225.953125,226.125,222.5625,227.203125,222.109375,208.640625,209.921875,208.484375,0.0,0.0,1.796875,0.3125,210.453125,3.0625,0.078125,0.484375,0.65625
2024-06-29,147.796875,1.1875,180.59375,18.453125,18.453125,0.171875,0.3125,1.328125,211.671875,229.234375,238.34375,0.75,218.203125,2.234375,43.703125,5.984375,11.03125,75.125,68.265625,96.34375,13.78125,219.75,223.453125,139.421875,11.5625,221.5625,223.453125,214.984375,0.140625,0.5,215.796875,0.84375,0.28125,211.0,125.359375,225.578125,224.953125,225.046875,222.875,225.65625,222.484375,209.234375,209.921875,207.46875,0.359375,0.015625,1.796875,2.578125,234.4375,3.078125,0.015625,3.796875,1.359375
2024-06-30,147.421875,1.171875,175.625,17.21875,17.21875,0.03125,0.109375,2.078125,223.3125,247.8125,329.71875,1.6875,341.4375,8.15625,44.484375,8.265625,13.375,81.703125,75.875,97.6875,15.890625,309.515625,233.171875,177.71875,10.328125,235.59375,281.234375,233.0,0.5625,2.578125,233.0,3.125,1.296875,236.609375,140.609375,224.40625,225.15625,225.15625,222.9375,225.15625,222.59375,205.703125,211.6875,205.046875,2.140625,0.0,1.796875,3.046875,323.140625,3.0625,0.03125,0.671875,0.65625
2024-07-01,147.359375,1.046875,170.90625,13.296875,13.296875,0.109375,0.546875,6.171875,227.359375,235.015625,265.0,0.90625,262.703125,1.75,44.703125,9.796875,14.9375,84.875,77.640625,96.53125,15.125,233.546875,238.15625,150.328125,9.1875,235.234375,238.15625,232.03125,0.734375,4.28125,232.125,2.671875,2.859375,289.515625,139.546875,222.328125,222.59375,222.65625,221.046875,222.65625,220.984375,203.09375,212.359375,203.453125,0.015625,0.109375,1.796875,7.5,262.0,3.0625,0.015625,17.515625,8.140625
2024-07-02,147.453125,0.984375,182.921875,19.40625,18.625,0.09375,0.609375,2.546875,235.25,242.375,267.265625,0.640625,274.640625,7.78125,45.390625,9.734375,18.140625,84.046875,76.25,96.140625,15.046875,262.890625,254.453125,184.328125,8.140625,252.4375,254.453125,245.171875,0.59375,4.421875,245.90625,7.3125,3.3125,343.703125,165.15625,255.859375,220.828125,220.796875,219.546875,220.796875,219.625,200.875,212.84375,203.0,0.0,0.0,1.796875,0.3125,266.203125,3.0625,0.03125,7.125,0.65625
2024-07-03,147.390625,1.109375,173.0625,22.0625,21.890625,0.109375,0.328125,4.4375,222.3125,246.765625,267.296875,0.75,285.640625,6.890625,43.53125,7.171875,12.265625,81.8125,74.53125,96.1875,14.640625,278.65625,240.765625,213.453125,7.171875,246.84375,270.453125,246.84375,0.421875,2.59375,249.15625,2.953125,1.453125,379.703125,183.125,317.109375,218.53125,218.328125,218.203125,218.875,218.234375,199.359375,213.234375,201.859375,0.0,0.0,1.796875,0.3125,265.71875,3.0625,0.03125,0.484375,0.65625
2024-07-04,148.234375,1.296875,169.3125,15.703125,15.640625,0.234375,0.25,1.734375,211.390625,236.015625,270.609375,1.171875,289.734375,3.265625,42.984375,4.0625,7.78125,75.90625,68.390625,95.921875,14.109375,287.890625,234.15625,214.0,6.296875,239.328125,282.484375,239.328125,0.296875,2.578125,243.3125,3.40625,1.34375,386.703125,186.71875,354.109375,216.8125,216.9375,217.171875,219.40625,217.140625,198.984375,214.703125,203.203125,0.0,0.015625,1.796875,0.3125,268.09375,3.0625,0.015625,0.953125,0.65625
2024-07-05,147.828125,1.234375,170.125,20.03125,20.03125,0.265625,0.40625,0.703125,211.859375,251.921875,296.09375,0.640625,299.390625,3.203125,43.40625,5.0,8.875,75.59375,68.125,96.046875,14.078125,276.703125,228.484375,224.40625,5.5625,232.421875,264.40625,232.421875,0.78125,4.65625,239.703125,0.84375,2.125,402.171875,204.609375,379.609375,217.546875,217.765625,216.03125,223.703125,216.0,198.34375,214.53125,203.84375,0.03125,0.015625,1.796875,0.3125,293.125,3.0625,0.015625,0.484375,0.65625
2024-07-06,149.234375,1.28125,185.109375,32.59375,32.59375,0.15625,0.625,1.453125,222.4375,280.921875,318.859375,0.625,319.28125,1.84375,44.484375,6.71875,15.0625,76.046875,68.90625,95.984375,14.78125,292.6875,240.03125,234.125,4.890625,242.875,278.453125,242.875,0.734375,6.765625,243.5,3.03125,4.25,407.984375,210.453125,384.5,218.765625,219.265625,214.40625,233.625,214.390625,197.671875,213.125,204.1875,0.0,0.0,1.796875,0.3125,316.390625,3.0625,0.078125,0.484375,0.65625
2024-07-07,150.640625,1.3125,175.359375,32.1875,32.1875,0.4375,1.046875,5.9375,241.828125,350.5625,445.984375,2.296875,474.25,6.015625,47.296875,11.953125,24.296875,79.78125,72.515625,98.6875,14.875,453.78125,258.953125,389.59375,4.3125,264.1875,434.125,264.1875,0.75,6.875,295.640625,0.96875,2.890625,447.734375,330.625,410.984375,223.328125,224.25,213.984375,250.171875,213.375,198.203125,211.75,205.125,0.0,0.0,1.796875,0.3125,437.578125,3.0625,0.015625,0.484375,0.65625
2024-07-08,153.28125,1.390625,190.015625,18.109375,18.109375,0.28125,1.078125,4.421875,240.34375,319.171875,459.578125,2.015625,505.46875,7.3125,47.953125,12.8125,23.65625,78.703125,71.875,97.046875,14.78125,483.328125,255.640625,411.921875,3.796875,259.40625,462.265625,259.40625,0.59375,5.484375,359.359375,4.296875,2.359375,478.84375,381.765625,431.296875,232.40625,233.828125,216.296875,267.359375,215.265625,199.3125,210.46875,206.09375,0.0,0.0,1.984375,0.3125,443.265625,3.0625,0.0,0.484375,0.65625
2024-07-09,152.046875,1.234375,179.9375,21.96875,21.96875,0.203125,0.34375,6.796875,248.59375,361.015625,471.453125,1.421875,505.390625,10.84375,56.984375,10.671875,28.515625,79.078125,71.046875,96.21875,14.796875,498.5,260.28125,433.71875,4.703125,257.34375,487.8125,254.5,0.71875,5.140625,383.484375,1.140625,2.28125,493.78125,402.921875,438.84375,245.046875,246.828125,222.375,284.421875,220.78125,200.46875,209.765625,206.875,0.0,0.0,1.796875,0.3125,462.078125,3.0625,0.125,0.65625,0.65625
2024-07-10,151.390625,1.203125,187.109375,22.328125,22.328125,0.03125,0.09375,2.453125,260.625,485.703125,633.03125,2.140625,665.625,1.0,62.5,10.9375,33.734375,77.453125,70.21875,97.15625,14.703125,651.359375,272.8125,513.484375,3.03125,270.640625,634.6875,262.5,0.578125,3.96875,442.109375,1.734375,1.671875,561.84375,460.625,472.5,261.34375,263.296875,233.125,302.578125,230.875,202.84375,208.140625,206.3125,0.15625,0.0,1.796875,0.3125,624.15625,3.0625,0.015625,3.734375,0.65625
2024-07-11,153.40625,1.40625,192.296875,24.71875,24.71875,0.09375,0.5,15.34375,264.46875,473.34375,638.59375,2.0625,673.015625,13.78125,60.1875,11.671875,34.171875,83.265625,77.640625,97.875,14.953125,649.78125,268.796875,514.265625,5.140625,261.625,625.59375,258.03125,0.984375,5.265625,443.765625,4.90625,3.75,621.0625,457.46875,529.609375,279.796875,281.765625,249.5,321.5,246.78125,202.96875,209.671875,207.546875,0.015625,0.0,1.796875,0.3125,622.78125,3.078125,0.0,0.484375,0.65625
2024-07-12,157.0,3.96875,220.953125,33.3125,33.3125,0.53125,1.328125,11.953125,295.828125,509.5625,713.21875,5.328125,791.296875,13.9375,66.21875,13.125,35.96875,90.78125,81.96875,96.703125,15.796875,791.296875,306.09375,733.5625,6.109375,295.96875,791.125,273.984375,0.78125,6.390625,609.21875,2.609375,2.609375,716.953125,647.78125,615.640625,297.5,299.484375,266.59375,343.09375,263.671875,202.3125,208.140625,204.671875,0.34375,0.0,1.796875,0.3125,684.4375,3.0625,0.0625,0.484375,0.65625
2024-07-13,155.78125,3.96875,186.015625,25.234375,25.234375,0.421875,0.671875,5.375,331.0,528.671875,900.390625,7.125,1021.453125,9.765625,60.921875,10.59375,26.703125,123.4375,116.0,97.171875,40.984375,1016.84375,369.875,723.953125,4.40625,355.0,967.0625,322.28125,0.625,7.703125,616.09375,3.828125,3.515625,769.0625,642.46875,683.734375,316.609375,318.75,283.765625,371.921875,280.703125,202.28125,211.53125,203.703125,0.046875,0.0,1.796875,8.15625,851.78125,3.0625,0.0,16.546875,8.515625
2024-07-14,155.359375,2.953125,196.875,49.34375,49.34375,0.125,0.09375,6.90625,369.140625,634.375,860.65625,5.5,934.484375,6.375,134.015625,44.5,112.34375,100.515625,156.4375,96.875,17.453125,925.515625,371.09375,760.734375,2.953125,342.546875,900.265625,317.875,1.34375,8.78125,642.140625,1.671875,4.4375,799.859375,674.71875,730.953125,339.21875,341.734375,303.46875,409.484375,300.3125,201.78125,218.71875,202.53125,0.046875,0.0,1.796875,3.0,843.703125,3.0625,0.015625,10.890625,3.5625
2024-07-15,159.5,4.609375,197.75,56.546875,56.546875,0.21875,0.34375,5.421875,396.0,651.921875,926.25,5.796875,1052.40625,13.765625,133.09375,45.5,115.671875,90.625,154.8125,117.125,16.15625,1052.921875,400.8125,884.421875,5.953125,360.171875,1052.921875,320.90625,0.984375,7.109375,712.578125,2.21875,3.0,840.90625,756.484375,766.5,369.953125,373.046875,327.921875,453.40625,324.4375,201.03125,230.609375,202.265625,0.328125,0.0,1.796875,1.109375,896.390625,3.0625,0.0,3.8125,1.328125
2024-07-16,155.765625,6.28125,217.109375,72.765625,72.765625,0.484375,1.4375,14.515625,332.03125,785.734375,925.953125,6.078125,986.078125,21.015625,98.234375,44.8125,84.3125,95.875,118.984375,118.046875,18.078125,965.59375,334.375,792.265625,11.21875,312.6875,938.828125,291.0625,0.78125,3.65625,691.640625,3.6875,1.625,858.03125,718.625,799.90625,404.84375,408.53125,353.296875,497.421875,349.09375,198.9375,246.5,202.625,0.0625,0.09375,1.796875,0.328125,922.078125,3.078125,0.03125,0.484375,0.65625
2024-07-17,158.328125,6.875,199.546875,103.28125,103.28125,0.359375,1.328125,12.46875,342.1875,749.15625,882.109375,4.859375,911.359375,14.03125,102.59375,37.5,89.171875,89.390625,120.859375,86.359375,17.359375,871.125,346.71875,828.875,4.75,338.1875,856.5625,312.5,1.265625,5.6875,739.65625,3.5625,3.078125,921.359375,766.125,867.109375,452.140625,456.328125,390.25,550.9375,385.046875,200.171875,267.265625,207.1875,0.046875,0.015625,1.796875,0.390625,874.84375,3.0625,0.015625,0.484375,0.65625
2024-07-18,155.296875,7.96875,189.34375,59.578125,56.828125,0.421875,1.234375,9.5,418.828125,609.578125,773.625,4.984375,825.421875,12.203125,136.0,42.265625,121.71875,97.53125,157.515625,74.328125,17.15625,795.46875,427.484375,765.171875,5.78125,418.65625,771.21875,389.875,1.25,9.984375,765.625,2.4375,3.640625,1030.46875,765.953125,950.125,502.703125,507.0625,435.328125,605.359375,429.328125,200.53125,289.5,214.359375,0.046875,0.171875,1.796875,0.328125,759.265625,3.0625,0.0,0.734375,0.65625
2024-07-19,160.515625,8.890625,208.546875,73.765625,71.15625,0.734375,2.125,12.9375,464.625,582.40625,894.296875,5.03125,974.578125,14.234375,197.984375,79.6875,183.34375,92.6875,214.140625,66.484375,16.265625,931.203125,465.0625,787.3125,9.296875,425.171875,878.65625,399.453125,1.296875,8.609375,794.625,1.796875,4.609375,1100.671875,794.625,1013.140625,559.40625,563.875,490.0,666.15625,483.59375,205.875,315.140625,227.90625,0.984375,0.0,1.796875,1.75,850.6875,3.0625,0.0,7.671875,0.84375
2024-07-20,160.34375,9.015625,200.015625,107.828125,105.09375,0.5,1.28125,17.4375,531.9375,544.8125,791.0625,6.328125,908.765625,17.4375,204.53125,57.828125,169.3125,81.65625,200.21875,151.875,14.90625,908.765625,536.65625,788.71875,9.390625,537.9375,907.203125,537.9375,1.296875,10.0,772.703125,6.234375,4.421875,1356.609375,766.234375,1262.640625,622.5,627.3125,549.1875,739.34375,542.5625,212.46875,351.1875,246.375,0.03125,0.0,1.796875,1.765625,763.03125,3.0625,0.0,12.09375,2.046875
2024-07-21,163.640625,8.765625,201.0625,70.578125,69.640625,1.46875,3.421875,16.4375,476.28125,561.03125,749.15625,4.3125,806.5,37.578125,199.234375,47.953125,125.609375,77.953125,159.296875,141.46875,14.140625,799.59375,479.09375,722.828125,18.1875,466.5625,783.28125,466.5625,1.109375,12.8125,756.0,1.5,3.734375,1359.015625,740.265625,1353.140625,689.75,694.609375,611.515625,740.859375,604.359375,227.71875,392.265625,268.921875,0.015625,0.0,1.796875,0.875,731.0,3.0625,0.015625,0.625,0.65625
2024-07-22,166.8125,9.328125,240.1875,130.640625,129.1875,0.875,2.5,20.859375,510.359375,486.921875,658.1875,4.265625,712.9375,31.796875,198.28125,66.734375,177.9375,82.703125,203.46875,169.46875,15.328125,708.53125,512.53125,693.59375,18.390625,482.109375,701.203125,470.34375,1.203125,9.6875,738.25,1.796875,2.546875,1366.046875,716.15625,1367.625,707.015625,704.46875,677.46875,860.796875,671.25,243.9375,447.90625,296.625,0.015625,0.0,1.796875,1.046875,637.3125,3.0625,0.015625,1.96875,0.65625
2024-07-23,162.53125,9.78125,220.28125,137.25,137.25,0.53125,1.65625,14.171875,515.890625,516.671875,662.609375,5.046875,713.46875,20.578125,210.328125,57.15625,153.0625,79.234375,185.3125,152.515625,15.1875,707.5,519.921875,715.71875,19.625,491.90625,713.546875,472.734375,1.375,7.875,734.390625,2.921875,2.828125,1336.625,721.734375,1360.46875,685.3125,614.078125,688.640625,1030.140625,688.640625,267.859375,514.640625,331.125,0.015625,0.0,1.78125,5.375,649.890625,3.078125,0.03125,40.53125,6.171875
2024-07-24,161.265625,9.265625,222.15625,105.625,105.625,0.453125,1.75,9.828125,486.5,570.59375,776.03125,4.53125,821.953125,5.6875,191.75,59.140625,138.53125,84.46875,167.984375,170.421875,16.359375,762.0,490.796875,714.703125,17.40625,482.296875,737.390625,475.515625,1.4375,9.21875,728.78125,3.171875,2.9375,1314.15625,718.046875,1348.15625,732.0,758.796875,671.921875,1124.59375,671.65625,297.3125,585.328125,376.8125,0.015625,0.046875,1.78125,0.640625,764.453125,3.0625,0.015625,20.453125,2.53125
2024-07-25,161.671875,10.1171875,203.5859375,126.609375,126.609375,0.453125,1.625,16.6953125,518.6015625,613.0390625,780.1640625,4.75,847.875,14.28125,192.03125,77.6484375,180.703125,90.7890625,205.3828125,147.8828125,16.1015625,832.734375,522.6953125,769.4375,7.625,509.5,812.7734375,498.8046875,1.5234375,10.9609375,756.421875,10.1953125,3.65625,1296.0859375,759.1484375,1327.109375,1000.7578125,1020.859375,659.3828125,1196.0625,658.8671875,342.21875,643.59375,441.1015625,0.484375,0.03125,1.7890625,7.4296875,758.8125,3.0625,0.0078125,46.1640625,8.3359375
2024-07-26,163.1328125,9.3359375,219.53125,135.3515625,135.3515625,0.375,1.515625,15.21875,546.6015625,671.515625,866.9140625,5.71875,947.65625,11.7109375,211.9765625,73.640625,169.5,93.96875,200.421875,162.015625,17.359375,939.9453125,550.296875,826.359375,12.1484375,544.703125,912.640625,542.2734375,1.1328125,8.640625,803.671875,5.453125,3.375,1300.0078125,809.7109375,1292.6484375,1142.953125,1149.3046875,887.2265625,1228.5703125,855.7890625,398.78125,649.5390625,518.15625,5.1796875,0.0,1.7890625,8.0859375,847.703125,3.0625,0.03125,5.625,0.6640625
2024-07-27,163.3046875,8.734375,294.71875,104.5390625,104.5390625,0.3984375,1.5234375,14.125,545.171875,578.21875,777.2890625,3.609375,860.78125,14.265625,229.015625,50.2890625,149.875,82.71875,185.9765625,175.921875,15.0859375,860.78125,549.8671875,820.0078125,10.1015625,526.5546875,858.765625,514.7265625,1.046875,8.3359375,796.2578125,6.1953125,3.1484375,1282.3125,802.2265625,1269.5234375,1194.9140625,1197.0546875,1100.4609375,1243.734375,1082.2421875,473.21875,636.46875,588.890625,0.5078125,0.0234375,1.7890625,21.3046875,751.046875,3.0703125,0.140625,25.9921875,6.4375
2024-07-28,523.4921875,249.5078125,657.4453125,90.0234375,320.609375,1.3828125,3.2578125,64.9765625,510.953125,504.734375,693.6484375,97.875,782.328125,114.84375,181.296875,59.90625,152.1875,85.2890625,189.6640625,124.3359375,15.65625,789.984375,552.671875,870.1875,17.9296875,586.96875,867.9921875,586.96875,1.1875,13.9921875,835.171875,3.65625,3.4765625,1361.453125,852.1171875,1301.15625,1218.4375,1219.5234375,1193.2578125,1243.28125,1187.78125,556.6015625,629.4921875,627.6484375,1.1484375,0.265625,1.7890625,13.7265625,666.6328125,3.078125,0.015625,54.96875,14.8359375
2024-07-29,374.0390625,77.2421875,715.75,80.5546875,200.0546875,0.7421875,2.28125,23.0,841.1171875,824.1015625,1350.3515625,64.5234375,1565.75,33.6171875,338.6953125,72.390625,257.890625,93.109375,309.734375,220.5078125,17.6640625,1614.2734375,843.2890625,1943.9921875,18.40625,828.6796875,1917.890625,809.0234375,1.265625,8.9296875,1798.2421875,6.171875,3.5703125,2034.03125,1882.4375,1583.2578125,1230.0,1230.75,1224.5625,1240.171875,1223.6875,616.9375,610.46875,628.21875,0.8515625,0.2109375,1.7890625,3.90625,1285.2578125,25.15625,0.578125,27.515625,4.5
2024-07-30,194.0390625,15.7109375,386.28125,151.4453125,151.4453125,0.8984375,2.921875,17.640625,704.078125,835.7421875,1144.2578125,9.78125,1250.4453125,22.375,281.1796875,90.9453125,265.9375,98.421875,298.4296875,202.8046875,16.6484375,1262.9765625,705.3984375,1325.421875,16.2421875,662.640625,1328.2421875,642.1484375,85.8359375,6.0625,1158.640625,10.6015625,3.1171875,1462.5078125,1231.640625,1358.1328125,1235.0625,1235.625,1234.7109375,1242.0625,1234.7109375,629.8828125,662.28125,627.7265625,0.140625,0.296875,1.7890625,1.46875,1104.8046875,220.3828125,11.6875,5.3671875,1.59375
2024-07-31,182.59375,13.5859375,374.0703125,121.9140625,121.9140625,1.03125,2.921875,25.421875,974.1875,751.109375,1143.0546875,8.3359375,1217.6875,28.859375,441.1640625,138.1328125,422.2578125,107.328125,457.9921875,255.3125,19.4296875,1136.09375,975.421875,1218.0625,34.8125,959.828125,1198.7734375,959.828125,1.984375,10.671875,1196.703125,52.6796875,7.5078125,1936.4453125,1215.328125,1809.1015625,1264.15625,1266.1953125,1249.71875,1362.59375,1249.71875,856.3515625,980.7734375,841.484375,0.0859375,0.15625,4.5859375,7.1328125,1112.484375,153.640625,24.8046875,33.7109375,21.859375
2024-08-01,389.78125,37.578125,819.7421875,150.7109375,184.1015625,1.640625,3.6640625,55.796875,1186.7890625,783.03125,1130.8984375,39.5546875,1261.53125,86.7109375,481.140625,146.4140625,440.296875,124.40625,492.6796875,312.6328125,17.2890625,1261.28125,1187.4453125,1407.2890625,43.6875,1113.8984375,1306.03125,1084.25,2.015625,12.6875,1541.1875,26.5859375,4.8046875,2568.6796875,1497.4375,2268.109375,1305.3359375,1310.953125,1251.2109375,1541.2265625,1251.1015625,608.125,1178.8828125,511.609375,3.6796875,0.0625,3.03125,14.859375,1073.2109375,5.734375,0.1484375,11.875,5.078125
2024-08-02,320.3671875,28.8359375,500.984375,266.6328125,266.6328125,0.5078125,2.2578125,23.4296875,1303.296875,856.109375,1197.609375,26.65625,1325.203125,32.0703125,522.390625,167.8203125,491.03125,136.046875,553.125,308.109375,21.375,1324.9609375,1306.109375,1299.75,14.84375,1234.171875,1315.1171875,1186.375,1.3203125,8.953125,1439.5703125,5.2734375,3.625,2624.5390625,1369.8203125,2446.921875,1391.9765625,1401.546875,1285.2890625,1702.390625,1279.171875,551.5234375,1248.9140625,447.953125,0.046875,0.1953125,1.7890625,2.9140625,1143.2578125,3.078125,0.0703125,6.3125,3.0703125
2024-08-03,335.09375,28.1953125,509.265625,246.2734375,246.2734375,0.4296875,1.609375,20.0,1354.25,795.9375,1024.1015625,22.96875,1148.1328125,25.6875,563.515625,180.046875,536.5234375,154.109375,592.3515625,337.9765625,24.6953125,1361.1015625,1361.1015625,1245.4921875,13.2421875,1347.9453125,1352.5546875,1334.9921875,0.8671875,8.921875,1343.078125,1.7265625,3.2421875,2701.328125,1288.0234375,2647.1953125,1530.375,1543.2734375,1364.7890625,1883.1796875,1353.28125,491.328125,1262.28125,666.9609375,0.0390625,0.109375,1.7890625,4.515625,997.0,3.0703125,0.03125,12.8828125,4.71875
2024-08-04,381.9921875,48.171875,518.9140625,257.78125,257.78125,0.375,1.4375,20.71875,1213.8046875,844.3046875,1071.921875,42.140625,1155.65625,24.5,498.9921875,164.1171875,473.9140625,116.4375,526.7421875,321.890625,18.640625,1221.5,1226.125,1173.9453125,14.0,1221.5234375,1226.125,1207.640625,1.3203125,9.0390625,1227.921875,2.09375,3.21875,2556.828125,1192.5546875,2556.828125,1694.03125,1708.3671875,1488.3515625,2039.3671875,1471.9453125,435.390625,1266.9609375,1007.9375,0.03125,0.0078125,1.7890625,4.7421875,1049.078125,3.0703125,0.0078125,27.890625,5.2421875
2024-08-05,293.4609375,30.9296875,437.3671875,164.4765625,164.4765625,0.4609375,1.75,26.6796875,1283.828125,774.3515625,980.0859375,23.921875,1071.6875,47.09375,565.9453125,178.5234375,524.1015625,116.1015625,598.9453125,302.734375,18.9765625,1287.3046875,1287.3046875,1118.203125,22.4296875,1459.3046875,1279.3203125,1382.15625,0.84375,292.1796875,1396.359375,4.0625,3.1484375,2500.5546875,1138.734375,2515.21875,1864.7421875,1879.0546875,1643.6328125,2181.9453125,1624.3515625,661.0234375,1279.3359375,1206.5234375,0.03125,0.0078125,1.7890625,0.3125,952.8828125,3.0703125,0.03125,0.8671875,0.6640625
2024-08-06,268.2109375,48.8984375,497.28125,177.5859375,177.5859375,0.5625,1.875,35.9921875,1245.3671875,829.1171875,1214.984375,97.4375,1358.2421875,56.8359375,542.234375,178.1953125,509.40625,115.8671875,561.390625,299.328125,19.015625,1304.703125,1245.3671875,1050.5078125,29.4296875,1129.7734375,1220.1015625,1097.375,1.015625,10.84375,1099.5390625,5.71875,3.859375,2334.5859375,1065.0625,2382.3828125,2024.09375,2036.875,1807.0234375,2264.515625,1786.546875,1010.9296875,1324.21875,1270.8125,0.0234375,0.0078125,1.7890625,0.3125,1119.5,3.078125,0.3203125,6.578125,0.890625
2024-08-07,236.8046875,19.46875,386.171875,240.5546875,240.5546875,0.421875,1.78125,14.8828125,1203.4453125,760.328125,967.7421875,17.625,1051.484375,18.6328125,522.6484375,181.1015625,494.578125,112.5390625,546.40625,301.9765625,20.40625,1206.515625,1206.515625,992.3671875,24.3671875,1154.3671875,1194.328125,1112.875,1.796875,8.8984375,1116.859375,84.1171875,4.796875,2241.484375,1003.59375,2312.6328125,2154.5078125,2164.609375,1963.4921875,2307.90625,1943.609375,1315.0625,1413.0234375,1382.0234375,0.0234375,0.0078125,1.7890625,4.15625,943.875,97.34375,185.953125,81.890625,19.3046875
2024-08-08,318.9765625,26.265625,437.1640625,292.0703125,292.0703125,0.484375,2.1328125,28.640625,1363.390625,908.265625,1182.96875,21.125,1277.2109375,47.25,596.9453125,203.7578125,564.6328125,113.0078125,624.7421875,354.4453125,21.1953125,1363.390625,1363.390625,1084.8125,27.3046875,1299.375,1341.4140625,1262.640625,1.9453125,11.03125,1265.8515625,15.1640625,7.8828125,2251.5859375,1047.421875,2307.1171875,2249.078125,2254.8984375,2110.1328125,2307.1171875,2093.34375,1284.4765625,1547.375,1307.53125,4.328125,7.953125,2.609375,40.0703125,1165.2421875,3.09375,0.4140625,56.375,35.8359375
2024-08-09,1045.8359375,18.171875,1693.4765625,214.7265625,214.7265625,0.6796875,2.1953125,56.078125,1212.375,742.0703125,977.921875,21.203125,1073.453125,170.359375,570.1171875,199.359375,547.1328125,128.7890625,595.6796875,301.0234375,20.53125,1212.375,1212.375,972.0390625,629.1953125,1139.1640625,1190.7421875,1105.5390625,98.265625,15.3125,1108.1328125,30.1484375,11.984375,2347.3125,983.3828125,2835.0546875,2379.5625,2399.5703125,2230.2890625,2953.6015625,2218.3984375,1312.234375,1701.015625,1355.96875,0.453125,96.984375,1.7890625,28.234375,942.0,11.140625,1.71875,62.171875,185.515625
2024-08-10,2658.5390625,1360.0859375,3050.2578125,364.625,2204.578125,0.4921875,1.90625,46.4921875,1660.4765625,898.9609375,1529.0703125,1250.03125,2280.5390625,45.6640625,685.1875,213.7734375,643.640625,152.4765625,734.4765625,373.2265625,21.21875,2280.5390625,1671.5625,1512.625,22.375,1591.984375,2280.34375,1474.75,2.21875,67.28125,1485.6484375,15.265625,11.984375,2297.65625,1199.3359375,2264.3828125,2283.703125,2283.4453125,2267.1640625,2283.703125,2261.59375,1344.6328125,1857.9140625,1488.6953125,4.8671875,0.5390625,11.375,45.828125,1369.9296875,289.5859375,563.0625,673.5859375,299.8515625
2024-08-11,407.7578125,130.4140625,473.1015625,300.7734375,300.7734375,0.9453125,2.9453125,60.40625,1452.96875,1035.1875,1320.8125,119.5625,1433.1015625,59.8515625,662.65625,234.953125,629.0703125,120.5078125,691.1875,355.3515625,19.1796875,1459.296875,1459.296875,1204.46875,51.3828125,1435.984375,1452.3828125,1404.734375,28.125,69.578125,1408.421875,23.9140625,20.734375,2519.1328125,1127.5078125,2540.3125,2312.921875,2314.796875,2290.78125,2392.265625,2288.2109375,1404.453125,1986.8828125,1566.671875,50.5859375,0.40625,3.9140625,127.3515625,1278.8203125,3.0859375,0.3515625,85.0546875,25.3671875
2024-08-12,1205.0078125,517.125,1756.71875,345.1953125,975.859375,1.5703125,3.296875,60.40625,2883.296875,1307.203125,1878.2890625,486.890625,2401.671875,60.1328125,1058.0625,282.5859375,867.4296875,349.234375,1253.1171875,430.1875,45.5234375,2934.25,2990.6015625,2267.7890625,22.0625,3006.3203125,2990.6015625,3006.3203125,1.375,9.3671875,3057.6015625,5.5078125,3.375,4485.203125,1956.1875,3917.140625,2276.0078125,2277.7421875,2275.4296875,2469.671875,2275.4296875,1513.75,2099.140625,1716.640625,41.28125,0.328125,10.5546875,66.8515625,1764.59375,3.078125,0.5390625,58.8515625,15.296875
2024-08-13,2030.671875,881.6640625,2198.4765625,486.5390625,1710.1171875,1.6484375,3.25,50.0,1943.46875,1389.8828125,1877.0390625,834.078125,2195.9765625,54.4609375,753.5546875,280.8359375,692.2890625,166.5390625,799.21875,395.0078125,31.4453125,2202.5,1950.1640625,2188.28125,27.171875,1871.7890625,2220.0390625,1816.125,1.28125,9.8359375,1920.0703125,22.265625,6.1875,3187.2890625,2028.6796875,2979.59375,2308.6875,2310.34375,2276.4453125,2345.1796875,2276.0078125,1654.859375,2179.21875,1862.1640625,2.984375,0.15625,2.6015625,2.328125,1800.359375,109.28125,39.5078125,120.15625,0.9140625
2024-08-14,4036.953125,907.640625,5667.0703125,432.7734375,2622.9140625,2.4609375,4.9140625,61.359375,2726.2109375,1017.65625,1558.78125,760.4765625,2350.65625,104.859375,1014.6796875,373.6875,917.1640625,330.3828125,1157.796875,421.9140625,55.71875,2773.2109375,2868.6796875,2522.1171875,38.59375,2871.046875,2868.6796875,2807.2265625,2.1953125,27.1171875,2820.0625,12.9140625,6.453125,3723.3515625,2097.828125,3283.0703125,2291.9609375,2296.28125,2260.015625,2497.03125,2259.9296875,1806.921875,2224.2890625,1985.75,2.3984375,0.0625,3.4140625,9.2578125,1459.4375,3.125,0.3671875,42.9765625,10.03125
2024-08-15,788.6796875,299.03125,1048.4296875,532.4375,628.59375,2.4140625,7.1171875,50.8671875,2450.4921875,1036.6953125,1639.2265625,351.3203125,1864.8671875,98.7890625,834.625,298.7734375,777.8125,442.1015625,909.8203125,437.4609375,113.6171875,2506.78125,2598.59375,1545.8515625,40.3046875,2739.8359375,2598.59375,2739.8359375,2.4765625,53.5859375,2747.78125,12.0234375,9.1171875,3951.625,1453.8828125,3488.4140625,2407.15625,2415.8203125,2310.9921875,2702.3125,2305.234375,1933.703125,2245.203125,2067.28125,4.3125,0.015625,1.7890625,39.1875,1564.6953125,3.1796875,0.3125,14.109375,4.1328125
2024-08-16,1350.703125,158.359375,2112.0,607.984375,939.5390625,2.2734375,220.828125,46.078125,2418.1796875,1800.203125,2116.5078125,190.34375,2283.84375,108.2890625,976.8046875,345.7421875,911.5859375,345.75,1051.5078125,541.0234375,62.203125,2419.328125,2419.328125,2005.4609375,57.71875,2216.9453125,2352.03125,2133.734375,2.3125,41.6875,2139.6953125,35.3984375,8.75,4048.7265625,2088.3984375,3528.2421875,2548.5859375,2560.2265625,2393.859375,2845.359375,2382.6328125,2025.5703125,2260.75,2119.4375,6.0546875,0.2578125,1.7890625,31.0078125,2091.7890625,3.125,0.3359375,54.4296875,15.6953125
2024-08-17,1530.9453125,229.1640625,1947.6640625,893.71875,1103.5703125,2.1171875,8.7421875,30.515625,2193.8984375,2161.859375,2397.1953125,228.7578125,2485.0234375,48.640625,863.6328125,338.7578125,818.4609375,298.5703125,921.1015625,577.6484375,62.2265625,2286.3125,2208.46875,1934.6953125,23.03125,2172.5546875,2192.1328125,2134.2265625,1.78125,39.1640625,2136.484375,18.796875,6.546875,4140.1484375,2000.421875,3935.65625,2718.0,2731.1015625,2518.765625,3029.3046875,2501.71875,2085.046875,2269.1328125,2160.7734375,1.0859375,0.0546875,1.7890625,8.5625,2395.6171875,3.1015625,0.296875,27.2421875,9.0078125
2024-08-18,1509.09375,202.40625,1985.2109375,569.4609375,967.3203125,2.609375,9.296875,30.828125,2102.734375,1341.90625,1671.40625,192.8203125,1816.34375,60.96875,834.34375,297.34375,777.65625,250.5546875,892.8046875,564.671875,46.0078125,2128.3515625,2165.140625,1841.078125,39.09375,2220.171875,2165.140625,2211.9375,2.140625,31.1640625,2211.9375,15.3046875,5.453125,4160.8828125,1883.828125,4132.6171875,2912.921875,2925.984375,2700.8359375,3250.296875,2680.5,2118.8984375,2309.1953125,2198.5,0.3359375,0.03125,1.7890625,3.25,1634.84375,3.078125,0.21875,11.03125,3.484375
2024-08-19,1428.109375,209.4375,1621.28125,678.4765625,1013.984375,2.359375,8.3515625,40.21875,2230.5703125,1880.4453125,2400.25,210.9140625,2553.0703125,161.1484375,828.578125,280.703125,767.015625,241.53125,889.484375,691.890625,43.2265625,2441.328125,2237.6640625,2121.9453125,69.8359375,2295.96875,2337.65625,2293.765625,4.9765625,44.25,2294.0390625,18.0390625,7.2578125,4478.6171875,2094.1171875,4478.6171875,3220.4375,3238.90625,2941.6953125,3715.4765625,2916.2734375,2150.2109375,2386.53125,2234.921875,0.65625,0.03125,1.7890625,4.15625,2357.3125,3.078125,0.140625,19.203125,1.8203125
2024-08-20,1945.3828125,160.6171875,2203.3359375,799.6484375,1086.9296875,2.0703125,7.59375,40.3984375,2545.8046875,1696.96875,2020.9140625,149.9140625,2240.3359375,81.7109375,944.875,366.171875,891.4453125,369.1875,1012.5703125,707.703125,71.359375,2564.2265625,2569.859375,2290.921875,46.5546875,2611.28125,2569.859375,2595.4296875,3.953125,39.0390625,2595.4296875,109.40625,9.71875,4747.5703125,2234.328125,4754.71875,3571.0,3593.4609375,3228.28125,4120.59375,3196.6328125,2186.796875,2517.0703125,2271.9140625,1.2578125,0.1171875,5.8671875,3.46875,1969.078125,3.0703125,0.1015625,3.90625,1.265625
2024-08-21,1676.3203125,130.796875,2049.078125,853.4296875,898.5703125,2.5546875,8.125,51.59375,2637.8984375,1722.2109375,1995.984375,118.0078125,2139.0078125,76.171875,1037.8046875,386.890625,972.1953125,372.4921875,1117.203125,799.1875,95.453125,2680.7109375,2805.015625,2137.9375,36.9375,2905.2109375,2805.015625,2871.46875,2.21875,71.109375,2871.46875,11.6953125,8.109375,4556.1796875,2082.53125,4431.765625,3826.5859375,3845.4375,3491.7109375,4177.21875,3457.8046875,2231.8359375,2690.4453125,2330.3984375,0.2578125,0.03125,2.515625,1.609375,1958.546875,3.0703125,0.0390625,3.875,0.8515625
2024-08-22,1468.4921875,142.1171875,1791.9296875,726.4453125,786.046875,1.34375,5.765625,34.640625,2538.2734375,1747.96875,2036.15625,132.0390625,2206.4296875,74.7890625,978.0390625,362.984375,915.0546875,342.890625,1038.6328125,782.484375,78.9453125,2558.8046875,2590.859375,2185.796875,37.125,2664.8828125,2590.859375,2659.828125,2.046875,49.0703125,2659.828125,21.4453125,33.7265625,4574.984375,2144.6328125,4442.78125,4059.6328125,4071.9921875,3794.5859375,4240.9296875,3762.953125,2299.1484375,2911.28125,2435.1171875,0.171875,0.0234375,1.7890625,1.1875,1991.203125,3.0703125,0.0234375,3.890625,0.7265625
2024-08-23,2102.0546875,173.25,2671.6640625,737.40625,873.0078125,1.4375,6.1796875,34.140625,2609.125,1541.640625,1855.9140625,133.65625,2041.9140625,680.8046875,977.9140625,376.9296875,918.53125,463.0546875,1099.9453125,710.03125,90.4609375,2632.0078125,2675.1875,2078.0,443.1640625,2741.1171875,2675.1875,2741.1171875,746.65625,585.4609375,2764.6953125,213.25,609.6015625,6003.8203125,2063.4375,6059.875,4532.9140625,4547.890625,4241.8203125,5000.78125,4206.9140625,2392.3046875,3185.984375,2584.8828125,0.1171875,0.0234375,1.7890625,1.3359375,1798.5546875,3.0625,0.015625,1.78125,0.6640625
2024-08-24,1497.5390625,325.9453125,1840.6015625,718.734375,743.953125,63.7265625,5.3828125,62.625,2478.53125,1718.671875,2045.234375,107.3125,2188.390625,118.96875,990.296875,379.59375,929.5859375,332.671875,1105.1796875,775.640625,54.96875,2514.3984375,2556.484375,2503.125,218.859375,2599.890625,2556.484375,2599.890625,178.4296875,508.140625,2607.34375,27.3671875,413.3203125,4966.015625,2318.140625,4917.21875,4659.1640625,4665.7265625,4496.671875,4753.609375,4473.8515625,2536.1953125,3529.96875,2786.3515625,15.890625,0.0234375,1.7890625,4.3046875,1986.078125,65.0859375,0.1484375,1.40625,0.6640625
2024-08-25,1396.078125,135.1875,1619.6171875,752.1484375,769.7265625,1.0546875,5.671875,51.9296875,2768.5546875,1959.53125,2297.1484375,119.3671875,2438.015625,143.0390625,1144.296875,432.875,1064.5,370.96875,1268.140625,797.1171875,56.21875,2787.3515625,2788.3515625,2268.09375,56.5625,2822.25,2788.3515625,2812.125,232.0703125,56.28125,2812.125,72.1015625,45.9296875,5206.140625,2214.96875,5168.2578125,4801.8515625,4809.9765625,4668.71875,5030.21875,4653.4296875,2926.9765625,3905.9921875,3054.953125,2.5859375,0.0234375,1.7890625,27.8984375,2241.546875,2917.0078125,47.3828125,1.78125,128.078125
2024-08-26,3425.1953125,189.5078125,4235.6015625,836.296875,1602.578125,1.75,4.140625,81.3046875,2912.46875,2147.859375,2499.390625,183.5078125,2686.4609375,128.7890625,1185.8984375,477.1171875,1114.8359375,382.0,1306.171875,1101.3828125,52.8203125,2975.9609375,3100.5390625,2752.6640625,559.921875,3236.421875,3102.234375,3236.421875,1.1171875,312.6484375,3333.9921875,17.2578125,7.609375,5944.5546875,2752.0390625,5771.4453125,4900.6015625,4908.265625,4785.7890625,5130.71875,4773.3046875,2996.0078125,4244.125,3373.3046875,7.8203125,0.0234375,4.6796875,12.7109375,2437.1796875,3.0859375,0.703125,33.078125,10.7578125
2024-08-27,1811.21875,165.4453125,2109.640625,852.390625,1145.2265625,0.90625,3.3984375,24.0546875,3075.5546875,2125.828125,2433.5,159.8671875,2616.1640625,58.8984375,1339.7734375,585.84375,1276.78125,398.671875,1464.53125,1140.1640625,51.6796875,3125.3984375,3197.484375,2561.328125,27.6484375,3271.9609375,3199.015625,3271.9609375,1.1171875,20.5625,3286.0625,215.8203125,3.5859375,5742.4609375,2510.5859375,5772.3203125,5059.3515625,5076.515625,4880.2421875,5243.65625,4867.6171875,4062.3671875,4512.2265625,4108.3125,4.8125,0.1171875,1.7890625,14.75,2377.953125,337.296875,2.40625,47.1953125,15.9453125
2024-08-28,1442.5,139.2265625,1641.6171875,829.0390625,841.5546875,0.7578125,2.9140625,30.0078125,2895.1640625,2210.359375,2509.3046875,134.9453125,2676.890625,62.703125,1204.890625,501.546875,1131.640625,413.5546875,1341.9765625,1068.2265625,49.109375,2935.2109375,2979.671875,2614.0546875,30.6796875,3017.328125,2979.671875,3014.6484375,0.8828125,28.03125,3014.6484375,16.0703125,3.2734375,5440.375,2581.8125,5375.65625,5014.828125,5020.3125,4993.109375,5149.421875,4993.109375,6681.6484375,4671.0234375,6553.9765625,9.3046875,0.078125,3.734375,48.4765625,2451.734375,163.8984375,244.2109375,66.875,42.8515625
2024-08-29,1337.9375,109.125,1608.734375,778.1875,778.1875,0.5078125,2.71875,22.828125,2658.5234375,3035.0078125,3238.1015625,101.7890625,3343.875,48.4296875,1181.9765625,518.3671875,1124.3046875,299.6640625,1293.984375,1172.203125,36.359375,3305.921875,2760.1953125,3225.7578125,32.0234375,2822.546875,3271.2578125,2822.546875,1.5625,10.9296875,3241.2734375,21.546875,2.515625,6074.4140625,3237.109375,6007.109375,5217.265625,5217.265625,6756.1015625,5434.0234375,6752.1953125,8311.6484375,8182.40625,8757.8515625,23.5859375,0.125,3.125,63.9453125,3198.8515625,498.140625,148.9296875,51.4140625,48.5625
2024-08-30,1808.1875,165.7265625,2380.9140625,743.53125,878.109375,1.0,3.7421875,22.234375,2603.0703125,3291.78125,3680.078125,155.65625,3936.4453125,58.3359375,1300.6015625,455.765625,1050.75,246.8359375,1195.140625,1303.28125,33.203125,3964.234375,2685.8515625,4080.2109375,52.84375,2741.375,4072.1640625,2741.375,0.75,8.0546875,4056.5546875,12.8046875,1.8046875,6778.75,4070.84375,6707.5,5638.9609375,5660.6328125,8120.2578125,6177.2578125,8120.2578125,14563.421875,9306.828125,13923.34375,47.6953125,241.328125,14.828125,95.078125,3607.765625,731.515625,731.515625,190.3515625,490.9609375
2024-08-31,1239.34375,104.7421875,1504.84375,706.90625,722.65625,0.6953125,2.90625,27.6328125,2600.8125,3400.9765625,3837.265625,99.0625,4147.015625,78.734375,1245.234375,437.9765625,1011.921875,278.8984375,1180.1640625,1249.0859375,36.75,4175.75,2655.3046875,4287.34375,73.2421875,2694.0078125,4275.5390625,2694.0078125,1.484375,12.546875,4273.2578125,18.2265625,3.75,6923.90625,4283.65625,6841.15625,6072.9765625,6096.0546875,5750.6328125,6529.71875,5771.3046875,4814.0859375,5698.0703125,5365.2578125,106.5703125,24.828125,41.546875,179.3203125,3751.484375,64.3359375,64.3359375,144.1484375,54.6171875
2024-09-01,1249.015625,121.34375,1456.3671875,681.421875,784.1328125,0.765625,3.53125,34.4375,2779.0234375,3143.890625,3670.390625,130.265625,4038.6796875,127.5234375,1143.3359375,481.2890625,1080.5625,302.5390625,1255.875,1102.7265625,38.890625,4067.34375,2828.46875,4161.171875,49.25,2835.8671875,4145.4296875,2824.9140625,3.03125,14.671875,4161.421875,18.328125,4.8984375,6911.375,4162.0,6815.078125,6396.046875,6411.5390625,6133.3203125,6639.2734375,6176.1875,4989.8203125,5540.890625,5443.109375,68.7890625,0.4140625,36.3515625,128.953125,3567.2578125,214.140625,69.6328125,112.8984375,37.421875
2024-09-02,1259.9609375,151.9375,1454.5703125,762.6875,765.7265625,0.625,2.171875,34.96875,3010.2734375,3198.2421875,3569.953125,144.71875,3858.890625,106.640625,1227.984375,518.640625,1158.1953125,354.2265625,1365.34375,1212.0390625,55.3671875,3899.2578125,3162.5234375,4077.3515625,56.8359375,3225.171875,4069.328125,3225.171875,9.2890625,46.1015625,4067.1875,21.78125,9.984375,7212.6796875,4073.90625,7077.703125,6576.78125,6585.4765625,6500.28125,6738.46875,6524.484375,4901.296875,6263.90625,5214.390625,19.0546875,0.1953125,35.09375,65.578125,3500.984375,46.875,8.359375,135.0703125,33.796875
2024-09-03,1725.3671875,128.15625,1760.984375,1124.96875,1124.96875,0.796875,3.140625,41.046875,3216.9921875,3633.4140625,4008.6015625,125.4609375,4157.375,96.3359375,1384.515625,578.9921875,1285.328125,421.6796875,1540.859375,1327.6015625,68.7890625,4107.09375,3222.2890625,4098.6328125,48.375,3160.65625,4102.34375,3148.5234375,7.1875,52.6171875,4052.9609375,19.3828125,9.3125,7053.3203125,4071.96875,6954.71875,6684.578125,6689.84375,6572.6875,6779.9921875,6557.265625,5057.125,5866.78125,5240.9453125,13.9296875,0.4921875,26.4140625,47.90625,3964.5859375,17.7578125,51.8671875,119.2265625,26.3046875
2024-09-04,2876.6640625,211.0078125,3116.21875,1198.4765625,1269.21875,0.9921875,4.0703125,34.0390625,3521.421875,3685.9375,3980.0625,219.140625,4148.3671875,83.4140625,1436.7265625,614.21875,1350.171875,520.359375,1611.796875,1364.6875,63.4453125,4137.046875,3540.09375,4082.828125,42.3359375,3429.421875,4112.0,3326.984375,5.7734375,59.0546875,4067.1171875,20.9921875,5.375,7076.046875,4075.140625,6884.34375,6686.1953125,6688.3046875,6694.84375,6716.53125,6707.1484375,5692.0546875,6390.90625,5865.828125,10.765625,0.125,1.8828125,49.3828125,3946.328125,14.0234375,67.2265625,73.2734375,12.0234375
2024-09-05,2617.703125,294.9375,3176.1171875,1171.234375,1337.6328125,1.171875,5.328125,35.5078125,3546.7890625,4072.3671875,4191.8359375,289.7734375,4336.328125,81.90625,1372.3671875,546.15625,1287.515625,603.625,1549.671875,1256.7421875,122.265625,4298.78125,3730.0078125,4279.3203125,44.71875,3801.796875,4268.4296875,3779.265625,4.5703125,67.25,4287.4609375,17.203125,6.2265625,7734.109375,4287.4609375,7382.0859375,6721.265625,6723.8203125,6933.1015625,6806.9765625,6932.0078125,6464.859375,6927.515625,6723.875,7.3125,0.15625,3.046875,28.625,4185.765625,10.59375,46.4453125,53.9375,12.8203125
2024-09-06,1832.625,200.3046875,2225.3125,864.421875,1023.4921875,2.2890625,5.9453125,39.28125,3397.984375,4297.5,4475.7734375,189.109375,4603.34375,76.375,1318.2890625,525.75,1238.1953125,587.7421875,1482.34375,1243.6328125,102.96875,4524.1015625,3571.9453125,4272.1484375,53.421875,3632.21875,4438.046875,3630.2421875,2.6015625,43.3984375,4290.0,12.7109375,6.421875,7851.7578125,4258.5,7682.3828125,6785.984375,6790.1015625,6918.0,6946.953125,6918.0,6652.96875,6936.09375,6857.234375,3.375,0.234375,1.7890625,15.890625,4466.0546875,11.0546875,63.15625,57.7578125,10.5703125
2024-09-07,1791.6171875,176.03125,2064.8671875,932.2109375,932.2109375,1.53125,4.1640625,43.6171875,3157.3125,4037.015625,4233.9140625,169.9296875,4370.0703125,93.796875,1232.484375,514.5625,1141.7734375,514.296875,1404.2734375,1063.5234375,83.4375,4324.359375,3327.2109375,4089.3828125,54.3515625,3405.890625,4248.171875,3405.890625,3.2265625,47.9609375,4178.6484375,13.84375,5.2421875,7635.6328125,4121.8203125,7616.1015625,6848.4765625,6854.4453125,6944.578125,7056.890625,6940.828125,6980.3671875,7020.78125,7042.875,1.9453125,9.2265625,1.7890625,9.71875,4218.875,12.203125,46.28125,67.796875,10.0078125
2024-09-08,1786.828125,210.1875,2010.5,1223.8984375,1223.8984375,0.984375,4.1015625,37.0546875,2943.1953125,4353.0,4666.5078125,204.3046875,4846.15625,73.4921875,1141.109375,465.8203125,1059.0,445.078125,1277.8203125,1068.1875,84.3515625,4841.59375,3136.9609375,4507.5390625,41.8515625,3206.7265625,4804.578125,3206.7265625,2.03125,41.0,4349.0234375,21.46875,5.0390625,7575.1875,4378.5,7575.0703125,6881.328125,6889.0078125,6911.1484375,7116.90625,6906.1328125,7056.5,7010.765625,7060.53125,1.796875,8.5546875,1.7890625,18.9765625,4614.953125,10.03125,33.890625,81.109375,18.890625
2024-09-09,1816.09375,175.40625,2021.2109375,1232.3515625,1232.3515625,1.1875,5.7890625,44.1953125,2902.8125,4606.390625,4882.34375,166.6015625,5081.3828125,95.421875,1178.4765625,506.015625,1105.46875,434.0390625,1308.40625,1118.3984375,74.3125,5081.3828125,3029.4296875,4935.2890625,47.40625,3085.8046875,5104.421875,3085.8046875,1.6171875,38.6796875,4740.90625,15.4453125,5.6796875,7708.6328125,4789.1484375,7689.5390625,7060.3359375,7070.6796875,6909.21875,7309.0703125,6916.546875,7056.0859375,6975.984375,7048.109375,15.5546875,7.4765625,10.8984375,19.8125,4836.21875,8.6640625,26.0703125,47.015625,10.9453125
2024-09-10,2023.296875,275.34375,2284.3125,1132.8359375,1147.5625,1.046875,4.421875,36.0703125,3069.046875,4423.421875,4767.40625,275.453125,5059.96875,82.4921875,1243.5859375,530.9921875,1166.9453125,499.6171875,1385.84375,1059.9140625,79.4609375,5064.6875,3136.8984375,5085.953125,32.6171875,3151.5703125,5103.875,3151.4765625,1.34375,21.1015625,5036.2578125,11.7578125,4.2734375,8174.1171875,5048.765625,8170.328125,7363.625,7376.4140625,7144.1640625,7664.9296875,7122.546875,7046.609375,6938.78125,7007.234375,35.7734375,6.40625,11.8984375,49.71875,4688.265625,7.7265625,21.4375,70.0,20.3046875
2024-09-11,2272.796875,300.9140625,2507.15625,1124.21875,1288.4296875,1.4375,4.8125,36.109375,3226.203125,4579.3359375,4868.1953125,298.6171875,5091.3515625,58.9765625,1324.15625,564.1953125,1226.0703125,512.0078125,1467.96875,1324.15625,76.609375,5091.3515625,3294.8359375,5108.21875,38.03125,3288.109375,5121.4453125,3268.703125,1.7734375,27.6796875,5068.59375,11.796875,5.8359375,8284.734375,5076.109375,8296.7265625,7591.9765625,7604.921875,7370.265625,7898.7421875,7347.484375,7010.671875,6983.5546875,6968.5703125,16.5546875,5.4375,4.2265625,20.0546875,4817.8203125,6.828125,18.5625,30.78125,4.625
2024-09-12,2387.125,278.4453125,2676.8828125,1207.640625,1282.0234375,1.9296875,5.34375,31.4375,2988.734375,4735.0625,4975.140625,270.3515625,5148.0546875,46.625,1268.625,506.515625,1099.2578125,499.765625,1316.6015625,1270.8203125,81.4453125,5139.3203125,3089.28125,5078.8671875,29.2109375,3101.4765625,5119.3359375,3093.7109375,2.7578125,24.7578125,5054.90625,12.5078125,5.2890625,8110.5390625,5060.140625,8136.734375,7748.28125,7758.1328125,7567.125,7946.2890625,7547.8671875,6975.4921875,7140.703125,6953.2265625,5.203125,4.625,1.7890625,12.7265625,4933.3203125,6.1328125,16.484375,33.5078125,6.6640625
2024-09-13,2411.5625,352.3671875,2754.4609375,1216.5546875,1367.53125,2.5703125,5.53125,29.015625,3053.8671875,5214.265625,5602.375,340.71875,5833.0546875,76.0546875,1448.171875,498.0390625,1089.828125,518.0859375,1313.53125,1465.265625,86.5390625,5829.9375,3124.796875,5654.2265625,36.78125,3146.484375,5797.8125,3146.484375,1.015625,23.8671875,5540.375,10.0625,3.7890625,8551.453125,5570.9375,8465.1171875,8048.90625,8057.625,7872.203125,8217.375,7850.9296875,6972.1796875,7361.4375,7030.8359375,1.6640625,3.9375,1.7890625,1.984375,5525.5703125,5.4765625,14.7734375,18.1640625,3.6640625
2024-09-14,2229.6171875,354.4375,2513.8203125,1163.40625,1318.9375,2.0,6.2421875,42.8203125,3091.21875,4974.671875,5397.8046875,351.0859375,5688.5625,65.34375,1287.9296875,509.40625,1117.515625,509.625,1357.578125,1291.421875,87.703125,5688.5625,3167.84375,5646.25,33.1640625,3189.0078125,5709.015625,3184.1484375,0.96875,25.15625,5574.90625,8.3203125,4.875,8671.5390625,5594.953125,8599.84375,8199.2109375,8205.9453125,8067.9765625,8346.5546875,8052.0078125,7063.4140625,7609.078125,7196.046875,0.3203125,3.375,1.7890625,1.3515625,5321.9296875,4.9140625,13.234375,17.125,3.2734375
2024-09-15,2099.9375,291.5625,2274.671875,1168.8671875,1168.8671875,0.8984375,3.734375,48.8515625,3235.203125,5180.765625,5497.5234375,283.8671875,5841.1875,75.6015625,1288.484375,522.1875,1166.8359375,549.9375,1435.046875,1288.484375,89.6328125,5841.6015625,3320.046875,5721.140625,39.203125,3318.765625,5872.6796875,3294.3984375,2.1953125,43.890625,5625.6171875,10.5,7.203125,8802.09375,5644.390625,8724.1640625,8328.3359375,8334.53125,8216.25,8467.6796875,8203.625,7226.453125,7849.515625,7415.234375,0.5625,2.90625,1.7890625,2.9296875,5433.8203125,4.3984375,11.9296875,18.1640625,2.9375
2024-09-16,2150.0859375,325.3515625,2279.5546875,1014.6875,1104.765625,1.53125,5.1171875,40.34375,3067.796875,4734.7109375,5031.9609375,315.0625,5316.2109375,82.359375,1318.6328125,520.9140625,1128.8984375,493.7734375,1360.671875,1319.125,74.8203125,5324.4609375,3158.2890625,5426.375,49.5859375,3172.984375,5406.484375,3163.578125,2.796875,49.296875,5474.4140625,13.5859375,7.578125,8598.0234375,5441.34375,8573.84375,8320.2578125,8323.8671875,8257.03125,8403.546875,8250.0703125,7443.671875,8039.671875,7657.8984375,0.5078125,2.515625,1.7890625,2.3203125,4974.9296875,3.9765625,10.84375,15.390625,2.6484375
2024-09-17,2820.3828125,346.6640625,2925.984375,1063.8671875,1179.703125,1.234375,5.484375,46.4921875,2908.9609375,4955.1328125,5262.7734375,325.8828125,5573.953125,98.640625,1254.765625,466.1875,1031.8828125,493.0625,1249.640625,1260.921875,77.4296875,5594.4296875,3048.265625,5746.46875,49.3359375,3090.5078125,5738.84375,3090.5078125,1.546875,42.171875,5725.7109375,13.8359375,6.0546875,8786.2109375,5738.6328125,8795.75,8576.6171875,8585.4296875,8421.703125,8739.3515625,8406.0234375,7678.890625,8166.4765625,7880.546875,0.6171875,2.1953125,1.7890625,1.8359375,5188.4609375,3.5859375,9.8671875,13.5859375,2.3984375
2024-09-18,3029.1796875,316.1953125,3242.8671875,1100.96875,1159.421875,1.390625,4.6953125,45.5390625,3117.4609375,5164.3828125,5602.21875,300.609375,5822.4140625,64.375,1284.5390625,555.0390625,1160.28125,590.4375,1382.21875,1286.7578125,91.3671875,5809.4609375,3169.4296875,5876.6015625,31.375,3177.8984375,5867.109375,3175.78125,1.0390625,24.96875,5857.9921875,5.546875,4.1640625,8880.7109375,5872.5390625,8801.3359375,8723.0078125,8729.1171875,8587.8203125,8799.0390625,8571.0078125,7892.4921875,8265.7890625,8050.03125,0.515625,1.9296875,1.7890625,2.03125,5514.1015625,3.234375,8.9296875,14.609375,2.1796875
2024-09-19,3235.4453125,338.7578125,3474.3515625,1133.3359375,1230.671875,1.21875,5.0859375,33.328125,3331.421875,5063.09375,5527.75,331.203125,5870.15625,54.4609375,1237.1484375,534.65625,1144.6171875,607.6875,1408.9375,1223.546875,83.8671875,5870.15625,3406.2890625,5848.2265625,27.484375,3371.8515625,5840.40625,3294.34375,1.734375,26.8671875,5877.0546875,9.3359375,6.671875,9003.5703125,5869.828125,8833.71875,8754.875,8756.359375,8699.6328125,8763.890625,8690.078125,8062.921875,8395.515625,8178.984375,0.78125,1.703125,1.7890625,2.75,5437.40625,3.109375,8.0859375,7.7578125,1.9921875
2024-09-20,3721.421875,335.2109375,4026.9921875,1360.2109375,1360.2109375,1.453125,4.34375,28.9375,3463.0,5615.1328125,5799.2578125,320.0078125,6003.7734375,37.140625,1364.8359375,582.5078125,1256.0390625,603.3203125,1557.578125,1355.140625,87.9453125,6000.1328125,3563.296875,5757.1015625,24.5078125,3545.015625,5965.7734375,3491.2421875,1.1953125,29.625,5803.0078125,9.234375,4.4375,9096.609375,5766.9921875,8908.8125,8668.203125,8641.0078125,8672.203125,8648.484375,8677.3125,8191.6796875,8533.8828125,8295.421875,0.40625,1.5078125,1.7890625,1.8828125,5765.3046875,3.1015625,7.3125,6.2109375,1.8203125
2024-09-21,3664.7734375,349.7890625,3986.1953125,1292.25,1292.25,4.0,7.7578125,30.0234375,3134.140625,5563.7421875,5846.2890625,325.4453125,6058.6015625,44.8359375,1366.6953125,499.1640625,1102.4296875,553.921875,1334.59375,1367.453125,86.5625,6055.1484375,3282.640625,5767.515625,24.5390625,3294.234375,6014.6015625,3281.59375,1.6484375,25.6484375,5793.140625,6.1171875,4.59375,9041.8828125,5744.9921875,8995.375,8676.546875,8657.5078125,8709.0390625,8686.6171875,8709.0390625,8313.6796875,8653.515625,8430.6484375,0.2734375,1.34375,1.7890625,1.4375,5786.96875,3.1015625,6.625,5.609375,1.671875
2024-09-22,3144.40625,270.8984375,3469.3359375,1163.25,1163.25,1.25,5.046875,27.3515625,3117.5859375,5441.078125,5691.8203125,260.2890625,5912.875,43.15625,1350.6015625,514.0390625,1119.5390625,523.9921875,1369.796875,1351.0390625,82.015625,5912.875,3238.796875,5803.515625,20.9921875,3263.203125,5909.640625,3263.203125,2.15625,20.2578125,5776.796875,6.015625,4.0625,9151.3203125,5755.25,9151.3203125,8786.265625,8790.4453125,8735.5703125,8909.578125,8736.1015625,8449.875,8716.1953125,8568.90625,0.2109375,1.1953125,1.7890625,1.2109375,5636.125,3.09375,6.0078125,5.0859375,1.5390625
2024-09-23,2728.203125,237.6796875,3026.5078125,1028.03125,1028.03125,0.96875,4.2265625,28.484375,2908.28125,4938.2109375,5155.5234375,226.3671875,5370.46875,40.7421875,1201.4296875,509.4765625,1088.1171875,509.796875,1310.734375,1204.3671875,71.5078125,5374.6640625,3056.3046875,5416.140625,20.0,3091.046875,5416.140625,3091.046875,1.4140625,24.0390625,5449.8359375,4.703125,3.34375,8762.078125,5410.421875,8815.2421875,8747.546875,8750.8046875,8709.5625,8805.7109375,8708.84375,8578.546875,8709.578125,8664.3984375,0.140625,1.0703125,1.7890625,0.9140625,5104.875,3.0859375,5.46875,4.625,1.421875
2024-09-24,2652.9296875,244.703125,2921.3984375,997.0390625,997.0390625,0.9375,3.4453125,29.734375,2932.5859375,5051.1796875,5314.796875,234.859375,5528.1328125,41.796875,1218.46875,521.96875,1102.3515625,481.421875,1326.3046875,1232.453125,68.1640625,5528.1328125,3077.4375,5439.3515625,21.078125,3122.34375,5525.0234375,3122.34375,1.3203125,21.1171875,5470.1328125,4.0234375,2.9765625,8737.6015625,5436.328125,8777.6015625,8751.75,8754.109375,8707.09375,8781.859375,8702.390625,8664.234375,8700.9140625,8697.5859375,0.1015625,0.9609375,1.7890625,0.703125,5250.3671875,3.0859375,4.9921875,4.21875,1.3203125
2024-09-25,2639.90625,231.5078125,2943.9453125,1030.9453125,1030.9453125,0.9140625,2.8515625,26.8515625,2859.8671875,5250.6875,5555.2421875,219.1484375,5825.890625,36.1015625,1287.8125,480.3984375,1021.0234375,516.0859375,1238.171875,1339.109375,84.7578125,5825.890625,3029.203125,5705.0078125,20.96875,3082.703125,5845.625,3082.703125,1.1875,21.1953125,5590.921875,3.4921875,3.0078125,8844.671875,5614.0859375,8881.9140625,8789.7890625,8792.8125,8738.7421875,8844.9921875,8733.4453125,8695.8046875,8691.0859375,8699.0234375,0.078125,0.8671875,1.7890625,0.546875,5479.9296875,3.0859375,4.5703125,3.859375,1.21875
2024-09-26,2559.421875,212.5234375,2889.1171875,963.0390625,963.0390625,0.828125,2.90625,29.6640625,2715.5625,5119.1328125,5397.6484375,202.578125,5739.75,35.921875,1373.390625,458.03125,958.59375,509.8125,1155.5625,1425.4453125,83.4140625,5766.53125,2861.5,5841.828125,20.8671875,2912.703125,5841.4765625,2912.703125,0.8359375,19.359375,5839.5,2.7421875,2.75,8900.3359375,5833.28125,8938.140625,8867.59375,8871.1328125,8806.953125,8926.1484375,8800.625,8691.921875,8697.1875,8690.6328125,0.0625,0.78125,1.7890625,0.4375,5323.1796875,3.078125,4.1953125,3.546875,1.1328125
2024-09-27,2673.140625,221.8828125,2990.3515625,1097.515625,1097.515625,0.7265625,2.5546875,27.3125,2713.2421875,5194.984375,5517.84375,213.265625,5900.4921875,44.5390625,1285.921875,453.5703125,953.8671875,502.78125,1158.703125,1368.7421875,76.578125,5939.3359375,2853.2109375,5982.9296875,21.59375,2888.546875,6006.0,2888.546875,0.59375,17.7265625,5846.46875,1.8125,2.34375,8664.8515625,5894.2734375,8844.4765625,8839.0234375,8840.0703125,8810.3046875,8844.8828125,8806.40625,8684.8359375,8726.28125,8679.203125,0.046875,0.703125,1.7890625,0.3515625,5440.7265625,3.078125,3.859375,3.265625,1.0546875
2024-09-28,2393.0703125,158.8203125,2674.40625,1045.921875,1045.921875,0.515625,1.953125,25.5234375,2555.375,5100.6953125,5327.78125,149.6640625,5667.578125,35.6875,1389.0234375,433.6015625,933.015625,429.2734375,1125.03125,1432.2421875,63.6015625,5713.6171875,2695.3671875,5883.2578125,20.671875,2745.765625,5872.7421875,2745.765625,0.609375,16.3046875,5861.3359375,1.5546875,2.3203125,8553.1484375,5876.875,8766.0390625,8803.8671875,8794.6484375,8803.6640625,8798.984375,8803.1484375,8683.1796875,8758.3203125,8699.828125,0.0390625,0.6328125,1.7890625,0.3125,5264.5390625,3.078125,3.5625,3.0078125,1.0
2024-09-29,2337.7890625,138.9453125,2634.5546875,1045.9765625,1045.9765625,0.484375,1.7265625,22.2890625,2436.25,5291.7265625,5503.8203125,129.84375,5785.953125,34.9921875,1387.4453125,424.984375,891.6953125,428.609375,1074.1484375,1458.65625,63.9921875,5823.2421875,2588.2421875,5979.4140625,20.5546875,2641.375,5967.6015625,2641.375,0.453125,14.3046875,5954.875,1.3984375,1.796875,8494.703125,5972.390625,8696.90625,8790.59375,8750.8828125,8807.6328125,8761.75,8807.640625,8704.0546875,8785.3125,8730.21875,0.03125,0.5703125,1.7890625,0.3125,5444.5234375,3.078125,3.296875,2.7890625,0.9921875
2024-09-30,2172.3515625,138.390625,2446.796875,957.265625,957.265625,0.4296875,1.7578125,19.8046875,2400.4609375,5141.6875,5509.9296875,130.28125,5701.390625,25.34375,1366.25,431.96875,899.171875,438.1875,1075.7578125,1410.671875,65.390625,5720.1015625,2479.359375,5885.4921875,20.484375,2519.875,5836.0703125,2519.875,0.4375,13.34375,5897.203125,1.2890625,1.6328125,8419.0546875,5897.203125,8527.9921875,8702.2578125,8612.8203125,8791.1171875,8633.2890625,8791.1171875,8734.03125,8791.1171875,8760.6328125,0.0234375,0.515625,1.7890625,0.3203125,5470.3203125,3.0703125,3.0546875,2.5859375,0.984375
2024-10-01,2222.6015625,131.9296875,2522.78125,1054.6484375,1054.6484375,0.515625,1.859375,19.4453125,2383.03125,5033.2578125,5437.4375,142.3671875,5691.8671875,23.0625,1304.5625,441.4296875,897.46875,436.9375,1069.4453125,1357.1484375,66.9375,5707.6640625,2432.0,5851.6796875,20.375,2446.171875,5817.71875,2446.171875,0.40625,13.5078125,5882.4765625,1.25,1.3984375,8343.6171875,5869.96875,8374.6171875,8587.5234375,8469.4296875,8774.890625,8494.4453125,8769.765625,8762.6640625,8786.1875,8781.1171875,0.0234375,0.46875,1.7890625,0.3125,5346.0078125,3.0703125,2.84375,2.3984375,0.9765625
2024-10-02,2090.3671875,114.75,2276.40625,1142.8359375,1142.8359375,0.2578125,1.359375,15.9140625,2517.4921875,5250.765625,5383.90625,110.8984375,5618.5859375,20.828125,1541.6640625,487.125,986.640625,417.6640625,1162.5625,1541.6640625,61.3671875,5640.0,2541.3671875,5783.140625,20.0,2514.7578125,5718.5078125,2497.296875,0.3046875,12.1484375,5892.734375,1.2109375,1.2265625,8414.875,5845.078125,8356.515625,8431.96875,8322.25,8711.515625,8342.4921875,8698.296875,8777.8984375,8776.015625,8780.7734375,0.0234375,0.421875,1.7890625,0.3125,5346.6796875,3.0703125,2.6484375,2.234375,0.96875
2024-10-03,2089.671875,107.3828125,2246.65625,1155.953125,1155.953125,0.296875,1.5390625,13.21875,2608.3828125,6131.921875,6164.5703125,101.96875,6230.390625,18.0546875,1548.3828125,557.3125,1062.828125,456.3046875,1231.640625,1548.3828125,62.890625,6108.6015625,2652.515625,5883.4296875,19.3359375,2638.3984375,6038.96875,2593.8359375,0.28125,11.4453125,5799.953125,1.65625,1.140625,8327.8125,5810.8515625,8315.8828125,8298.0390625,8224.75,8607.015625,8236.0234375,8586.9765625,8773.5,8736.0078125,8769.015625,0.015625,0.3828125,1.7890625,0.3125,6147.0546875,3.0703125,2.46875,2.0859375,0.96875
2024-10-04,2020.40625,86.53125,2181.578125,1168.34375,1168.34375,0.25,1.1875,14.515625,2673.4296875,6775.0546875,6969.9453125,79.859375,7086.734375,15.9921875,1964.703125,503.8828125,1023.6328125,443.296875,1207.78125,1979.15625,63.9609375,7051.96875,2770.5234375,6801.15625,18.4609375,2779.28125,6996.6953125,2771.9375,0.3203125,11.3203125,6639.6328125,1.171875,1.203125,9103.5390625,6687.6484375,8906.0625,8222.296875,8218.4921875,8474.921875,8307.953125,8452.5390625,8761.3984375,8652.3671875,8723.2890625,0.015625,0.3515625,1.7890625,0.3125,6914.5546875,3.0625,2.3046875,1.953125,0.9609375
2024-10-05,1763.875,95.0390625,1969.5078125,880.390625,880.390625,0.2421875,1.1015625,13.703125,2604.3828125,5553.734375,5798.09375,89.453125,5990.1015625,14.4296875,1581.7109375,485.46875,997.25,438.6328125,1191.2734375,1621.703125,63.6328125,5990.1015625,2745.1875,5922.9296875,17.4375,2781.2578125,5974.640625,2781.2578125,0.328125,11.140625,5948.40625,1.203125,1.6328125,8695.5859375,5939.796875,8659.5625,8247.296875,8250.96875,8347.7265625,8348.5625,8328.203125,8717.7109375,8537.3046875,8637.6796875,0.015625,0.3203125,1.78125,0.3125,5730.609375,3.0625,2.1640625,1.828125,0.953125
2024-10-06,1786.890625,110.3203125,2008.5859375,877.421875,877.421875,0.28125,1.2890625,21.2734375,2529.359375,5339.03125,5557.2265625,104.0234375,5766.59375,23.234375,1435.9140625,482.8984375,973.8203125,426.1640625,1155.9609375,1477.828125,59.8828125,5766.9296875,2680.2890625,5717.9609375,16.359375,2727.6171875,5775.5390625,2727.6171875,0.2734375,11.2890625,5803.8125,1.3671875,0.9921875,8658.140625,5761.234375,8664.9765625,8296.3359375,8301.5625,8247.84375,8428.84375,8235.0546875,8636.3125,8409.5625,8522.6796875,0.015625,0.296875,1.78125,0.3125,5495.828125,3.0625,2.0234375,1.7109375,0.9453125
2024-10-07,2043.140625,122.109375,2293.9375,917.609375,917.609375,0.34375,1.046875,16.296875,2651.4296875,5203.0234375,5460.640625,115.9453125,5712.8359375,26.3671875,1335.7890625,474.796875,978.71875,491.9609375,1187.7109375,1399.828125,70.78125,5742.640625,2807.59375,5791.34375,15.21875,2862.046875,5796.5546875,2862.046875,0.265625,10.84375,5809.6484375,1.2265625,1.1484375,8937.4609375,5777.4765625,8975.078125,8508.4609375,8519.2578125,8346.25,8760.8359375,8332.0390625,8525.75,8297.90625,8399.3671875,0.015625,0.265625,1.78125,0.3125,5399.4453125,3.0625,1.90625,1.609375,0.9453125
2024-10-08,2384.7109375,148.1953125,2747.453125,948.2421875,948.2421875,0.4921875,1.4921875,17.8359375,2885.3984375,5397.9921875,5623.6328125,141.71875,5872.265625,20.578125,1513.1171875,512.359375,1074.109375,499.3046875,1300.4921875,1548.140625,88.015625,5905.6484375,3008.6328125,6023.796875,14.203125,3053.421875,6016.453125,3053.421875,0.234375,11.0703125,6018.1328125,1.140625,1.234375,9206.265625,6022.5390625,9242.8125,8940.140625,8953.1328125,8699.8125,9169.1640625,8673.6484375,8405.578125,8266.859375,8293.9140625,0.0078125,0.2421875,1.78125,0.3125,5572.3671875,3.0625,1.7890625,1.515625,0.9375
2024-10-09,2127.4296875,129.6484375,2385.2890625,1017.7421875,898.2421875,0.2890625,1.0703125,16.2421875,2807.5703125,5340.09375,5577.546875,121.1796875,5817.8046875,15.5625,1479.6875,497.34375,1047.546875,504.359375,1251.8671875,1506.8125,93.84375,5842.78125,2928.90625,6010.2578125,13.15625,2963.515625,5967.8515625,2963.515625,0.2734375,13.203125,6034.5234375,1.140625,1.15625,9035.09375,6026.640625,9071.90625,8992.65625,8998.9375,8850.4375,9067.578125,8831.75,8302.7578125,8398.9375,8233.9765625,0.0078125,0.2265625,1.78125,0.3125,5522.34375,3.0625,1.6875,1.4296875,0.9375
2024-10-10,1940.3359375,167.2578125,2215.28125,908.15625,810.59375,0.1796875,0.7734375,14.0703125,2535.5703125,4974.5703125,5243.2421875,152.34375,5553.140625,12.5390625,1393.875,448.28125,929.5625,443.46875,1109.03125,1409.9921875,70.734375,5595.109375,2621.0859375,5900.671875,12.1875,2639.1015625,5811.171875,2639.1015625,0.2421875,12.2421875,6004.359375,1.1328125,1.0625,8737.6875,5962.140625,8987.0234375,9020.4375,9018.90625,8998.75,9020.4375,8991.671875,8241.328125,8621.6328125,8307.1328125,0.0078125,0.2109375,1.78125,0.3125,5176.2265625,3.0625,1.59375,1.34375,0.9296875
2024-10-11,2192.08984375,156.91796875,2519.5234375,940.0703125,853.8515625,0.16796875,0.7109375,13.5625,2552.44921875,4842.8828125,5097.859375,142.64453125,5383.23828125,11.7578125,1365.28125,462.15234375,957.7890625,420.1328125,1138.89453125,1387.125,67.17578125,5411.8046875,2666.51171875,5692.03125,11.28125,2698.0234375,5597.32421875,2698.0234375,0.22265625,11.8359375,5807.73046875,1.125,0.984375,8649.13671875,5758.7578125,8872.91796875,8999.7578125,8941.75,9004.85546875,8957.42578125,9004.85546875,8326.1484375,8829.78515625,8466.38671875,0.0078125,0.19921875,1.78515625,0.31640625,5030.3046875,3.05859375,1.50390625,1.2734375,0.9296875
2024-10-12,2075.55859375,150.53515625,2357.30859375,908.06640625,826.390625,0.16796875,0.6640625,12.05859375,2396.13671875,4629.76953125,4872.1796875,138.0,5149.60546875,8.41796875,1255.39453125,424.75,889.82421875,387.671875,1058.65625,1312.34765625,65.58203125,5179.07421875,2520.8125,5465.40625,10.44140625,2565.796875,5360.77734375,2565.796875,0.19921875,11.44140625,5605.18359375,1.109375,0.91015625,8412.359375,5546.578125,8710.359375,8905.06640625,8797.203125,8988.72265625,8820.23828125,8988.71484375,8488.4453125,8956.375,8671.1953125,0.0078125,0.1953125,1.78515625,0.31640625,4806.4609375,3.05859375,1.421875,1.203125,0.92578125
2024-10-13,1899.5625,131.6328125,2166.67578125,821.47265625,768.24609375,0.18359375,0.65234375,10.75390625,2304.73046875,4652.671875,4856.07421875,120.50390625,5075.0859375,7.28515625,1277.75390625,394.8203125,852.40625,366.61328125,1017.2421875,1295.19140625,59.02734375,5091.91796875,2404.80859375,5289.8125,9.6640625,2446.5,5204.2578125,2446.5,0.18359375,11.03515625,5444.91015625,1.0859375,0.84375,8242.3828125,5375.4765625,8605.375,8787.84375,8682.83984375,8974.421875,8703.79296875,8974.203125,8687.78125,8974.5625,8851.42578125,0.0078125,0.19140625,1.78515625,0.31640625,4801.171875,3.05859375,1.34765625,1.140625,0.921875
2024-10-14,1864.04296875,123.52734375,2124.26953125,766.359375,746.125,0.14453125,0.63671875,9.640625,2182.57421875,4407.98828125,4638.92578125,112.92578125,4872.21484375,6.15234375,1145.62890625,372.265625,780.0390625,349.19140625,941.53125,1224.5234375,56.3046875,4889.19140625,2308.08203125,5072.0,8.9453125,2357.91796875,4994.30859375,2357.91796875,0.171875,10.73828125,5227.8671875,1.06640625,0.7890625,7994.1171875,5155.06640625,8449.359375,8646.97265625,8537.6640625,8921.5859375,8560.07421875,8907.6875,8854.22265625,8959.23046875,8944.0234375,0.0078125,0.19140625,1.78515625,0.31640625,4575.09765625,3.05859375,1.27734375,1.078125,0.91796875
2024-10-15,1658.80859375,103.6328125,1905.328125,714.60546875,668.11328125,0.140625,0.7734375,8.828125,2077.046875,4339.00390625,4578.3359375,93.82421875,4825.546875,5.2578125,1084.05859375,336.96484375,733.4453125,340.3359375,888.28515625,1180.40234375,55.30078125,4844.00390625,2201.2890625,4994.31640625,8.296875,2253.97265625,4935.8671875,2253.97265625,0.171875,10.7734375,5116.1796875,1.05078125,0.78515625,7783.48046875,5056.953125,8293.6796875,8504.6953125,8391.23828125,8807.18359375,8415.19921875,8786.5,8934.68359375,8936.0703125,8944.9296875,0.0078125,0.19140625,1.78515625,0.31640625,4509.703125,3.0546875,1.2109375,1.0234375,0.9140625
2024-10-16,1544.55859375,90.8828125,1783.0234375,692.01953125,649.24609375,0.12109375,0.5234375,7.75,1975.5,4163.18359375,4416.05078125,81.8828125,4701.125,4.3828125,1022.3203125,322.2578125,704.73828125,325.59765625,852.01953125,1121.1015625,52.46875,4730.890625,2098.8671875,4887.8984375,7.72265625,2154.3671875,4835.55078125,2154.3671875,0.15234375,10.46484375,4988.03125,1.0390625,0.73046875,7546.5390625,4939.09375,8120.17578125,8369.98828125,8238.34765625,8676.29296875,8266.98828125,8654.53125,8929.77734375,8854.171875,8919.921875,0.0078125,0.19140625,1.78515625,0.31640625,4339.48046875,3.0546875,1.15234375,0.97265625,0.91015625
2024-10-17,1405.48046875,82.2578125,1631.91015625,639.03515625,598.86328125,0.109375,0.484375,7.08203125,1898.91015625,4007.1640625,4250.04296875,74.03125,4548.546875,3.8125,1029.90625,314.7734375,696.12109375,297.6015625,831.984375,1133.26953125,48.14453125,4588.32421875,2016.11328125,4790.79296875,7.234375,2070.51953125,4732.69921875,2070.51953125,0.1484375,10.12109375,4886.84375,1.03125,0.68359375,7341.71875,4840.26953125,7902.40625,8178.51953125,8027.46875,8532.19921875,8059.2890625,8508.71875,8908.0859375,8732.48828125,8835.671875,0.0078125,0.1875,1.78515625,0.31640625,4174.15234375,3.0546875,1.09765625,0.92578125,0.90625
2024-10-18,1262.71875,72.796875,1477.92578125,580.640625,534.703125,0.09765625,0.44921875,6.49609375,1838.08203125,3766.2890625,3987.15234375,65.41015625,4259.75390625,3.30859375,987.76953125,306.96484375,676.4765625,294.77734375,810.1328125,1066.73046875,48.328125,4303.578125,1926.84765625,4569.10546875,6.84765625,1976.44921875,4484.04296875,1976.44921875,0.13671875,9.91796875,4688.51171875,1.015625,0.63671875,7047.4453125,4635.1171875,7682.84765625,7996.76171875,7825.8828125,8386.55859375,7862.1171875,8361.52734375,8831.48046875,8596.51953125,8714.203125,0.0078125,0.1875,1.7890625,0.31640625,3915.515625,3.0546875,1.04296875,0.8828125,0.90234375
2024-10-19,1146.984375,63.1796875,1348.38671875,549.37109375,508.2109375,0.09375,0.42578125,5.65234375,1744.28125,3641.72265625,3833.80859375,57.2890625,4050.67578125,2.91796875,911.57421875,285.2578125,634.26953125,283.73828125,762.0,979.43359375,47.55859375,4082.28125,1827.6484375,4362.7578125,6.578125,1868.375,4257.1796875,1868.375,0.12890625,9.7109375,4508.90625,1.00390625,0.59765625,6762.95703125,4445.78125,7434.5,7785.41796875,7592.43359375,8228.94921875,7632.95703125,8201.0625,8715.421875,8455.6796875,8579.78125,0.0078125,0.18359375,1.796875,0.3125,3770.6875,3.05078125,0.99609375,0.83984375,0.90234375
2024-10-20,1033.70703125,55.95703125,1224.5625,504.86328125,459.49609375,0.0859375,0.40234375,5.203125,1658.359375,3370.04296875,3541.44921875,50.4921875,3732.4609375,2.6328125,848.21875,275.0625,609.47265625,265.80859375,729.60546875,916.2890625,43.1796875,3756.96484375,1753.3359375,4015.015625,6.4140625,1794.28515625,3906.8046875,1794.28515625,0.1171875,9.4453125,4178.15234375,0.9921875,0.55859375,6378.171875,4106.96875,7163.125,7558.3671875,7343.05078125,8054.49609375,7388.6171875,8023.19921875,8582.578125,8304.89453125,8437.2578125,0.0078125,0.1796875,1.81640625,0.3125,3483.84765625,3.05078125,0.94921875,0.80078125,0.8984375
2024-10-21,949.4296875,51.4296875,1128.0078125,474.6015625,419.90234375,0.08203125,0.37890625,4.27734375,1615.82421875,3345.328125,3501.9765625,46.3046875,3660.57421875,2.4453125,853.66015625,268.89453125,595.00390625,253.55078125,712.14453125,910.640625,40.03125,3674.8359375,1715.28515625,3834.0703125,6.3359375,1756.98828125,3761.9921875,1756.98828125,0.109375,9.23828125,3964.671875,0.98046875,0.5234375,6082.40234375,3904.65234375,6890.00390625,7319.04296875,7085.40234375,7862.11328125,7134.97265625,7827.30859375,8443.4140625,8141.71875,8287.87890625,0.0078125,0.17578125,1.83203125,0.3125,3449.75,3.046875,0.90625,0.7734375,0.89453125
2024-10-22,880.84375,43.73828125,1050.86328125,450.6796875,394.75390625,0.078125,0.359375,3.76953125,1578.8359375,3301.19140625,3469.96875,38.765625,3639.80078125,2.32421875,849.22265625,262.703125,585.3125,246.09375,698.62109375,915.375,38.63671875,3656.39453125,1680.13671875,3771.078125,6.3046875,1724.4609375,3729.23828125,1724.4609375,0.10546875,8.98046875,3851.80859375,0.97265625,0.5,5871.69921875,3812.5546875,6614.41796875,7063.4375,6815.921875,7652.15625,6868.09765625,7613.9921875,8294.6640625,7961.2890625,8123.5078125,0.0078125,0.171875,1.83984375,0.3125,3411.5703125,3.046875,0.86328125,0.76953125,0.890625
2024-10-23,787.890625,37.046875,955.359375,408.3515625,355.95703125,0.07421875,0.34375,3.30859375,1491.6328125,3158.28515625,3320.90625,32.56640625,3498.22265625,2.203125,773.34765625,246.63671875,557.51171875,223.7421875,661.9609375,849.984375,36.1875,3519.453125,1594.24609375,3663.84765625,6.26953125,1639.796875,3616.0546875,1639.796875,0.10546875,8.99609375,3732.46875,0.96875,0.61328125,5642.015625,3700.71484375,6339.921875,6796.19140625,6541.5625,7425.8046875,6594.6875,7384.5703125,8132.3125,7763.23828125,7942.61328125,0.0078125,0.16796875,1.84375,0.3125,3261.8828125,3.046875,0.828125,0.76953125,0.890625
2024-10-24,765.85546875,35.6640625,929.765625,392.74609375,347.47265625,0.0703125,0.32421875,3.140625,1453.6328125,3042.21875,3219.69921875,31.515625,3414.09375,2.7890625,730.06640625,240.24609375,541.51171875,219.59765625,645.734375,809.16015625,33.4140625,3441.109375,1554.828125,3624.36328125,6.19921875,1600.9609375,3565.27734375,1600.9609375,0.203125,9.16015625,3689.5859375,0.96484375,0.62890625,5520.9296875,3662.078125,6096.2890625,6528.96875,6281.4453125,7186.98828125,6332.046875,7142.8203125,7955.75390625,7551.16015625,7746.91015625,0.0078125,0.1640625,1.84375,0.3125,3155.28515625,3.046875,0.79296875,0.765625,0.88671875
2024-10-25,685.01953125,31.7265625,847.984375,361.84765625,308.80078125,0.06640625,0.30859375,2.69140625,1403.02734375,2866.2734375,3042.328125,28.0703125,3235.76953125,2.48046875,701.32421875,230.3671875,521.1171875,213.3515625,624.8203125,781.1484375,32.4375,3263.93359375,1502.89453125,3470.7734375,6.0625,1548.7890625,3399.20703125,1548.7890625,0.17578125,8.55859375,3553.34765625,0.9609375,0.4609375,5352.57421875,3518.9921875,5893.8203125,6280.53515625,6056.99609375,6936.19921875,6102.109375,6889.97265625,7761.5078125,7323.015625,7533.85546875,0.00390625,0.15625,1.84375,0.3125,2978.41015625,3.046875,0.7578125,0.76171875,0.8828125
2024-10-26,574.32421875,26.46484375,729.5234375,322.8828125,257.2890625,0.0625,0.296875,2.046875,1319.6484375,2641.1640625,2806.84765625,23.4453125,2990.75,1.9765625,640.31640625,221.12890625,499.80078125,195.61328125,594.046875,715.54296875,30.68359375,3018.4609375,1416.765625,3236.32421875,5.8515625,1460.51953125,3156.15234375,1460.51953125,0.08203125,8.0625,3337.80078125,0.95703125,0.38671875,5076.4609375,3294.75390625,5654.05859375,6029.26171875,5813.69140625,6679.05078125,5857.4375,6631.765625,7553.359375,7083.1484375,7307.91796875,0.00390625,0.15234375,1.84375,0.3125,2745.84375,3.046875,0.7265625,0.7578125,0.87890625
2024-10-27,527.15625,24.13671875,675.328125,294.31640625,239.9921875,0.05859375,0.28125,1.8359375,1263.7890625,2478.0625,2637.640625,21.46484375,2814.109375,1.9296875,596.23828125,211.57421875,480.1328125,186.6171875,569.9140625,667.5390625,29.42578125,2840.68359375,1358.6484375,3052.23046875,5.60546875,1401.03515625,2973.02734375,1401.03515625,0.07421875,7.84375,3157.375,0.95703125,0.36328125,4847.953125,3112.0859375,5459.515625,5809.94140625,5611.40625,6426.91015625,5652.12890625,6380.30078125,7333.01953125,6836.55078125,7071.96875,0.00390625,0.1484375,1.83984375,0.3125,2578.5625,3.046875,0.6953125,0.75390625,0.87890625
2024-10-28,471.21484375,22.22265625,613.29296875,268.9296875,211.171875,0.0546875,0.26953125,1.69921875,1210.1171875,2332.359375,2482.1796875,19.83203125,2651.84375,1.8828125,558.5,201.98828125,460.92578125,178.359375,546.359375,625.62890625,28.43359375,2678.3828125,1302.67578125,2894.17578125,5.328125,1343.609375,2812.890625,1343.609375,0.0703125,7.67578125,3001.47265625,0.953125,0.34375,4631.95703125,2955.3984375,5268.328125,5609.15234375,5420.44140625,6185.0546875,5460.0625,6140.578125,7100.40234375,6587.29296875,6827.4765625,0.00390625,0.140625,1.83984375,0.3125,2426.12109375,3.04296875,0.66796875,0.75,0.875
2024-10-29,421.73046875,20.62890625,557.1171875,246.203125,187.140625,0.0546875,0.2578125,1.60546875,1160.37890625,2228.2265625,2370.875,18.484375,2525.29296875,1.83984375,531.4921875,194.03515625,443.46484375,170.484375,524.7578125,594.8125,27.53125,2548.55078125,1250.58984375,2746.4765625,5.03125,1289.8046875,2669.8671875,1289.8046875,0.06640625,7.4453125,2850.01171875,0.953125,0.32421875,4417.97265625,2805.33203125,5071.08203125,5417.890625,5229.03515625,5959.9375,5269.515625,5918.2734375,6861.203125,6344.69140625,6582.85546875,0.00390625,0.13671875,1.8359375,0.3125,2318.30859375,3.04296875,0.640625,0.75,0.875
2024-10-30,378.33203125,19.3125,506.5859375,224.30859375,165.67578125,0.05078125,0.24609375,1.5390625,1110.7109375,2081.54296875,2228.26953125,17.40234375,2385.375,1.80078125,488.15234375,185.16015625,425.30859375,163.49609375,502.87890625,550.37890625,26.82421875,2409.6640625,1198.671875,2607.30859375,4.73046875,1236.58984375,2531.87890625,1236.58984375,0.0625,7.1953125,2708.53515625,0.94921875,0.3046875,4214.82421875,2664.953125,4869.10546875,5227.3046875,5032.75390625,5751.765625,5074.77734375,5712.8203125,6620.33984375,6113.54296875,6343.47265625,0.00390625,0.1328125,1.8359375,0.3125,2174.3984375,3.04296875,0.6171875,0.74609375,0.87109375
2024-10-31,340.13671875,18.2421875,461.29296875,202.515625,147.7109375,0.046875,0.234375,1.49609375,1065.0859375,1952.84375,2096.671875,16.54296875,2251.73828125,1.7578125,453.52734375,177.15625,408.36328125,157.48046875,482.69921875,512.8671875,26.27734375,2276.171875,1150.2265625,2471.40625,4.4375,1186.50390625,2397.6953125,1186.50390625,0.05859375,6.984375,2569.6484375,0.94921875,0.2890625,4017.828125,2527.38671875,4666.29296875,5032.953125,4832.83984375,5558.26953125,4876.01171875,5520.98828125,6384.84765625,5898.88671875,6116.60546875,0.00390625,0.12890625,1.8359375,0.3125,2043.77734375,3.04296875,0.59375,0.7421875,0.8671875
2024-11-01,307.12109375,17.390625,421.20703125,183.49609375,131.78515625,0.046875,0.2265625,1.46484375,1022.53125,1836.5546875,1976.30859375,15.890625,2126.70703125,1.71875,419.05078125,169.3125,391.8359375,152.609375,463.40234375,474.77734375,25.890625,2150.90625,1104.5078125,2344.265625,4.15234375,1138.921875,2271.609375,1138.921875,0.05859375,6.84765625,2439.92578125,0.94921875,0.2734375,3830.9765625,2398.91015625,4467.3125,4836.43359375,4633.796875,5371.80078125,4677.33203125,5334.83203125,6159.67578125,5699.828125,5905.01171875,0.00390625,0.12109375,1.83203125,0.3125,1925.06640625,3.04296875,0.5703125,0.73828125,0.8671875
