gaugeId;latitude;longitude
hybas_1120040380;16.552083333332178;-4.918750000002717
hybas_1120040400;19.31458333333205;-3.122916666669539
hybas_1120040850;18.51041666666555;-2.4645833333361225
hybas_1120040860;17.46041666666548;-2.672916666669437
hybas_1120040960;20.70208333333209;-5.006250000002808
hybas_1120041110;20.58541666666548;-4.097916666669335
hybas_1120041510;16.789583333332246;-2.6395833333361907
hybas_1120041730;17.377083333332223;-2.860416666669437
hybas_1120043640;17.010416666665492;-3.0562500000028194
hybas_1120303190;24.781249999998693;-6.418750000002774
hybas_1120303810;24.76041666666537;-6.418750000002774
hybas_1120397600;21.61874999999884;-5.9354166666694255
hybas_1120410560;21.22708333333213;-5.514583333336134
hybas_1120411350;21.20208333333221;-5.552083333336043
hybas_1120412240;21.17291666666545;-5.6770833333361
hybas_1120429260;20.681249999998784;-5.018750000002683
hybas_1120432960;20.56874999999883;-4.135416666669414
hybas_1120466750;19.489583333332178;-3.864583333336157
hybas_1120470630;19.368749999998784;-3.2020833333361907
hybas_1120471020;19.360416666665515;-3.3145833333360883
hybas_1120471030;19.360416666665515;-3.1479166666695164
hybas_1120471950;19.3395833333322;-3.1354166666693573
hybas_1120471970;19.3395833333322;-2.981250000002831
hybas_1120472120;19.335416666665367;-3.4062500000027853
hybas_1120472270;19.33124999999893;-3.131250000002808
hybas_1120472580;19.32291666666549;-3.472916666669448
hybas_1120472590;19.32291666666549;-3.439583333336145
hybas_1120473940;19.281249999998863;-2.9270833333362134
hybas_1120475600;19.222916666665583;-3.639583333336134
hybas_1120477150;19.17708333333212;-3.6812500000027626
hybas_1120477170;19.17708333333212;-2.935416666669539
hybas_1120478130;19.147916666665537;-3.739583333336157
hybas_1120479380;19.11041666666557;-3.785416666669505
hybas_1120479830;19.09791666666547;-3.806250000002819
hybas_1120481330;19.05624999999884;-3.877083333336145
hybas_1120482130;19.03541666666553;-3.943750000002865
hybas_1120483990;18.98124999999885;-4.018750000002797
hybas_1120484930;18.939583333332223;-4.039583333336168
hybas_1120487900;18.84374999999892;-4.210416666669516
hybas_1120488260;18.83541666666548;-4.218750000002842
hybas_1120491030;18.74791666666539;0.6145833333305291
hybas_1120491690;18.72291666666547;0.6145833333305291
hybas_1120492490;18.693749999998715;-4.452083333336191
hybas_1120493530;18.66458333333213;0.610416666663923
hybas_1120494590;18.63541666666561;-4.572916666669471
hybas_1120496140;18.589583333332143;0.5895833333303813
hybas_1120498360;18.51874999999876;-2.381250000002865
hybas_1120504370;18.35624999999891;0.4812499999972033
hybas_1120504470;18.352083333332075;-3.0187500000027967
hybas_1120504640;18.34791666666547;0.4812499999972033
hybas_1120505610;18.31874999999889;0.4729166666637638
hybas_1120509630;18.189583333332223;3.564583333330404
hybas_1120510390;18.16458333333225;0.4645833333304949
hybas_1120510890;18.1479166666656;0.7979166666637525
hybas_1120512060;18.114583333332178;3.9187499999970896
hybas_1120512280;18.11041666666557;3.91041666666365
hybas_1120512460;18.10624999999873;3.956249999997112
hybas_1120513470;18.07291666666555;0.4812499999972033
hybas_1120515750;18.018749999998875;4.031249999997101
hybas_1120517670;17.960416666665537;0.4479166666638434
hybas_1120518390;17.935416666665446;0.4145833333304836
hybas_1120518600;17.93124999999884;0.4104166666638207
hybas_1120519840;17.897916666665424;3.989583333330472
hybas_1120520690;17.868749999998897;0.3562499999971464
hybas_1120520940;17.86041666666563;0.3520833333305404
hybas_1120521780;17.83541666666548;-3.702083333336191
hybas_1120522540;17.806249999998954;1.0729166666637866
hybas_1120523280;17.785416666665412;4.006249999997181
hybas_1120523380;17.781249999998806;-3.377083333336145
hybas_1120523420;17.781249999998806;0.2520833333305745
hybas_1120523620;17.7770833333322;4.002083333330347
hybas_1120523630;17.7770833333322;4.231249999996976
hybas_1120524850;17.73541666666557;-3.435416666669539
hybas_1120525450;17.718749999998863;-3.372916666669425
hybas_1120525650;17.714583333332257;3.9812499999972033
hybas_1120527140;17.66458333333219;-2.6187500000027626
hybas_1120527350;17.660416666665526;0.147916666663832
hybas_1120527680;17.652083333332143;-3.447916666669414
hybas_1120528640;17.627083333332166;-2.606250000002888
hybas_1120529240;17.61458333333212;-2.6145833333362134
hybas_1120529440;17.610416666665515;-3.4979166666694823
hybas_1120529940;17.593749999998806;-2.635416666669471
hybas_1120530060;17.5895833333322;3.9937499999970782
hybas_1120530160;17.585416666665537;-2.8395833333361225
hybas_1120530300;17.58124999999893;4.177083333330472
hybas_1120531120;17.556249999998784;-3.489583333336157
hybas_1120531460;17.54791666666557;-2.6520833333361225
hybas_1120531880;17.539583333332303;-3.46458333333618
hybas_1120532050;17.53541666666547;-2.672916666669437
hybas_1120532230;17.531249999998863;0.1395833333305631
hybas_1120532750;17.518749999998818;-2.685416666669425
hybas_1120532960;17.514583333332155;-2.697916666669471
hybas_1120533300;17.506249999998943;-3.410416666669505
hybas_1120533310;17.506249999998943;-3.0937500000027285
hybas_1120533700;17.49374999999884;-3.327083333336077
hybas_1120533720;17.49374999999884;-2.71458333333618
hybas_1120533810;17.489583333332234;-3.318750000002808
hybas_1120534130;17.47708333333219;-3.252083333336145
hybas_1120534140;17.47708333333219;-3.222916666669505
hybas_1120536810;17.397916666665537;3.968749999997158
hybas_1120538130;17.364583333332178;-2.885416666669471
hybas_1120538290;17.360416666665515;3.9812499999972033
hybas_1120539270;17.3395833333322;3.9937499999970782
hybas_1120540030;17.31458333333228;4.002083333330347
hybas_1120540480;17.302083333332234;0.1854166666637979
hybas_1120540500;17.302083333332234;4.222916666663764
hybas_1120540680;17.293749999998795;0.1895833333304608
hybas_1120540820;17.28958333333219;-5.606250000002717
hybas_1120540830;17.28958333333219;-5.597916666669391
hybas_1120544610;17.19374999999883;-0.4187500000028308
hybas_1120545390;17.16874999999891;-5.452083333336077
hybas_1120545620;17.16041666666547;4.060416666663855
hybas_1120547920;17.089583333332087;-4.693750000002808
hybas_1120547940;17.089583333332087;0.2562499999971805
hybas_1120548470;17.072916666665606;-5.439583333336145
hybas_1120549740;17.027083333332143;3.943749999997067
hybas_1120550010;17.018749999998875;-1.2354166666694937
hybas_1120550020;17.018749999998875;-1.0604166666694823
hybas_1120550030;17.018749999998875;2.3479166666638207
hybas_1120550230;17.01458333333227;3.931249999996965
hybas_1120550380;17.010416666665492;-1.3937500000028535
hybas_1120550540;17.00624999999883;-1.3645833333362134
hybas_1120550770;17.002083333332223;-0.785416666669505
hybas_1120550780;17.002083333332223;0.2645833333304495
hybas_1120551370;16.989583333332178;-5.377083333336088
hybas_1120551410;16.989583333332178;-0.9312500000028764
hybas_1120551560;16.985416666665515;-1.652083333336236
hybas_1120551770;16.98124999999891;-1.6437500000027967
hybas_1120551780;16.98124999999891;-1.0187500000028535
hybas_1120552270;16.968749999998863;-0.5145833333361338
hybas_1120552280;16.968749999998863;-0.4854166666694937
hybas_1120552460;16.9645833333322;-0.7187500000028422
hybas_1120552650;16.960416666665594;2.327083333330336
hybas_1120553250;16.943749999998886;0.2479166666637411
hybas_1120553570;16.935416666665446;-0.3562500000028876
hybas_1120553740;16.93124999999884;-1.631250000002865
hybas_1120553750;16.93124999999884;-0.6770833333362134
hybas_1120554320;16.918749999998965;-1.627083333336202
hybas_1120554770;16.910416666665526;-0.3437500000028421
hybas_1120554930;16.90624999999892;-2.4395833333360883
hybas_1120554940;16.90624999999892;-1.414583333336168
hybas_1120555140;16.902083333332257;2.2979166666638093
hybas_1120555550;16.893749999998818;3.802083333330472
hybas_1120555730;16.88958333333221;-1.439583333336202
hybas_1120556160;16.881249999998943;3.797916666663639
hybas_1120556480;16.872916666665503;-5.306250000002819
hybas_1120556700;16.86458333333229;-1.468750000002785
hybas_1120556990;16.85624999999885;-0.3395833333361793
hybas_1120557110;16.85208333333219;-5.293750000002774
hybas_1120557170;16.85208333333219;2.281249999997101
hybas_1120557770;16.835416666665537;3.768749999997112
hybas_1120557870;16.831249999998875;2.268749999997226
hybas_1120558440;16.81041666666556;-0.3270833333361338
hybas_1120558570;16.806249999998954;2.256249999997181
hybas_1120558910;16.797916666665515;-4.085416666669516
hybas_1120559030;16.79374999999891;-2.289583333336168
hybas_1120559430;16.781249999998806;-1.5562500000028194
hybas_1120559460;16.781249999998806;3.735416666663696
hybas_1120559600;16.7770833333322;-3.9020833333360656
hybas_1120559630;16.7770833333322;0.1645833333304835
hybas_1120560050;16.760416666665492;-1.8645833333362127
hybas_1120560230;16.756249999998886;-3.856250000002831
hybas_1120560390;16.75208333333228;-3.702083333336191
hybas_1120560420;16.75208333333228;-1.5437500000028876
hybas_1120560430;16.75208333333228;-1.2687500000027967
hybas_1120560650;16.747916666665446;0.964583333330438
hybas_1120561470;16.727083333332132;-5.106250000002717
hybas_1120561650;16.722916666665526;-0.2687500000029104
hybas_1120561810;16.718749999998863;-2.760416666669414
hybas_1120561830;16.718749999998863;-2.577083333336134
hybas_1120562900;16.693749999998943;-4.14375000000274
hybas_1120562920;16.693749999998943;2.19374999999701
hybas_1120563590;16.677083333332234;2.185416666663798
hybas_1120563820;16.66874999999885;-2.885416666669471
hybas_1120564590;16.652083333332143;0.172916666663923
hybas_1120564740;16.647916666665537;-3.0770833333361907
hybas_1120564860;16.643749999998875;-3.08541666666946
hybas_1120564960;16.63958333333227;-3.072916666669414
hybas_1120564980;16.63958333333227;3.6062499999972033
hybas_1120565220;16.63124999999883;-3.1354166666693573
hybas_1120565330;16.627083333332223;-3.172916666669437
hybas_1120565450;16.62291666666556;-2.0645833333360883
hybas_1120565570;16.618749999998954;-2.102083333336168
hybas_1120565730;16.61458333333212;-4.947916666669471
hybas_1120565890;16.610416666665515;-2.097916666669562
hybas_1120565930;16.610416666665515;2.177083333330529
hybas_1120566540;16.59791666666547;-3.347916666669392
hybas_1120566570;16.59791666666547;-0.227083333336111
hybas_1120566910;16.5895833333322;3.6062499999972033
hybas_1120567030;16.585416666665594;-4.843750000002842
hybas_1120567200;16.58124999999893;-1.4812500000028308
hybas_1120567210;16.58124999999893;-0.2145833333362361
hybas_1120567350;16.572916666665492;0.172916666663923
hybas_1120567380;16.572916666665492;3.547916666663696
hybas_1120567860;16.560416666665617;-5.464583333336066
hybas_1120567870;16.560416666665617;-5.164583333336168
hybas_1120567880;16.560416666665617;-5.072916666669471
hybas_1120568290;16.552083333332178;-5.164583333336168
hybas_1120568530;16.54791666666557;-0.1687500000028876
hybas_1120568560;16.54791666666557;3.5270833333303813
hybas_1120568750;16.543749999998965;-5.189583333336088
hybas_1120568760;16.543749999998965;-3.456250000002683
hybas_1120569130;16.531249999998863;-4.085416666669516
hybas_1120569140;16.531249999998863;0.3520833333305404
hybas_1120569160;16.531249999998863;3.5104166666637298
hybas_1120569550;16.52291666666565;0.2729166666638889
hybas_1120569730;16.518749999998818;-3.122916666669539
hybas_1120570200;16.51041666666555;3.489583333330416
hybas_1120570310;16.506249999998943;-3.481250000002774
hybas_1120570840;16.493749999998897;2.181249999997135
hybas_1120571020;16.489583333332234;0.2437499999971351
hybas_1120571170;16.48541666666563;-5.447916666669471
hybas_1120571190;16.48541666666563;-2.177083333336157
hybas_1120571210;16.48541666666563;0.1187499999972487
hybas_1120571400;16.481249999998795;-4.177083333336157
hybas_1120571780;16.472916666665583;-5.318750000002694
hybas_1120571790;16.472916666665583;-5.289583333336111
hybas_1120571810;16.472916666665583;-1.3104166666695392
hybas_1120571920;16.46874999999892;-5.1770833333361
hybas_1120572020;16.464583333332143;-5.289583333336111
hybas_1120572030;16.464583333332143;-3.727083333336111
hybas_1120572190;16.46041666666548;-3.131250000002808
hybas_1120572200;16.46041666666548;-3.1187500000028194
hybas_1120572390;16.456249999998875;-0.1145833333362134
hybas_1120572870;16.44374999999883;-4.168750000002774
hybas_1120573290;16.431249999998954;-0.1104166666695505
hybas_1120573670;16.422916666665515;3.418749999997204
hybas_1120574720;16.389583333332155;-5.227083333336168
hybas_1120574930;16.385416666665492;3.1979166666638434
hybas_1120575020;16.381249999998886;-3.231250000002831
hybas_1120575340;16.372916666665617;0.1187499999972487
hybas_1120575820;16.35624999999891;-4.285416666669448
hybas_1120575840;16.35624999999891;2.172916666663696
hybas_1120576250;16.343749999998863;-3.3145833333360883
hybas_1120576260;16.343749999998863;2.172916666663696
hybas_1120576370;16.339583333332257;-1.322916666669471
hybas_1120576380;16.339583333332257;0.0937499999971578
hybas_1120576510;16.335416666665594;-4.318750000002808
hybas_1120577130;16.31458333333211;1.7729166666637752
hybas_1120577220;16.310416666665503;0.0729166666638434
hybas_1120577230;16.310416666665503;3.389583333330449
hybas_1120577590;16.29791666666563;-3.064583333336145
hybas_1120577630;16.29791666666563;3.3854166666638434
hybas_1120577750;16.293749999998795;-0.0604166666694823
hybas_1120577880;16.28958333333219;2.185416666663798
hybas_1120578220;16.28124999999892;3.377083333330404
hybas_1120579520;16.243749999998954;2.1979166666638434
hybas_1120580940;16.202083333332098;-3.231250000002831
hybas_1120581610;16.189583333332223;-0.1729166666694936
hybas_1120582050;16.177083333332178;0.0104166666639002
hybas_1120582390;16.16874999999891;0.0104166666639002
hybas_1120582680;16.16041666666547;0.0229166666637752
hybas_1120582840;16.156249999998863;3.3562499999970896
hybas_1120582940;16.152083333332257;-3.539583333336111
hybas_1120582950;16.152083333332257;-3.472916666669448
hybas_1120583150;16.147916666665594;-1.2312500000028876
hybas_1120583620;16.13541666666555;1.431249999997135
hybas_1120583640;16.13541666666555;2.2062499999971124
hybas_1120584260;16.11874999999884;-0.3229166666695846
hybas_1120584350;16.114583333332234;-3.752083333336145
hybas_1120584360;16.114583333332234;-3.635416666669414
hybas_1120584370;16.114583333332234;4.006249999997181
hybas_1120584500;16.11041666666563;1.718749999997101
hybas_1120585080;16.09374999999892;1.6979166666637866
hybas_1120585100;16.09374999999892;3.3562499999970896
hybas_1120585450;16.081249999998875;-1.277083333336236
hybas_1120585480;16.081249999998875;0.0895833333304949
hybas_1120585920;16.06874999999883;-0.2645833333361906
hybas_1120586040;16.064583333332166;-3.7979166666694937
hybas_1120586210;16.06041666666556;2.302083333330416
hybas_1120587030;16.039583333332246;0.3645833333304153
hybas_1120587040;16.039583333332246;2.3229166666637298
hybas_1120587440;16.0270833333322;3.360416666663696
hybas_1120587780;16.01874999999893;0.1229166666636842
hybas_1120587790;16.01874999999893;2.339583333330438
hybas_1120587880;16.01458333333227;-3.58541666666946
hybas_1120588270;15.997916666665615;-3.602083333336168
hybas_1120588310;15.997916666665615;3.372916666663741
hybas_1120588700;15.981249999998909;-1.4020833333361225
hybas_1120588980;15.97291666666547;3.389583333330449
hybas_1120589130;15.968749999998863;3.9812499999972033
hybas_1120589730;15.947916666665549;-3.9270833333361
hybas_1120589740;15.947916666665549;-1.2312500000028876
hybas_1120589750;15.947916666665549;0.1770833333304153
hybas_1120590180;15.935416666665503;-3.9645833333361225
hybas_1120590190;15.935416666665503;1.5979166666638207
hybas_1120590750;15.918749999998964;-3.6104166666694937
hybas_1120591050;15.910416666665526;-1.2395833333362134
hybas_1120591190;15.90624999999892;-3.6145833333361
hybas_1120591200;15.90624999999892;2.406249999997158
hybas_1120591220;15.90624999999892;3.956249999997112
hybas_1120591420;15.897916666665653;-3.6229166666694814
hybas_1120591560;15.893749999998876;-4.131250000002808
hybas_1120591740;15.889583333332212;-3.631250000002808
hybas_1120591770;15.889583333332212;2.410416666663764
hybas_1120592240;15.877083333332166;1.5187499999971692
hybas_1120592250;15.877083333332166;1.527083333330438
hybas_1120592350;15.87291666666556;3.418749999997204
hybas_1120592790;15.860416666665458;0.2604166666638434
hybas_1120593030;15.856249999998852;-4.202083333336191
hybas_1120593040;15.856249999998852;-3.27291666666946
hybas_1120593050;15.856249999998852;2.4145833333304267
hybas_1120593470;15.843749999998977;0.2729166666638889
hybas_1120594180;15.822916666665492;-1.1479166666694596
hybas_1120594190;15.822916666665492;3.406249999997158
hybas_1120594490;15.814583333332225;0.2854166666637638
hybas_1120594520;15.814583333332225;3.7020833333305054
hybas_1120595390;15.789583333332304;-3.727083333336111
hybas_1120595410;15.789583333332304;3.889583333330336
hybas_1120595660;15.7770833333322;2.4812499999971465
hybas_1120595690;15.7770833333322;3.3854166666638434
hybas_1120595820;15.772916666665594;-3.727083333336111
hybas_1120595960;15.768749999998818;2.6020833333304267
hybas_1120596090;15.764583333332157;1.4145833333304267
hybas_1120596100;15.764583333332157;2.593749999997158
hybas_1120596260;15.760416666665549;-3.702083333336191
hybas_1120596300;15.760416666665549;2.5854166666637184
hybas_1120596680;15.75208333333228;0.4104166666638207
hybas_1120596900;15.747916666665503;-4.231250000002831
hybas_1120596910;15.747916666665503;0.4020833333303812
hybas_1120597170;15.739583333332234;2.639583333330449
hybas_1120597370;15.731249999998964;0.4479166666638434
hybas_1120597480;15.727083333332189;-4.781250000002785
hybas_1120597500;15.727083333332189;2.531249999997044
hybas_1120597890;15.71874999999892;-4.797916666669494
hybas_1120598090;15.714583333332255;3.3562499999970896
hybas_1120598250;15.710416666665653;-4.872916666669482
hybas_1120598480;15.706249999998876;-1.4270833333361566
hybas_1120599220;15.68541666666556;-4.518750000002797
hybas_1120599600;15.677083333332291;0.4854166666638093
hybas_1120599620;15.677083333332291;3.843749999997101
hybas_1120600140;15.664583333332246;1.556249999997192
hybas_1120600480;15.656249999998977;-4.497916666669482
hybas_1120600830;15.647916666665536;-4.906250000002842
hybas_1120601080;15.639583333332268;1.4104166666638207
hybas_1120601110;15.639583333332268;3.693749999997067
hybas_1120601830;15.618749999998954;1.4270833333304722
hybas_1120602200;15.610416666665516;-3.58125000000274
hybas_1120602230;15.610416666665516;2.5854166666637184
hybas_1120602680;15.602083333332304;0.902083333330495
hybas_1120602870;15.59791666666564;3.660416666663707
hybas_1120603030;15.593749999998863;-4.914583333336111
hybas_1120603340;15.585416666665594;-4.910416666669391
hybas_1120603370;15.585416666665594;3.3395833333303813
hybas_1120603580;15.577083333332324;-3.472916666669448
hybas_1120603600;15.577083333332324;3.647916666663832
hybas_1120603890;15.568749999998886;-4.343750000002842
hybas_1120603910;15.568749999998886;3.3520833333304267
hybas_1120604170;15.560416666665446;-5.035416666669448
hybas_1120604190;15.560416666665446;0.4854166666638093
hybas_1120604370;15.55624999999884;-3.252083333336145
hybas_1120604770;15.547916666665571;-4.3395833333361225
hybas_1120605370;15.535416666665526;2.560416666663798
hybas_1120605610;15.527083333332255;-5.377083333336088
hybas_1120605720;15.522916666665653;-0.4604166666694596
hybas_1120605730;15.522916666665653;3.377083333330404
hybas_1120605790;15.518749999998818;-0.4604166666694596
hybas_1120605800;15.518749999998818;2.556249999997192
hybas_1120605930;15.514583333332212;-0.5354166666695619
hybas_1120606420;15.502083333332166;-5.202083333336134
hybas_1120606590;15.497916666665503;-5.231250000002717
hybas_1120606620;15.497916666665503;-0.3895833333361906
hybas_1120606800;15.493749999998895;0.5812499999971692
hybas_1120606910;15.489583333332291;-0.8270833333361338
hybas_1120606920;15.489583333332291;-0.3562500000028876
hybas_1120607100;15.485416666665458;-4.9270833333361
hybas_1120607120;15.485416666665458;0.6270833333305745
hybas_1120607270;15.481249999998852;-5.29791666666938
hybas_1120608260;15.452083333332268;-0.2812500000027853
hybas_1120608270;15.452083333332268;0.1562499999971009
hybas_1120608280;15.452083333332268;0.706249999997226
hybas_1120608450;15.443749999998827;0.718749999997101
hybas_1120609020;15.422916666665516;2.5770833333305063
hybas_1120609100;15.418749999998909;-4.972916666669448
hybas_1120609250;15.414583333332246;0.8187499999970669
hybas_1120609270;15.414583333332246;1.3020833333304154
hybas_1120609400;15.41041666666564;-4.981250000002774
hybas_1120609580;15.406249999998863;-1.9687500000028424
hybas_1120609590;15.406249999998863;-0.2145833333362361
hybas_1120609790;15.4020833333322;-3.193750000002865
hybas_1120609940;15.397916666665594;-3.1854166666694823
hybas_1120609950;15.397916666665594;2.5979166666638207
hybas_1120610400;15.381249999998886;3.531249999997044
hybas_1120610540;15.37708333333228;-11.593750000002728
hybas_1120610710;15.372916666665446;-0.1604166666694482
hybas_1120610850;15.36874999999884;0.7562499999971237
hybas_1120611050;15.360416666665571;-1.0020833333361452
hybas_1120611180;15.356249999998964;-0.914583333336168
hybas_1120611190;15.356249999998964;-0.902083333336236
hybas_1120611200;15.356249999998964;-0.8937500000028535
hybas_1120611650;15.339583333332255;-3.0937500000027285
hybas_1120611660;15.339583333332255;0.7479166666638548
hybas_1120612020;15.327083333332212;1.2937499999972033
hybas_1120612370;15.318749999998944;-3.0312500000027853
hybas_1120613290;15.293749999998852;-5.0270833333361225
hybas_1120613300;15.293749999998852;-2.7979166666694937
hybas_1120613430;15.289583333332189;-2.8020833333362134
hybas_1120613460;15.289583333332189;-0.7729166666695164
hybas_1120614120;15.272916666665536;-0.0770833333361906
hybas_1120614290;15.268749999998876;-4.018750000002797
hybas_1120614820;15.252083333332225;-5.485416666669494
hybas_1120614850;15.252083333332225;-0.0479166666695505
hybas_1120614860;15.252083333332225;0.0270833333305517
hybas_1120615070;15.243749999998954;-1.5854166666695164
hybas_1120615200;15.23958333333212;-1.5187500000028535
hybas_1120615740;15.22291666666564;-1.5604166666695392
hybas_1120616130;15.210416666665594;-1.7062500000028535
hybas_1120616150;15.210416666665594;0.7104166666638321
hybas_1120616250;15.206249999998931;-4.310416666669369
hybas_1120616410;15.202083333332324;0.1020833333305404
hybas_1120616420;15.202083333332324;0.4979166666637411
hybas_1120616500;15.197916666665492;-1.3104166666695392
hybas_1120616670;15.193749999998886;-8.064583333336032
hybas_1120616690;15.193749999998886;-3.352083333336111
hybas_1120616700;15.193749999998886;-3.318750000002808
hybas_1120617070;15.18124999999884;-0.6270833333361452
hybas_1120617160;15.177083333332178;-11.256250000002694
hybas_1120617360;15.172916666665571;1.0395833333304267
hybas_1120617570;15.164583333332132;-0.6104166666695505
hybas_1120617870;15.156249999998863;-5.6229166666694255
hybas_1120617880;15.156249999998863;0.6604166666637639
hybas_1120617930;15.152083333332255;0.1770833333304153
hybas_1120618270;15.139583333332212;-4.327083333336134
hybas_1120618560;15.127083333332166;-4.522916666669516
hybas_1120618570;15.127083333332166;-3.981250000002774
hybas_1120618670;15.122916666665503;-10.606250000002715
hybas_1120618790;15.118749999998895;-10.747916666669369
hybas_1120618800;15.118749999998895;-5.468750000002785
hybas_1120619400;15.102083333332189;-6.639583333336077
hybas_1120619810;15.089583333332314;-11.177083333335986
hybas_1120619820;15.089583333332314;-5.072916666669471
hybas_1120619920;15.085416666665536;-10.489583333335986
hybas_1120619930;15.085416666665536;-4.393750000002797
hybas_1120620140;15.077083333332268;-1.2645833333361909
hybas_1120620420;15.068749999999;-10.264583333336075
hybas_1120620550;15.064583333332225;-3.910416666669505
hybas_1120620950;15.05208333333212;-10.918750000002715
hybas_1120620980;15.05208333333212;-6.660416666669391
hybas_1120621160;15.047916666665516;-5.093750000002842
hybas_1120621340;15.043749999998909;-3.9020833333360656
hybas_1120621490;15.039583333332246;-10.931250000002647
hybas_1120621510;15.039583333332246;-5.152083333336066
hybas_1120621520;15.039583333332246;0.6479166666638889
hybas_1120621820;15.031249999998806;-10.460416666669405
hybas_1120621980;15.0270833333322;0.2520833333305745
hybas_1120622370;15.018749999998931;-1.2395833333362134
hybas_1120622540;15.014583333332324;-3.9020833333360656
hybas_1120623020;15.00208333333228;-5.181250000002819
hybas_1120623040;15.00208333333228;-1.168750000002774
hybas_1120623900;14.981249999998964;-10.29791666666938
hybas_1120623920;14.981249999998964;-2.1395833333361907
hybas_1120623930;14.981249999998964;-1.0187500000028535
hybas_1120624050;14.977083333332304;-10.252083333336032
hybas_1120624420;14.968749999998863;-11.081250000002685
hybas_1120624560;14.964583333332255;-5.4020833333361225
hybas_1120624690;14.960416666665653;-7.04791666666938
hybas_1120624700;14.960416666665653;-6.689583333336145
hybas_1120624920;14.952083333332212;-4.506250000002808
hybas_1120625000;14.947916666665549;-2.33958333333618
hybas_1120625010;14.947916666665549;0.7479166666638548
hybas_1120625310;14.93958333333211;-2.0312500000027853
hybas_1120625570;14.935416666665674;-7.122916666669369
hybas_1120625970;14.927083333332234;-7.122916666669369
hybas_1120626120;14.922916666665628;-6.902083333336009
hybas_1120626130;14.922916666665628;-4.606250000002774
hybas_1120626240;14.918749999998797;-7.7479166666694255
hybas_1120626260;14.918749999998797;-2.3604166666694937
hybas_1120626430;14.914583333332189;-5.731250000002774
hybas_1120626460;14.914583333332189;-1.160416666669505
hybas_1120626560;14.910416666665585;-11.73125000000266
hybas_1120626670;14.90624999999892;-11.797916666669323
hybas_1120626700;14.90624999999892;-10.260416666669355
hybas_1120626730;14.90624999999892;-7.114583333336043
hybas_1120626740;14.90624999999892;-5.956250000002797
hybas_1120626870;14.902083333332314;-10.027083333336009
hybas_1120627060;14.893749999998876;-9.752083333336032
hybas_1120627170;14.889583333332268;-9.85625000000266
hybas_1120627280;14.885416666665606;-9.835416666669346
hybas_1120627290;14.885416666665606;-2.593750000002842
hybas_1120627430;14.881249999999;-10.0520833333361
hybas_1120627450;14.881249999999;-9.781250000002672
hybas_1120627460;14.881249999999;-8.76458333333602
hybas_1120627470;14.881249999999;-1.9812500000028308
hybas_1120627480;14.881249999999;-1.1187500000028765
hybas_1120627660;14.877083333332166;-7.881250000002751
hybas_1120627670;14.877083333332166;-6.160416666669391
hybas_1120627850;14.868749999998954;-10.214583333336009
hybas_1120627860;14.868749999998954;-6.156250000002785
hybas_1120627960;14.86458333333212;-4.039583333336168
hybas_1120627980;14.86458333333212;-1.6729166666694937
hybas_1120628110;14.860416666665516;-10.17291666666938
hybas_1120628120;14.860416666665516;-7.456250000002797
hybas_1120628260;14.856249999998852;-7.606250000002774
hybas_1120628330;14.852083333332246;-7.6145833333361
hybas_1120628350;14.852083333332246;-6.756250000002694
hybas_1120628510;14.84791666666564;-7.556250000002706
hybas_1120628520;14.84791666666564;-7.064583333336145
hybas_1120628530;14.84791666666564;-6.152083333336066
hybas_1120628540;14.84791666666564;-5.414583333336168
hybas_1120628550;14.84791666666564;-4.6229166666694255
hybas_1120628680;14.843749999998806;-6.772916666669403
hybas_1120628730;14.843749999998806;-1.910416666669562
hybas_1120629420;14.827083333332324;-5.9895833333361
hybas_1120629430;14.827083333332324;-1.2645833333361909
hybas_1120630150;14.80624999999884;-8.027083333336122
hybas_1120630290;14.802083333332178;-1.3020833333361566
hybas_1120630440;14.797916666665571;-10.947916666669355
hybas_1120630620;14.793749999998909;-11.102083333336054
hybas_1120630640;14.793749999998909;-7.027083333336066
hybas_1120630800;14.789583333332304;-6.9645833333361225
hybas_1120630930;14.785416666665526;-4.931250000002819
hybas_1120631400;14.772916666665594;-4.664583333336168
hybas_1120631550;14.768749999998988;-6.027083333336066
hybas_1120631730;14.764583333332212;-5.081250000002797
hybas_1120631740;14.764583333332212;-5.077083333336077
hybas_1120631890;14.760416666665549;-1.5312500000027285
hybas_1120632060;14.756249999998944;-1.6979166666695278
hybas_1120632070;14.756249999998944;-1.564583333336202
hybas_1120632490;14.747916666665674;-1.564583333336202
hybas_1120632620;14.743749999998895;-6.2145833333361225
hybas_1120632630;14.743749999998895;-4.089583333336066
hybas_1120633370;14.722916666665585;-11.04375000000266
hybas_1120633580;14.71874999999892;-8.127083333336088
hybas_1120633600;14.71874999999892;-4.056250000002706
hybas_1120634230;14.702083333332268;-6.235416666669494
hybas_1120634240;14.702083333332268;-4.702083333336134
hybas_1120634440;14.697916666665606;-4.993750000002819
hybas_1120634800;14.689583333332166;-8.152083333336122
hybas_1120634810;14.689583333332166;-4.1520833333361225
hybas_1120635400;14.672916666665516;-6.9687500000027285
hybas_1120635720;14.664583333332246;-11.981250000002603
hybas_1120635740;14.664583333332246;-8.785416666669335
hybas_1120636080;14.656249999998977;-5.260416666669471
hybas_1120636160;14.6520833333322;-11.939583333335976
hybas_1120636170;14.6520833333322;-8.168750000002774
hybas_1120636660;14.639583333332324;-8.2395833333361
hybas_1120636820;14.635416666665662;-8.364583333336043
hybas_1120636970;14.631249999998886;-8.3020833333361
hybas_1120637330;14.622916666665615;-6.6854166666694255
hybas_1120637340;14.622916666665615;-6.002083333336145
hybas_1120637510;14.618749999998784;-5.347916666669448
hybas_1120637690;14.614583333332348;-8.39375000000274
hybas_1120637880;14.610416666665571;-1.785416666669562
hybas_1120638180;14.602083333332304;-8.777083333336066
hybas_1120638320;14.59791666666547;-11.802083333336045
hybas_1120638470;14.593749999998863;-11.793750000002603
hybas_1120638490;14.593749999998863;-8.481250000002774
hybas_1120638510;14.593749999998863;-7.9354166666694255
hybas_1120638530;14.593749999998863;-5.368750000002819
hybas_1120638640;14.589583333332255;-4.8020833333361
hybas_1120638930;14.581249999998988;-11.035416666669336
hybas_1120639070;14.577083333332157;-11.027083333336009
hybas_1120639310;14.568749999998944;-11.656250000002672
hybas_1120639320;14.568749999998944;-10.8854166666693
hybas_1120639330;14.568749999998944;-10.685416666669424
hybas_1120639350;14.568749999998944;-6.9270833333361
hybas_1120639370;14.568749999998944;-1.9604166666695164
hybas_1120639480;14.56458333333228;-2.302083333336157
hybas_1120639620;14.560416666665674;-11.647916666669405
hybas_1120639840;14.552083333332234;-10.731250000002603
hybas_1120639850;14.552083333332234;-3.8104166666694814
hybas_1120639990;14.547916666665628;-9.214583333336009
hybas_1120640000;14.547916666665628;-6.193750000002694
hybas_1120640160;14.543749999998797;-10.910416666669336
hybas_1120640190;14.543749999998797;-8.627083333336088
hybas_1120640350;14.539583333332189;-8.76458333333602
hybas_1120640370;14.539583333332189;-4.981250000002774
hybas_1120640580;14.53124999999892;-8.760416666669414
hybas_1120640680;14.527083333332314;-11.185416666669312
hybas_1120640840;14.52291666666548;-11.827083333335963
hybas_1120641440;14.510416666665606;-5.493750000002819
hybas_1120641630;14.506249999999;-11.847916666669278
hybas_1120641640;14.506249999999;-8.793750000002774
hybas_1120641660;14.506249999999;-4.206250000002797
hybas_1120641680;14.506249999999;-3.952083333336134
hybas_1120642000;14.49791666666556;-11.57708333333602
hybas_1120642010;14.49791666666556;-6.439583333336088
hybas_1120642020;14.49791666666556;-4.5270833333361225
hybas_1120642140;14.493749999998895;-6.197916666669414
hybas_1120642160;14.493749999998895;-4.202083333336191
hybas_1120642490;14.485416666665516;-11.518750000002626
hybas_1120642990;14.472916666665585;-10.597916666669391
hybas_1120643020;14.472916666665585;-7.893750000002797
hybas_1120643170;14.468749999998977;-7.856250000002717
hybas_1120643390;14.4645833333322;-9.185416666669369
hybas_1120643540;14.460416666665536;-11.210416666669346
hybas_1120643800;14.452083333332268;-11.206250000002626
hybas_1120643820;14.452083333332268;-3.897916666669517
hybas_1120643950;14.447916666665662;-3.847916666669448
hybas_1120644110;14.443749999998886;-6.564583333336145
hybas_1120644270;14.439583333332225;-11.410416666669336
hybas_1120644470;14.435416666665615;-11.289583333335996
hybas_1120644480;14.435416666665615;-11.189583333336032
hybas_1120644490;14.435416666665615;-11.022916666669346
hybas_1120644500;14.435416666665615;-5.164583333336168
hybas_1120644510;14.435416666665615;-4.206250000002797
hybas_1120644620;14.431249999998784;-4.872916666669482
hybas_1120644920;14.422916666665571;-11.38958333333602
hybas_1120645180;14.414583333332304;-8.972916666669448
hybas_1120645190;14.414583333332304;-4.202083333336191
hybas_1120645630;14.406249999998863;-10.572916666669355
hybas_1120645770;14.402083333332255;-8.910416666669391
hybas_1120646000;14.393749999998988;-5.260416666669471
hybas_1120646230;14.385416666665549;-8.931250000002706
hybas_1120646630;14.372916666665674;-7.868750000002763
hybas_1120646780;14.36874999999884;-6.902083333336009
hybas_1120646950;14.364583333332234;-8.968750000002728
hybas_1120646960;14.364583333332234;-3.727083333336111
hybas_1120646970;14.364583333332234;-3.693750000002751
hybas_1120647210;14.356249999998964;-11.0104166666693
hybas_1120647330;14.352083333332189;-7.806250000002763
hybas_1120647580;14.34374999999892;-10.54375000000266
hybas_1120647600;14.34374999999892;-4.260416666669471
hybas_1120647730;14.339583333332314;-9.98125000000266
hybas_1120647860;14.335416666665653;-10.560416666669369
hybas_1120647880;14.335416666665653;-9.98125000000266
hybas_1120647910;14.335416666665653;-2.760416666669414
hybas_1120648120;14.331249999998876;-5.70625000000274
hybas_1120648650;14.318749999999;-8.972916666669448
hybas_1120648910;14.31041666666556;-5.7187500000027285
hybas_1120649070;14.306249999998895;-11.497916666669312
hybas_1120649770;14.289583333332246;-6.568750000002694
hybas_1120650110;14.277083333332143;-6.9270833333361
hybas_1120650150;14.277083333332143;-2.8395833333361225
hybas_1120650510;14.264583333332268;-5.339583333336009
hybas_1120650760;14.256249999998827;-10.022916666669405
hybas_1120650770;14.256249999998827;-6.5520833333361
hybas_1120650880;14.252083333332225;-11.931250000002647
hybas_1120651040;14.247916666665615;-2.847916666669505
hybas_1120651140;14.243749999998784;-11.243750000002647
hybas_1120651160;14.243749999998784;-4.160416666669448
hybas_1120652080;14.22291666666547;-7.777083333336122
hybas_1120652110;14.22291666666547;-4.493750000002819
hybas_1120652930;14.202083333332157;-6.922916666669323
hybas_1120653070;14.197916666665549;-8.756250000002751
hybas_1120653220;14.193749999998886;-6.485416666669437
hybas_1120653430;14.18958333333228;-10.035416666669336
hybas_1120653920;14.177083333332234;-8.260416666669414
hybas_1120653930;14.177083333332234;-6.910416666669448
hybas_1120653940;14.177083333332234;-6.902083333336009
hybas_1120654250;14.168749999998964;-4.172916666669494
hybas_1120654440;14.164583333332189;-6.468750000002785
hybas_1120654450;14.164583333332189;-4.181250000002763
hybas_1120655200;14.147916666665653;-6.043750000002774
hybas_1120655490;14.139583333332212;-10.035416666669336
hybas_1120655670;14.135416666665606;-6.947916666669414
hybas_1120655680;14.135416666665606;-6.852083333336111
hybas_1120655880;14.131249999998944;-4.518750000002797
hybas_1120656040;14.127083333332337;-8.752083333336032
hybas_1120656050;14.127083333332337;-8.618750000002706
hybas_1120656400;14.118749999998895;-7.010416666669471
hybas_1120656520;14.114583333332291;-8.368750000002763
hybas_1120656740;14.106249999999022;-10.597916666669391
hybas_1120656870;14.102083333332246;-5.14791666666946
hybas_1120657320;14.089583333332143;-11.252083333335976
hybas_1120657440;14.085416666665536;-8.668750000002774
hybas_1120657550;14.081249999998931;-5.168750000002774
hybas_1120657740;14.077083333332268;-2.9937500000027626
hybas_1120657830;14.072916666665662;-11.247916666669369
hybas_1120657850;14.072916666665662;-6.118750000002763
hybas_1120657960;14.068749999998827;-7.818750000002751
hybas_1120657990;14.068749999998827;-3.1187500000028194
hybas_1120658110;14.064583333332225;-4.252083333336145
hybas_1120658270;14.060416666665615;-7.131250000002751
hybas_1120658280;14.060416666665615;-3.010416666669471
hybas_1120658790;14.047916666665516;-6.793750000002717
hybas_1120659170;14.039583333332304;-3.04791666666938
hybas_1120659180;14.039583333332304;-3.039583333336111
hybas_1120659570;14.0270833333322;-11.147916666669405
hybas_1120659990;14.014583333332324;-4.243750000002819
hybas_1120660180;14.010416666665549;-9.777083333336066
hybas_1120660330;14.006249999998886;-10.864583333335986
hybas_1120660570;13.997916666665674;-9.135416666669414
hybas_1120660580;13.997916666665674;-5.6229166666694255
hybas_1120660860;13.989583333332234;-4.610416666669494
hybas_1120661020;13.985416666665571;-10.631250000002751
hybas_1120661040;13.985416666665571;-7.1520833333361225
hybas_1120661190;13.981249999998964;-10.731250000002603
hybas_1120661200;13.981249999998964;-9.222916666669448
hybas_1120661220;13.981249999998964;-4.260416666669471
hybas_1120661290;13.977083333332132;-9.706250000002685
hybas_1120661440;13.972916666665526;-9.210416666669405
hybas_1120661550;13.96874999999892;-9.318750000002694
hybas_1120661570;13.96874999999892;-8.943750000002751
hybas_1120661810;13.960416666665653;-8.943750000002751
hybas_1120661820;13.960416666665653;-8.481250000002774
hybas_1120662020;13.956249999998818;-10.88958333333602
hybas_1120662030;13.956249999998818;-6.164583333336111
hybas_1120662040;13.956249999998818;-3.5229166666695164
hybas_1120662150;13.952083333332212;-11.23541666666938
hybas_1120662160;13.952083333332212;-8.477083333336054
hybas_1120662170;13.952083333332212;-4.6229166666694255
hybas_1120662370;13.947916666665606;-3.097916666669505
hybas_1120662450;13.943749999998944;-11.881250000002694
hybas_1120662460;13.943749999998944;-4.381250000002808
hybas_1120662570;13.939583333332337;-9.781250000002672
hybas_1120662940;13.927083333332291;-9.347916666669336
hybas_1120663010;13.922916666665458;-8.460416666669403
hybas_1120663210;13.918749999999022;-7.2229166666693345
hybas_1120663220;13.918749999999022;-2.989583333336157
hybas_1120663330;13.914583333332189;-11.277083333336009
hybas_1120663340;13.914583333332189;-6.21041666666946
hybas_1120663550;13.910416666665585;-10.081250000002685
hybas_1120664010;13.897916666665536;-9.810416666669424
hybas_1120664030;13.897916666665536;-3.0229166666695164
hybas_1120664620;13.881249999998827;-8.92291666666938
hybas_1120664760;13.877083333332225;-4.472916666669448
hybas_1120664890;13.87291666666556;-7.4270833333361
hybas_1120665270;13.864583333332348;-8.439583333336088
hybas_1120665450;13.860416666665516;-7.485416666669437
hybas_1120665680;13.856249999998909;-11.310416666669312
hybas_1120665690;13.856249999998909;-9.377083333336032
hybas_1120665700;13.856249999998909;-7.585416666669289
hybas_1120665730;13.856249999998909;-4.739583333336157
hybas_1120665930;13.852083333332246;-9.86041666666938
hybas_1120666250;13.843749999998863;-9.410416666669391
hybas_1120666260;13.843749999998863;-6.202083333336134
hybas_1120666270;13.843749999998863;-4.060416666669482
hybas_1120666450;13.8395833333322;-11.056250000002647
hybas_1120666460;13.8395833333322;-11.04791666666938
hybas_1120666470;13.8395833333322;-7.3645833333361
hybas_1120666620;13.835416666665594;-8.606250000002774
hybas_1120666640;13.835416666665594;-4.739583333336157
hybas_1120666890;13.827083333332324;-10.88958333333602
hybas_1120666920;13.827083333332324;-7.585416666669289
hybas_1120667130;13.818749999998886;-7.131250000002751
hybas_1120667360;13.810416666665615;-10.818750000002751
hybas_1120667560;13.806249999999013;-10.827083333336075
hybas_1120667570;13.806249999999013;-8.356250000002717
hybas_1120667880;13.797916666665571;-9.410416666669391
hybas_1120668080;13.793749999998964;-9.402083333336066
hybas_1120668110;13.793749999998964;-3.0187500000027967
hybas_1120668220;13.789583333332132;-10.785416666669391
hybas_1120668310;13.785416666665697;-4.993750000002819
hybas_1120668430;13.78124999999892;-4.518750000002797
hybas_1120668580;13.777083333332255;-4.289583333336054
hybas_1120668750;13.772916666665653;-4.760416666669471
hybas_1120668890;13.768749999998818;-4.289583333336054
hybas_1120668900;13.768749999998818;-3.222916666669505
hybas_1120669370;13.752083333332337;-11.122916666669369
hybas_1120669410;13.752083333332337;-5.268750000002797
hybas_1120669420;13.752083333332337;-4.2479166666694255
hybas_1120669690;13.743749999998895;-11.152083333335952
hybas_1120669700;13.743749999998895;-7.722916666669391
hybas_1120669950;13.735416666665628;-9.502083333335976
hybas_1120670290;13.727083333332189;-7.731250000002774
hybas_1120670530;13.722916666665585;-3.3312500000027967
hybas_1120670650;13.718749999998977;-6.014583333336134
hybas_1120671040;13.706249999998876;-9.689583333335976
hybas_1120671050;13.706249999998876;-9.664583333336054
hybas_1120671150;13.702083333332268;-9.564583333336032
hybas_1120671380;13.697916666665662;-10.872916666669369
hybas_1120671410;13.697916666665662;-10.1770833333361
hybas_1120671550;13.693749999999;-10.54791666666938
hybas_1120671560;13.693749999999;-9.568750000002751
hybas_1120671750;13.689583333332225;-5.339583333336009
hybas_1120671900;13.68541666666556;-5.456250000002797
hybas_1120671910;13.68541666666556;-5.447916666669471
hybas_1120671920;13.68541666666556;-4.543750000002717
hybas_1120672510;13.672916666665516;-8.556250000002763
hybas_1120673030;13.66041666666564;-10.189583333335976
hybas_1120673060;13.66041666666564;-3.3354166666695164
hybas_1120673240;13.656249999998806;-6.360416666669494
hybas_1120673440;13.6520833333322;-10.827083333336075
hybas_1120673450;13.6520833333322;-10.106250000002715
hybas_1120673460;13.6520833333322;-8.556250000002763
hybas_1120673470;13.6520833333322;-6.360416666669494
hybas_1120673740;13.647916666665594;-4.14375000000274
hybas_1120673890;13.643749999998931;-10.822916666669355
hybas_1120673900;13.643749999998931;-10.106250000002715
hybas_1120674630;13.62708333333228;-4.597916666669391
hybas_1120674800;13.622916666665615;-8.547916666669266
hybas_1120674900;13.618749999999013;-11.672916666669266
hybas_1120674920;13.618749999999013;-10.814583333336032
hybas_1120674930;13.618749999999013;-10.318750000002751
hybas_1120675110;13.614583333332178;-9.502083333335976
hybas_1120675120;13.614583333332178;-5.6229166666694255
hybas_1120675320;13.610416666665571;-4.968750000002785
hybas_1120675440;13.606249999998964;-11.722916666669336
hybas_1120675450;13.606249999998964;-10.36041666666938
hybas_1120675460;13.606249999998964;-10.068750000002638
hybas_1120675470;13.606249999998964;-6.447916666669471
hybas_1120676440;13.585416666665653;-9.868750000002647
hybas_1120676680;13.577083333332212;-9.868750000002647
hybas_1120676810;13.572916666665549;-10.627083333336032
hybas_1120676840;13.572916666665549;-4.977083333336054
hybas_1120677030;13.568749999998944;-7.9270833333361
hybas_1120677520;13.556249999998895;-9.097916666669391
hybas_1120677670;13.552083333332234;-5.743750000002763
hybas_1120677900;13.547916666665628;-9.906250000002728
hybas_1120677910;13.547916666665628;-4.722916666669448
hybas_1120678060;13.543749999999022;-10.089583333335952
hybas_1120678070;13.543749999999022;-8.743750000002706
hybas_1120679250;13.510416666665606;-8.435416666669425
hybas_1120679750;13.493749999998954;-10.472916666669391
hybas_1120679780;13.493749999998954;-6.202083333336134
hybas_1120679900;13.489583333332291;-8.472916666669448
hybas_1120680040;13.485416666665683;-10.47708333333594
hybas_1120680250;13.477083333332246;-8.352083333335997
hybas_1120680440;13.47291666666564;-4.522916666669516
hybas_1120681230;13.452083333332324;-10.460416666669405
hybas_1120681490;13.43958333333228;-8.343750000002728
hybas_1120681510;13.43958333333228;-5.197916666669414
hybas_1120681700;13.431249999999013;-10.981250000002715
hybas_1120681730;13.431249999999013;-9.310416666669424
hybas_1120681900;13.427083333332178;-9.885416666669355
hybas_1120682030;13.422916666665571;-10.793750000002715
hybas_1120682040;13.422916666665571;-9.3020833333361
hybas_1120682230;13.418749999998964;-4.502083333336088
hybas_1120682720;13.406249999998863;-8.45208333333602
hybas_1120682870;13.402083333332255;-10.110416666669266
hybas_1120682900;13.402083333332255;-4.852083333336168
hybas_1120683000;13.397916666665653;-8.281250000002728
hybas_1120683440;13.385416666665549;-8.497916666669369
hybas_1120683450;13.385416666665549;-6.9979166666694255
hybas_1120683650;13.377083333332337;-9.777083333336066
hybas_1120683670;13.377083333332337;-7.672916666669437
hybas_1120683750;13.372916666665674;-4.943750000002751
hybas_1120684180;13.360416666665628;-10.868750000002706
hybas_1120684520;13.352083333332189;-10.806250000002706
hybas_1120684640;13.347916666665585;-6.914583333336054
hybas_1120684820;13.339583333332314;-4.83541666666946
hybas_1120684830;13.339583333332314;-4.827083333336134
hybas_1120685060;13.33541666666548;-6.485416666669437
hybas_1120685070;13.33541666666548;-5.093750000002842
hybas_1120685220;13.331249999998876;-6.931250000002763
hybas_1120685600;13.322916666665606;-10.793750000002715
hybas_1120685890;13.314583333332166;-11.802083333336045
hybas_1120686300;13.302083333332291;-8.143750000002683
hybas_1120686430;13.297916666665683;-9.777083333336066
hybas_1120687330;13.272916666665536;-6.7770833333361225
hybas_1120687340;13.272916666665536;-6.768750000002797
hybas_1120687350;13.272916666665536;-5.289583333336111
hybas_1120687650;13.264583333332324;-5.247916666669482
hybas_1120688060;13.256249999998886;-4.727083333336168
hybas_1120688340;13.247916666665615;-3.564583333336145
hybas_1120688460;13.243749999999013;-8.543750000002717
hybas_1120688690;13.239583333332178;-7.6854166666694255
hybas_1120688870;13.235416666665571;-7.714583333336066
hybas_1120688880;13.235416666665571;-7.0604166666694255
hybas_1120689060;13.227083333332304;-9.689583333335976
hybas_1120689070;13.227083333332304;-9.681250000002647
hybas_1120689080;13.227083333332304;-7.710416666669346
hybas_1120689090;13.227083333332304;-7.0604166666694255
hybas_1120689180;13.222916666665697;-10.785416666669391
hybas_1120689210;13.222916666665697;-5.427083333336043
hybas_1120689430;13.218749999998863;-10.727083333336054
hybas_1120689440;13.218749999998863;-9.314583333335976
hybas_1120689470;13.218749999998863;-8.143750000002683
hybas_1120689480;13.218749999998863;-6.743750000002819
hybas_1120689830;13.210416666665594;-7.07708333333602
hybas_1120689850;13.210416666665594;-5.543750000002774
hybas_1120689980;13.206249999998988;-9.335416666669405
hybas_1120690000;13.206249999998988;-5.922916666669494
hybas_1120690130;13.202083333332212;-5.543750000002774
hybas_1120690300;13.197916666665549;-5.797916666669437
hybas_1120690510;13.193749999998944;-7.539583333336111
hybas_1120690730;13.18958333333228;-6.260416666669357
hybas_1120690900;13.185416666665674;-5.781250000002785
hybas_1120691130;13.181249999998895;-8.577083333336077
hybas_1120691160;13.181249999998895;-4.843750000002842
hybas_1120691400;13.177083333332234;-3.535416666669505
hybas_1120691540;13.172916666665628;-5.993750000002819
hybas_1120691660;13.168749999998964;-8.389583333336077
hybas_1120692310;13.152083333332314;-4.681250000002819
hybas_1120692440;13.14791666666548;-10.806250000002706
hybas_1120692550;13.143749999998876;-10.797916666669266
hybas_1120692570;13.143749999998876;-7.1770833333361
hybas_1120692820;13.139583333332268;-10.852083333336054
hybas_1120693340;13.12291666666556;-11.35208333333594
hybas_1120693600;13.114583333332291;-7.252083333336145
hybas_1120693800;13.110416666665683;-10.760416666669355
hybas_1120693950;13.106249999998852;-10.768750000002685
hybas_1120694100;13.102083333332246;-7.431250000002763
hybas_1120694110;13.102083333332246;-4.568750000002751
hybas_1120694300;13.09791666666564;-10.893750000002685
hybas_1120694600;13.093749999998977;-6.056250000002819
hybas_1120694610;13.093749999998977;-5.6145833333361
hybas_1120694990;13.085416666665536;-8.589583333336066
hybas_1120695240;13.081249999998931;-7.414583333336054
hybas_1120695630;13.072916666665662;-7.414583333336054
hybas_1120696030;13.064583333332225;-10.70208333333602
hybas_1120696310;13.060416666665615;-9.277083333336066
hybas_1120696830;13.047916666665571;-7.352083333336111
hybas_1120696840;13.047916666665571;-6.14791666666946
hybas_1120697160;13.039583333332304;-7.647916666669403
hybas_1120697620;13.027083333332255;-8.58125000000274
hybas_1120697630;13.027083333332255;-7.527083333336122
hybas_1120697730;13.022916666665594;-9.756250000002751
hybas_1120697740;13.022916666665594;-9.285416666669391
hybas_1120697760;13.022916666665594;-4.781250000002785
hybas_1120698040;13.014583333332157;-5.6770833333361
hybas_1120698390;13.006249999998944;-9.085416666669346
hybas_1120698600;13.00208333333228;-9.085416666669346
hybas_1120698610;13.00208333333228;-6.606250000002774
hybas_1120699220;12.989583333332234;-4.760416666669471
hybas_1120699410;12.985416666665628;-10.677083333335986
hybas_1120699620;12.981249999998964;-10.685416666669424
hybas_1120699850;12.97708333333236;-5.506250000002808
hybas_1120700000;12.972916666665526;-7.410416666669448
hybas_1120700030;12.972916666665526;-5.456250000002797
hybas_1120700210;12.96874999999892;-9.210416666669405
hybas_1120700220;12.96874999999892;-9.202083333336075
hybas_1120700240;12.96874999999892;-7.777083333336122
hybas_1120700250;12.96874999999892;-7.76875000000274
hybas_1120700420;12.964583333332314;-8.447916666669414
hybas_1120700680;12.96041666666548;-7.835416666669403
hybas_1120700840;12.956249999998876;-11.247916666669369
hybas_1120701160;12.947916666665606;-6.343750000002785
hybas_1120701180;12.947916666665606;-5.314583333336145
hybas_1120701570;12.93541666666556;-9.693750000002694
hybas_1120702100;12.918749999998852;-10.643750000002626
hybas_1120702240;12.914583333332246;-10.652083333335952
hybas_1120702250;12.914583333332246;-10.093750000002728
hybas_1120702620;12.906249999998977;-9.6770833333361
hybas_1120702630;12.906249999998977;-9.227083333335996
hybas_1120702650;12.906249999998977;-8.631250000002694
hybas_1120703110;12.893749999998931;-8.014583333336077
hybas_1120703660;12.881249999998886;-10.647916666669346
hybas_1120703670;12.881249999998886;-10.639583333336075
hybas_1120703920;12.872916666665615;-10.060416666669369
hybas_1120704050;12.868749999998954;-9.597916666669391
hybas_1120704600;12.84791666666564;-10.66875000000266
hybas_1120704610;12.84791666666564;-10.056250000002647
hybas_1120704760;12.843749999998863;-10.281250000002672
hybas_1120704900;12.839583333332255;-10.252083333336032
hybas_1120705070;12.835416666665594;-7.58125000000274
hybas_1120705080;12.835416666665594;-4.718750000002842
hybas_1120705240;12.831249999998988;-7.572916666669471
hybas_1120705440;12.827083333332157;-10.231250000002715
hybas_1120705580;12.822916666665549;-5.260416666669471
hybas_1120705730;12.818749999998944;-4.727083333336168
hybas_1120705940;12.81458333333228;-9.214583333336009
hybas_1120705950;12.81458333333228;-9.206250000002685
hybas_1120706170;12.810416666665674;-9.522916666669405
hybas_1120706180;12.810416666665674;-9.51458333333602
hybas_1120706350;12.80624999999884;-6.289583333336111
hybas_1120706520;12.802083333332234;-9.068750000002751
hybas_1120706530;12.802083333332234;-6.297916666669437
hybas_1120706730;12.797916666665628;-4.660416666669448
hybas_1120706900;12.793749999998964;-8.61041666666938
hybas_1120707170;12.78958333333236;-5.2145833333361225
hybas_1120707570;12.78124999999892;-6.260416666669357
hybas_1120707730;12.777083333332314;-9.468750000002617
hybas_1120707850;12.772916666665653;-5.181250000002819
hybas_1120707970;12.768749999999043;-10.693750000002694
hybas_1120707980;12.768749999999043;-10.189583333335976
hybas_1120707990;12.768749999999043;-8.618750000002706
hybas_1120708000;12.768749999999043;-8.61041666666938
hybas_1120708130;12.764583333332212;-10.70208333333602
hybas_1120708810;12.74791666666556;-6.3729166666694255
hybas_1120709490;12.735416666665683;-5.610416666669437
hybas_1120709510;12.735416666665683;-4.739583333336157
hybas_1120709750;12.731249999999022;-8.668750000002774
hybas_1120709950;12.727083333332246;-9.585416666669405
hybas_1120710240;12.718749999998977;-6.422916666669494
hybas_1120710930;12.702083333332268;-10.243750000002647
hybas_1120711110;12.697916666665662;-8.564583333336032
hybas_1120711120;12.697916666665662;-8.514583333336077
hybas_1120711150;12.697916666665662;-4.768750000002797
hybas_1120711290;12.693749999998827;-8.572916666669357
hybas_1120711310;12.693749999998827;-6.222916666669448
hybas_1120712000;12.677083333332348;-4.789583333336111
hybas_1120712100;12.672916666665516;-9.918750000002715
hybas_1120712360;12.664583333332304;-7.572916666669471
hybas_1120712710;12.656249999999034;-7.76458333333602
hybas_1120712740;12.656249999999034;-5.1229166666694255
hybas_1120712890;12.6520833333322;-7.822916666669357
hybas_1120712910;12.6520833333322;-6.539583333336054
hybas_1120713090;12.647916666665594;-7.572916666669471
hybas_1120713430;12.639583333332157;-6.39791666666946
hybas_1120713810;12.631249999998886;-9.443750000002751
hybas_1120713990;12.62708333333228;-10.214583333336009
hybas_1120714260;12.61874999999884;-9.381250000002751
hybas_1120714560;12.610416666665571;-7.043750000002774
hybas_1120714730;12.606249999998964;-5.260416666669471
hybas_1120714890;12.60208333333236;-8.781250000002728
hybas_1120714900;12.60208333333236;-8.031250000002672
hybas_1120715340;12.59374999999892;-6.568750000002694
hybas_1120715970;12.581249999999043;-8.572916666669357
hybas_1120715980;12.581249999999043;-7.539583333336111
hybas_1120716000;12.581249999999043;-6.602083333335997
hybas_1120716140;12.577083333332212;-7.07708333333602
hybas_1120716370;12.568749999998944;-9.927083333336045
hybas_1120716510;12.564583333332337;-8.577083333336077
hybas_1120716930;12.552083333332291;-7.122916666669369
hybas_1120717080;12.547916666665628;-6.902083333336009
hybas_1120717590;12.535416666665585;-8.060416666669425
hybas_1120717700;12.531249999998977;-6.689583333336145
hybas_1120717710;12.531249999998977;-6.58541666666946
hybas_1120717720;12.531249999998977;-6.577083333336077
hybas_1120717980;12.527083333332314;-8.060416666669425
hybas_1120718150;12.522916666665536;-10.260416666669355
hybas_1120718190;12.522916666665536;-6.868750000002819
hybas_1120718200;12.522916666665536;-5.072916666669471
hybas_1120718480;12.518749999998931;-11.256250000002694
hybas_1120718500;12.518749999998931;-6.802083333336043
hybas_1120718910;12.510416666665662;-11.252083333335976
hybas_1120718920;12.510416666665662;-9.314583333335976
hybas_1120719200;12.506249999998827;-10.810416666669312
hybas_1120719300;12.502083333332225;-9.318750000002694
hybas_1120719310;12.502083333332225;-9.310416666669424
hybas_1120719480;12.497916666665615;-7.056250000002706
hybas_1120719720;12.489583333332348;-9.285416666669391
hybas_1120719840;12.485416666665516;-9.947916666669355
hybas_1120720050;12.481249999998909;-7.293750000002774
hybas_1120720250;12.477083333332304;-6.268750000002797
hybas_1120721160;12.447916666665549;-11.16041666666922
hybas_1120721290;12.443749999998886;-7.627083333336088
hybas_1120721300;12.443749999998886;-5.072916666669471
hybas_1120721460;12.43958333333228;-11.110416666669323
hybas_1120721770;12.431249999999013;-7.135416666669471
hybas_1120722020;12.427083333332234;-11.01458333333602
hybas_1120722180;12.422916666665571;-11.018750000002626
hybas_1120722200;12.422916666665571;-7.131250000002751
hybas_1120722400;12.418749999998964;-6.681250000002819
hybas_1120722680;12.410416666665697;-10.352083333336054
hybas_1120722900;12.40624999999892;-9.360416666669323
hybas_1120722910;12.40624999999892;-9.352083333336054
hybas_1120722920;12.40624999999892;-6.20625000000274
hybas_1120723030;12.402083333332255;-10.352083333336054
hybas_1120723040;12.402083333332255;-7.660416666669448
hybas_1120723240;12.397916666665653;-6.260416666669357
hybas_1120723250;12.397916666665653;-6.164583333336111
hybas_1120723380;12.393749999999043;-6.510416666669471
hybas_1120724310;12.368749999998895;-11.435416666669369
hybas_1120724320;12.368749999998895;-9.98541666666938
hybas_1120724330;12.368749999998895;-9.306250000002706
hybas_1120724680;12.356249999999022;-8.118750000002763
hybas_1120724830;12.352083333332189;-11.443750000002694
hybas_1120726130;12.314583333332225;-9.32708333333602
hybas_1120726300;12.310416666665564;-6.043750000002774
hybas_1120726500;12.306249999998954;-10.372916666669369
hybas_1120726900;12.297916666665516;-11.431250000002647
hybas_1120726910;12.297916666665516;-7.122916666669369
hybas_1120727280;12.289583333332246;-9.727083333335996
hybas_1120727290;12.289583333332246;-9.718750000002728
hybas_1120727300;12.289583333332246;-7.7395833333361
hybas_1120727660;12.281249999999034;-8.139583333336077
hybas_1120727970;12.272916666665594;-10.343750000002728
hybas_1120728250;12.264583333332324;-6.502083333336145
hybas_1120728560;12.25208333333228;-9.343750000002728
hybas_1120728760;12.247916666665615;-7.106250000002774
hybas_1120728770;12.247916666665615;-7.097916666669448
hybas_1120728930;12.243749999999013;-9.493750000002706
hybas_1120728950;12.243749999999013;-7.322916666669471
hybas_1120728960;12.243749999999013;-6.452083333336077
hybas_1120729190;12.235416666665571;-5.968750000002784
hybas_1120729430;12.227083333332304;-5.897916666669402
hybas_1120729570;12.222916666665697;-11.035416666669336
hybas_1120729580;12.222916666665697;-8.164583333335997
hybas_1120729590;12.222916666665697;-8.156250000002728
hybas_1120729700;12.21874999999892;-11.04375000000266
hybas_1120729940;12.214583333332255;-10.339583333336066
hybas_1120729950;12.214583333332255;-8.972916666669448
hybas_1120729960;12.214583333332255;-7.3645833333361
hybas_1120730140;12.210416666665653;-11.493750000002706
hybas_1120730150;12.210416666665653;-11.0104166666693
hybas_1120730460;12.197916666665606;-9.543750000002774
hybas_1120730650;12.193749999998944;-8.906250000002672
hybas_1120730840;12.189583333332337;-9.543750000002774
hybas_1120731010;12.185416666665503;-10.410416666669278
hybas_1120731020;12.185416666665509;-6.0895833333361225
hybas_1120731270;12.177083333332291;-10.410416666669278
hybas_1120731410;12.172916666665628;-10.381250000002694
hybas_1120731570;12.168749999999022;-8.210416666669403
hybas_1120731720;12.164583333332189;-6.5520833333361
hybas_1120731730;12.164583333332189;-6.527083333336066
hybas_1120732080;12.152083333332314;-10.085416666669405
hybas_1120732390;12.143749999998876;-10.093750000002728
hybas_1120732420;12.143749999998876;-6.343750000002785
hybas_1120732970;12.131249999999;-11.443750000002694
hybas_1120732980;12.131249999999;-7.514583333336077
hybas_1120733370;12.12291666666556;-9.9895833333361
hybas_1120733820;12.106249999998909;-9.964583333336066
hybas_1120733900;12.102083333332246;-11.106250000002715
hybas_1120733920;12.102083333332242;-5.8687500000028185
hybas_1120734100;12.09791666666564;-9.972916666669391
hybas_1120734770;12.077083333332324;-7.131250000002751
hybas_1120734820;12.077083333332324;-6.33541666666946
hybas_1120734990;12.07291666666572;-6.343750000002785
hybas_1120735330;12.064583333332276;-5.7104166666694605
hybas_1120735660;12.056249999999013;-9.872916666669369
hybas_1120735680;12.056249999999013;-5.839583333336066
hybas_1120735690;12.056249999999013;-5.814583333336143
hybas_1120735950;12.047916666665571;-8.902083333336066
hybas_1120736230;12.0395833333323;-8.322916666669414
hybas_1120736540;12.031249999998863;-8.4270833333361
hybas_1120736800;12.022916666665653;-10.568750000002694
hybas_1120737100;12.018749999998988;-8.322916666669414
hybas_1120737520;12.010416666665549;-11.1979166666693
hybas_1120738120;11.997916666665503;-7.5604166666694255
hybas_1120738140;11.997916666665503;-7.106250000002774
hybas_1120738150;11.997916666665503;-5.452083333336077
hybas_1120738320;11.993749999998894;-8.285416666669448
hybas_1120738560;11.989583333332233;-5.656250000002784
hybas_1120739050;11.977083333332189;-10.597916666669391
hybas_1120739060;11.977083333332189;-10.593750000002728
hybas_1120739090;11.977083333332189;-8.777083333336066
hybas_1120739110;11.977083333332189;-6.360416666669494
hybas_1120739380;11.96874999999892;-7.597916666669448
hybas_1120739800;11.960416666665704;-5.5312500000027285
hybas_1120739910;11.956249999998876;-7.693750000002751
hybas_1120740080;11.952083333332268;-5.5270833333361225
hybas_1120741580;11.906249999998977;-5.5229166666694605
hybas_1120741590;11.906249999998977;-5.514583333336134
hybas_1120741710;11.90208333333237;-6.385416666669414
hybas_1120741720;11.90208333333237;-6.377083333336145
hybas_1120741790;11.897916666665594;-5.514583333336134
hybas_1120742920;11.852083333332304;-8.439583333336088
hybas_1120743410;11.835416666665653;-7.57708333333602
hybas_1120743810;11.827083333332212;-6.427083333336043
hybas_1120744170;11.818749999998946;-8.193750000002751
hybas_1120744580;11.806249999998895;-8.522916666669403
hybas_1120744600;11.806249999998894;-5.431250000002764
hybas_1120744740;11.802083333332233;-8.531250000002727
hybas_1120744750;11.802083333332234;-8.514583333336077
hybas_1120744990;11.793749999999022;-6.431250000002763
hybas_1120745160;11.78958333333236;-6.439583333336088
hybas_1120745390;11.78124999999892;-7.647916666669403
hybas_1120746520;11.74791666666556;-7.143750000002797
hybas_1120747090;11.735416666665683;-5.610416666669437
hybas_1120747780;11.71458333333237;-7.2395833333361
hybas_1120748210;11.702083333332324;-8.652083333336122
hybas_1120748220;11.702083333332324;-7.122916666669369
hybas_1120748680;11.689583333332225;-8.664583333336054
hybas_1120748690;11.689583333332225;-8.231250000002717
hybas_1120749670;11.664583333332304;-5.893750000002798
hybas_1120750740;11.639583333332382;-6.543750000002774
hybas_1120751120;11.631249999998944;-6.568750000002694
hybas_1120751340;11.627083333332276;-5.585416666669404
hybas_1120751610;11.622916666665674;-7.352083333336111
hybas_1120751630;11.622916666665674;-6.3104166666694255
hybas_1120751750;11.618749999998895;-6.768750000002797
hybas_1120752200;11.610416666665628;-5.552083333336044
hybas_1120752860;11.59374999999892;-6.58541666666946
hybas_1120753110;11.585416666665653;-7.377083333336145
hybas_1120753120;11.585416666665653;-7.368750000002706
hybas_1120753520;11.572916666665606;-6.5937500000027285
hybas_1120753530;11.572916666665606;-6.58541666666946
hybas_1120753720;11.568749999999;-7.147916666669403
hybas_1120753730;11.568749999999;-6.6520833333361225
hybas_1120754480;11.547916666665683;-7.418750000002774
hybas_1120755450;11.518749999998931;-5.5270833333361225
hybas_1120756360;11.497916666665615;-8.527083333336122
hybas_1120758320;11.443749999998944;-7.243750000002649
hybas_1120758440;11.43958333333228;-7.643750000002797
hybas_1120758950;11.427083333332233;-6.581250000002682
hybas_1120759390;11.410416666665526;-6.5562500000028185
hybas_1120759680;11.402083333332314;-6.543750000002774
hybas_1120760490;11.381249999999;-6.693750000002751
hybas_1120760630;11.377083333332337;-5.635416666669471
hybas_1120760640;11.377083333332337;-5.6229166666694255
hybas_1120760650;11.377083333332337;-5.6145833333361
hybas_1120761040;11.364583333332291;-7.493750000002763
hybas_1120763240;11.310416666665615;-6.472916666669391
hybas_1120764070;11.28541666666564;-7.293750000002774
hybas_1120764530;11.272916666665594;-6.468750000002784
hybas_1120764550;11.272916666665594;-5.510416666669414
hybas_1120764870;11.26458333333233;-7.647916666669402
hybas_1120764880;11.264583333332324;-6.289583333336111
hybas_1120765350;11.252083333332276;-6.539583333336054
hybas_1120765840;11.239583333332234;-5.477083333336111
hybas_1120766460;11.22291666666553;-8.485416666669321
hybas_1120766700;11.21874999999892;-7.647916666669402
hybas_1120766810;11.214583333332314;-7.335416666669403
hybas_1120769340;11.156249999998977;-8.193750000002751
hybas_1120769890;11.143749999998931;-7.660416666669448
hybas_1120770210;11.135416666665662;-8.193750000002751
hybas_1120771040;11.118749999998954;-6.443750000002751
hybas_1120771890;11.09791666666564;-7.6854166666694255
hybas_1120772020;11.093749999999034;-6.802083333336043
hybas_1120772260;11.0895833333322;-6.831250000002797
hybas_1120772580;11.08124999999899;-6.264583333336134
hybas_1120774270;11.035416666665526;-6.331250000002798
hybas_1120775120;11.014583333332212;-8.177083333336043
hybas_1120775680;11.002083333332337;-6.468750000002785
hybas_1120775880;10.99791666666556;-8.189583333336088
hybas_1120776340;10.985416666665628;-6.910416666669448
hybas_1120776760;10.972916666665585;-7.6854166666694255
hybas_1120777580;10.952083333332268;-8.202083333336077
hybas_1120777590;10.952083333332268;-6.597916666669448
hybas_1120778600;10.927083333332348;-7.635416666669414
hybas_1120779390;10.906249999999032;-6.039583333336054
hybas_1120779510;10.9020833333322;-6.989583333336043
hybas_1120779770;10.893749999998988;-5.593750000002785
hybas_1120779870;10.889583333332324;-6.010416666669471
hybas_1120779990;10.88541666666572;-5.602083333336168
hybas_1120780240;10.881249999998891;-7.610416666669379
hybas_1120780250;10.881249999998886;-6.010416666669471
hybas_1120780530;10.872916666665674;-8.164583333335997
hybas_1120780540;10.872916666665674;-8.156250000002728
hybas_1120780550;10.872916666665674;-6.197916666669414
hybas_1120780560;10.872916666665674;-5.881250000002693
hybas_1120780900;10.864583333332233;-6.197916666669414
hybas_1120781290;10.85208333333236;-5.956250000002798
hybas_1120781490;10.847916666665697;-7.568750000002751
hybas_1120782480;10.814583333332337;-8.085416666669346
hybas_1120783050;10.802083333332291;-7.468750000002728
hybas_1120783740;10.785416666665585;-7.064583333336145
hybas_1120784270;10.772916666665708;-7.072916666669414
hybas_1120784430;10.768749999998876;-6.672916666669438
hybas_1120784440;10.768749999998876;-6.664583333336111
hybas_1120784660;10.764583333332268;-6.235416666669494
hybas_1120784870;10.760416666665662;-7.452083333336077
hybas_1120785340;10.74791666666556;-7.689583333336031
hybas_1120785350;10.747916666665564;-5.689583333336143
hybas_1120785520;10.743749999998954;-7.752083333336087
hybas_1120785540;10.743749999998954;-6.722916666669447
hybas_1120785950;10.731249999998909;-7.456250000002797
hybas_1120786380;10.718749999999034;-5.827083333336134
hybas_1120786990;10.702083333332324;-8.043750000002717
hybas_1120787010;10.702083333332324;-5.827083333336134
hybas_1120787150;10.69791666666572;-8.043750000002717
hybas_1120787170;10.69791666666572;-7.118750000002763
hybas_1120788300;10.672916666665571;-7.139583333336077
hybas_1120788560;10.664583333332304;-5.772916666669402
hybas_1120788820;10.65624999999892;-5.785416666669391
hybas_1120789240;10.647916666665653;-8.060416666669425
hybas_1120789450;10.643749999998988;-7.785416666669448
hybas_1120791410;10.593749999998977;-7.835416666669403
hybas_1120791820;10.585416666665708;-7.0895833333361225
hybas_1120793000;10.56041666666556;-8.064583333336032
hybas_1120793010;10.56041666666556;-7.493750000002763
hybas_1120793460;10.547916666665683;-8.064583333336033
hybas_1120794380;10.52708333333237;-7.797916666669437
hybas_1120796030;10.485416666665742;-6.060416666669369
hybas_1120796190;10.481249999998964;-7.781250000002728
hybas_1120797430;10.452083333332382;-8.106250000002774
hybas_1120797630;10.447916666665549;-6.797916666669437
hybas_1120797940;10.439583333332337;-6.002083333336145
hybas_1120798710;10.422916666665628;-7.114583333336043
hybas_1120799330;10.410416666665585;-6.814583333336145
hybas_1121749330;24.88958333333204;-6.485416666669437
hybas_1121801600;20.652083333332087;-4.939583333336145
hybas_1121816480;19.531249999998806;-3.95625000000274
hybas_1121818730;19.37708333333217;-3.7979166666694937
hybas_1121819310;19.3395833333322;-3.760416666669471
hybas_1121830390;18.539583333332075;-4.83541666666946
hybas_1121830470;18.53541666666547;0.5645833333304608
hybas_1121834830;18.21874999999875;0.4604166666638889
hybas_1121835270;18.189583333332223;1.3604166666637525
hybas_1121836460;18.09791666666553;3.743749999997135
hybas_1121838070;17.9645833333322;0.8062499999971351
hybas_1121839340;17.868749999998897;4.22708333333037
hybas_1121840160;17.81041666666556;-3.539583333336111
hybas_1121840170;17.81041666666556;0.2854166666637638
hybas_1121841450;17.706249999998818;0.1812499999971919
hybas_1121841500;17.702083333332155;4.168749999997033
hybas_1121842020;17.660416666665526;-3.481250000002774
hybas_1121842590;17.63124999999883;4.160416666663821
hybas_1121843060;17.597916666665412;-3.8312500000027967
hybas_1121843470;17.564583333332223;-3.5145833333361907
hybas_1121844840;17.472916666665526;4.222916666663764
hybas_1121844910;17.46874999999892;3.956249999997112
hybas_1121845300;17.43541666666556;0.1520833333304381
hybas_1121847490;17.28124999999892;4.03958333333037
hybas_1121847590;17.27291666666548;-5.452083333336077
hybas_1121848030;17.235416666665458;4.135416666663673
hybas_1121848210;17.218749999998806;0.2145833333305518
hybas_1121848430;17.20208333333227;4.089583333330438
hybas_1121849050;17.16041666666547;0.239583333330529
hybas_1121849550;17.12708333333228;-0.4645833333361793
hybas_1121850030;17.097916666665526;3.997916666663741
hybas_1121850580;17.056249999998897;-1.1770833333362134
hybas_1121850950;17.035416666665583;-0.4979166666695391
hybas_1121851680;16.985416666665515;-0.8479166666694482
hybas_1121852270;16.935416666665446;-1.7812500000028422
hybas_1121852820;16.902083333332257;-1.893750000002853
hybas_1121853410;16.86458333333229;-1.9895833333361568
hybas_1121853780;16.835416666665537;-2.197916666669471
hybas_1121854000;16.822916666665435;-1.8062500000027053
hybas_1121854220;16.814583333332223;-2.0562500000028194
hybas_1121854350;16.806249999998954;-5.260416666669471
hybas_1121854820;16.7770833333322;-2.4604166666695164
hybas_1121855010;16.756249999998886;-3.972916666669448
hybas_1121855120;16.747916666665446;-5.156250000002785
hybas_1121855250;16.73541666666557;-4.039583333336168
hybas_1121855570;16.714583333332257;-1.939583333336202
hybas_1121855830;16.69791666666555;0.714583333330495
hybas_1121856220;16.66874999999885;-4.997916666669369
hybas_1121856440;16.652083333332143;-3.743750000002819
hybas_1121856490;16.647916666665537;-1.5270833333361793
hybas_1121856630;16.643749999998875;-3.002083333336145
hybas_1121857000;16.610416666665515;-3.7479166666694255
hybas_1121857220;16.5895833333322;0.3770833333304608
hybas_1121857430;16.577083333332155;-1.352083333336168
hybas_1121857720;16.560416666665617;-1.4020833333361225
hybas_1121857860;16.552083333332178;-1.3104166666695392
hybas_1121858150;16.531249999998863;-2.110416666669437
hybas_1121858650;16.50208333333211;-3.547916666669437
hybas_1121859400;16.45208333333227;-2.2729166666695164
hybas_1121859690;16.431249999998954;-3.6145833333361
hybas_1121859700;16.431249999998954;2.172916666663696
hybas_1121859890;16.41874999999885;-5.439583333336145
hybas_1121860750;16.352083333332303;-5.306250000002819
hybas_1121861150;16.318749999998943;-4.581250000002797
hybas_1121862050;16.26458333333227;-3.385416666669471
hybas_1121862110;16.260416666665606;-1.2812500000028422
hybas_1121862400;16.23958333333229;1.7687499999971124
hybas_1121862720;16.2145833333322;0.8020833333305291
hybas_1121863320;16.164583333332303;-0.0729166666695846
hybas_1121864920;16.05208333333229;1.4395833333305743
hybas_1121865150;16.035416666665583;1.6229166666637411
hybas_1121865370;16.022916666665537;0.5729166666639003
hybas_1121865950;15.985416666665571;2.835416666663661
hybas_1121866060;15.977083333332304;2.377083333330404
hybas_1121866140;15.97291666666547;1.4854166666638091
hybas_1121867220;15.897916666665653;0.4895833333304722
hybas_1121867500;15.87291666666556;1.343749999997044
hybas_1121867640;15.864583333332291;0.4312499999971351
hybas_1121869140;15.760416666665549;-4.635416666669414
hybas_1121869890;15.710416666665653;3.877083333330461
hybas_1121869980;15.706249999998876;0.7479166666638548
hybas_1121870020;15.702083333332212;-3.535416666669505
hybas_1121870490;15.668749999998852;-4.335416666669403
hybas_1121870500;15.668749999998852;-3.743750000002819
hybas_1121870830;15.647916666665536;3.3479166666638207
hybas_1121872260;15.543749999998964;1.3895833333305063
hybas_1121872360;15.535416666665526;-5.447916666669471
hybas_1121872840;15.506249999998944;3.560416666663798
hybas_1121872870;15.502083333332166;1.3520833333304836
hybas_1121873010;15.493749999998895;1.2520833333305743
hybas_1121873350;15.468749999998977;-3.2395833333361
hybas_1121873650;15.447916666665492;3.377083333330404
hybas_1121874520;15.385416666665549;-9.585416666669405
hybas_1121874830;15.364583333332234;3.389583333330449
hybas_1121874880;15.360416666665571;-0.1479166666694595
hybas_1121875740;15.302083333332291;0.714583333330495
hybas_1121875790;15.297916666665628;-2.947916666669414
hybas_1121876500;15.252083333332225;-4.968750000002785
hybas_1121876780;15.227083333332246;-3.281250000002842
hybas_1121876860;15.22291666666564;-1.885416666669528
hybas_1121877040;15.206249999998931;0.5854166666637752
hybas_1121877200;15.197916666665492;-2.02291666666946
hybas_1121877770;15.164583333332132;-3.435416666669539
hybas_1121877900;15.156249999998863;0.3979166666637752
hybas_1121878070;15.147916666665653;-4.981250000002774
hybas_1121878260;15.131249999998944;-10.677083333335986
hybas_1121878870;15.089583333332314;0.2187499999972146
hybas_1121879220;15.06041666666556;-10.127083333336032
hybas_1121879830;15.014583333332324;-5.252083333336145
hybas_1121879860;15.010416666665492;-10.397916666669405
hybas_1121879870;15.010416666665492;-4.310416666669369
hybas_1121879920;15.006249999998886;-2.2395833333362134
hybas_1121879970;15.00208333333228;-5.327083333336134
hybas_1121879980;15.00208333333228;-4.422916666669437
hybas_1121880270;14.985416666665571;0.6645833333304267
hybas_1121880360;14.981249999998964;-1.9520833333361909
hybas_1121880500;14.972916666665526;-11.018750000002626
hybas_1121880720;14.960416666665653;-7.314583333336088
hybas_1121880730;14.960416666665653;-5.4895833333361
hybas_1121880840;14.947916666665549;-7.256250000002694
hybas_1121880970;14.943749999998944;-7.3729166666694255
hybas_1121881070;14.935416666665674;-5.581250000002797
hybas_1121881080;14.935416666665674;-3.931250000002819
hybas_1121881440;14.90624999999892;-5.872916666669369
hybas_1121881700;14.885416666665606;-9.943750000002751
hybas_1121882160;14.856249999998852;-11.106250000002715
hybas_1121882230;14.852083333332246;-7.95208333333602
hybas_1121882410;14.843749999998806;-1.8062500000027053
hybas_1121882790;14.818749999998886;-4.781250000002785
hybas_1121882940;14.810416666665615;-8.197916666669357
hybas_1121882950;14.810416666665615;-1.9812500000028308
hybas_1121883200;14.789583333332304;-7.6854166666694255
hybas_1121883210;14.789583333332304;-4.852083333336168
hybas_1121883310;14.785416666665526;-1.447916666669471
hybas_1121883900;14.743749999998895;-8.377083333336032
hybas_1121884010;14.735416666665628;-5.70625000000274
hybas_1121884390;14.71041666666548;-9.193750000002694
hybas_1121884590;14.697916666665606;-5.164583333336168
hybas_1121884990;14.668749999998852;-10.66875000000266
hybas_1121885010;14.668749999998852;-1.6895833333361452
hybas_1121885080;14.664583333332246;-7.0895833333361225
hybas_1121885290;14.647916666665536;-8.056250000002706
hybas_1121885370;14.643749999998931;-1.7229166666694482
hybas_1121885420;14.639583333332324;-10.739583333336045
hybas_1121885620;14.627083333332225;-7.989583333336043
hybas_1121886020;14.59791666666547;-4.177083333336157
hybas_1121886030;14.59791666666547;-1.86875000000282
hybas_1121886210;14.585416666665594;-5.572916666669471
hybas_1121886260;14.581249999998988;-11.710416666669346
hybas_1121886330;14.577083333332157;-4.889583333336077
hybas_1121886340;14.577083333332157;-2.581250000002853
hybas_1121887040;14.53124999999892;-6.035416666669448
hybas_1121887260;14.514583333332212;-8.839583333336009
hybas_1121887380;14.506249999999;-3.602083333336168
hybas_1121887460;14.502083333332166;-6.906250000002785
hybas_1121887780;14.481249999998852;-5.577083333336077
hybas_1121887790;14.481249999998852;-5.106250000002717
hybas_1121887900;14.468749999998977;-8.881250000002751
hybas_1121887990;14.4645833333322;-3.639583333336134
hybas_1121888000;14.4645833333322;-3.068750000002865
hybas_1121888050;14.460416666665536;-9.935416666669424
hybas_1121888250;14.443749999998886;-5.985416666669437
hybas_1121888350;14.435416666665615;-6.910416666669448
hybas_1121888360;14.435416666665615;-4.314583333336088
hybas_1121888470;14.422916666665571;-9.95625000000274
hybas_1121888710;14.41041666666547;-10.414583333335996
hybas_1121888730;14.41041666666547;-5.660416666669335
hybas_1121888820;14.402083333332255;-9.156250000002728
hybas_1121889070;14.385416666665549;-6.54791666666938
hybas_1121889260;14.372916666665674;-9.072916666669355
hybas_1121889380;14.364583333332234;-5.9895833333361
hybas_1121889530;14.356249999998964;-11.343750000002672
hybas_1121889650;14.34374999999892;-4.372916666669482
hybas_1121889730;14.339583333332314;-5.306250000002819
hybas_1121889810;14.335416666665653;-7.702083333336077
hybas_1121890090;14.314583333332337;-11.272916666669405
hybas_1121890100;14.314583333332337;-8.847916666669448
hybas_1121890110;14.314583333332337;-6.014583333336134
hybas_1121890140;14.314583333332337;-4.422916666669437
hybas_1121890200;14.31041666666556;-10.685416666669424
hybas_1121890500;14.293749999998852;-10.960416666669405
hybas_1121890510;14.293749999998852;-8.8020833333361
hybas_1121890720;14.281249999998977;-10.947916666669355
hybas_1121890800;14.277083333332143;-11.589583333336009
hybas_1121891110;14.256249999998827;-2.693750000002865
hybas_1121891280;14.247916666665615;-4.672916666669494
hybas_1121891450;14.235416666665516;-5.9979166666694255
hybas_1121891570;14.227083333332304;-8.997916666669369
hybas_1121891870;14.202083333332157;-4.827083333336134
hybas_1121891920;14.197916666665549;-11.23541666666938
hybas_1121892020;14.18958333333228;-9.010416666669414
hybas_1121892440;14.164583333332189;-4.931250000002819
hybas_1121892630;14.152083333332255;-11.910416666669336
hybas_1121892640;14.152083333332255;-7.810416666669369
hybas_1121892850;14.143749999998876;-9.214583333336009
hybas_1121892910;14.139583333332212;-11.85625000000266
hybas_1121893090;14.131249999998944;-5.039583333336168
hybas_1121893130;14.127083333332337;-8.964583333336066
hybas_1121893280;14.114583333332291;-10.439583333336032
hybas_1121893390;14.106249999999022;-8.822916666669414
hybas_1121893580;14.097916666665585;-11.781250000002728
hybas_1121893730;14.089583333332143;-11.364583333335986
hybas_1121893740;14.089583333332143;-8.914583333335997
hybas_1121893880;14.081249999998931;-5.431250000002763
hybas_1121893950;14.077083333332268;-7.102083333336054
hybas_1121894010;14.072916666665662;-10.0520833333361
hybas_1121894460;14.039583333332304;-10.064583333336032
hybas_1121894470;14.039583333332304;-9.052083333336045
hybas_1121894900;14.010416666665549;-8.460416666669403
hybas_1121894970;14.006249999998886;-8.256250000002751
hybas_1121895430;13.981249999998964;-4.889583333336077
hybas_1121895500;13.977083333332132;-10.072916666669355
hybas_1121895580;13.972916666665526;-5.277083333336066
hybas_1121895690;13.96874999999892;-8.839583333336009
hybas_1121895840;13.956249999998818;-5.360416666669494
hybas_1121895950;13.947916666665606;-11.92291666666938
hybas_1121896100;13.943749999998944;-11.814583333336032
hybas_1121896230;13.935416666665503;-8.585416666669346
hybas_1121896320;13.931249999998895;-11.072916666669244
hybas_1121896370;13.927083333332291;-10.081250000002685
hybas_1121896390;13.927083333332291;-5.5270833333361225
hybas_1121896450;13.922916666665458;-10.906250000002728
hybas_1121896810;13.906249999998977;-8.76875000000274
hybas_1121896880;13.902083333332143;-7.314583333336088
hybas_1121897330;13.864583333332348;-5.602083333336168
hybas_1121897340;13.864583333332348;-4.372916666669482
hybas_1121897430;13.860416666665516;-3.131250000002808
hybas_1121897510;13.856249999998909;-8.706250000002683
hybas_1121897620;13.84791666666564;-10.739583333336045
hybas_1121897710;13.843749999998863;-4.852083333336168
hybas_1121898220;13.810416666665615;-10.089583333335952
hybas_1121898390;13.802083333332234;-10.997916666669312
hybas_1121898520;13.793749999998964;-9.889583333336075
hybas_1121898580;13.789583333332132;-10.106250000002715
hybas_1121898650;13.785416666665697;-8.497916666669369
hybas_1121898720;13.78124999999892;-5.135416666669471
hybas_1121898800;13.772916666665653;-10.422916666669323
hybas_1121898920;13.764583333332212;-11.343750000002672
hybas_1121899050;13.756249999998944;-10.677083333335986
hybas_1121899110;13.752083333332337;-10.127083333336032
hybas_1121899210;13.747916666665503;-9.914583333335996
hybas_1121899250;13.747916666665503;-4.0270833333361225
hybas_1121899510;13.735416666665628;-6.243750000002819
hybas_1121899570;13.731249999999022;-9.314583333335976
hybas_1121899800;13.718749999998977;-5.7770833333361225
hybas_1121900020;13.702083333332268;-9.98541666666938
hybas_1121900350;13.68541666666556;-5.893750000002797
hybas_1121900400;13.681249999998954;-9.189583333335918
hybas_1121900510;13.672916666665516;-6.493750000002819
hybas_1121900570;13.664583333332246;-9.83125000000274
hybas_1121900700;13.66041666666564;-4.818750000002808
hybas_1121900800;13.6520833333322;-10.460416666669405
hybas_1121901020;13.635416666665492;-4.847916666669448
hybas_1121901130;13.631249999998886;-7.73541666666938
hybas_1121901200;13.62708333333228;-10.70208333333602
hybas_1121901370;13.614583333332178;-7.785416666669448
hybas_1121901670;13.589583333332255;-9.152083333336066
hybas_1121901680;13.589583333332255;-7.843750000002672
hybas_1121901820;13.581249999998818;-7.881250000002751
hybas_1121901960;13.568749999998944;-11.806250000002647
hybas_1121902020;13.564583333332337;-11.839583333335952
hybas_1121902250;13.552083333332234;-10.752083333335918
hybas_1121902260;13.552083333332234;-9.335416666669405
hybas_1121902270;13.552083333332234;-8.63958333333602
hybas_1121902350;13.547916666665628;-9.752083333336032
hybas_1121902580;13.53124999999892;-9.768750000002626
hybas_1121902750;13.522916666665536;-5.052083333336043
hybas_1121902930;13.510416666665606;-3.452083333336134
hybas_1121903010;13.502083333332225;-5.110416666669437
hybas_1121903350;13.481249999998909;-8.752083333336032
hybas_1121903540;13.47291666666564;-5.252083333336145
hybas_1121903600;13.468749999998806;-4.789583333336111
hybas_1121903900;13.452083333332324;-3.5937500000027853
hybas_1121904080;13.443749999998886;-10.727083333336054
hybas_1121904180;13.43958333333228;-10.031250000002728
hybas_1121904990;13.389583333332212;-9.197916666669414
hybas_1121905090;13.381249999998944;-6.631250000002751
hybas_1121905180;13.372916666665674;-10.368750000002647
hybas_1121905290;13.360416666665628;-6.789583333336111
hybas_1121905350;13.356249999999022;-10.272916666669405
hybas_1121905590;13.339583333332314;-6.627083333336088
hybas_1121905730;13.327083333332268;-9.289583333336054
hybas_1121905800;13.322916666665606;-10.977083333335996
hybas_1121905810;13.322916666665606;-8.202083333336077
hybas_1121905840;13.318749999999;-7.243750000002649
hybas_1121906240;13.297916666665683;-8.531250000002728
hybas_1121906460;13.28541666666564;-8.085416666669346
hybas_1121906660;13.27708333333237;-3.5770833333361907
hybas_1121907090;13.247916666665615;-10.577083333336075
hybas_1121907100;13.247916666665615;-10.481250000002715
hybas_1121907480;13.222916666665697;-7.439583333336088
hybas_1121907650;13.210416666665594;-9.627083333336032
hybas_1121907760;13.202083333332212;-7.385416666669471
hybas_1121907960;13.185416666665674;-6.868750000002819
hybas_1121907970;13.185416666665674;-6.668750000002717
hybas_1121907980;13.185416666665674;-6.160416666669391
hybas_1121908100;13.177083333332234;-6.131250000002751
hybas_1121908920;13.118749999998954;-5.606250000002717
hybas_1121909060;13.106249999998852;-6.631250000002751
hybas_1121909160;13.09791666666564;-9.731250000002774
hybas_1121910100;13.031249999998863;-10.943750000002751
hybas_1121910110;13.031249999998863;-6.239583333336043
hybas_1121910560;13.006249999998944;-6.3104166666694255
hybas_1121910650;12.997916666665674;-6.002083333336145
hybas_1121910970;12.972916666665526;-9.593750000002672
hybas_1121910980;12.972916666665526;-8.593750000002672
hybas_1121911290;12.956249999998876;-7.460416666669403
hybas_1121911430;12.947916666665606;-10.98541666666938
hybas_1121911680;12.931249999998895;-7.76875000000274
hybas_1121911810;12.922916666665683;-6.010416666669471
hybas_1121911950;12.918749999998852;-5.652083333336066
hybas_1121912140;12.906249999998977;-7.527083333336122
hybas_1121912180;12.90208333333237;-11.027083333336009
hybas_1121912970;12.852083333332304;-10.760416666669355
hybas_1121913580;12.818749999998944;-5.63958333333602
hybas_1121914060;12.785416666665526;-10.560416666669369
hybas_1121914080;12.785416666665526;-7.668750000002717
hybas_1121914430;12.760416666665606;-10.522916666669346
hybas_1121914440;12.760416666665606;-7.572916666669471
hybas_1121914740;12.739583333332291;-9.210416666669405
hybas_1121914860;12.731249999999022;-5.239583333336043
hybas_1121914930;12.727083333332246;-7.7479166666694255
hybas_1121915130;12.71458333333237;-9.997916666669424
hybas_1121915140;12.71458333333237;-9.45625000000274
hybas_1121915150;12.71458333333237;-4.602083333336111
hybas_1121915390;12.697916666665662;-6.4979166666694255
hybas_1121915430;12.693749999998827;-10.764583333336075
hybas_1121915620;12.681249999998954;-11.285416666669278
hybas_1121915900;12.66041666666564;-11.222916666669336
hybas_1121915910;12.66041666666564;-10.639583333336075
hybas_1121915970;12.656249999999034;-5.264583333336077
hybas_1121916030;12.6520833333322;-10.793750000002715
hybas_1121916060;12.647916666665594;-9.9895833333361
hybas_1121916080;12.647916666665594;-7.902083333336066
hybas_1121916250;12.639583333332157;-7.92291666666938
hybas_1121916400;12.631249999998886;-4.572916666669471
hybas_1121916500;12.61874999999884;-6.2145833333361225
hybas_1121916600;12.610416666665571;-8.847916666669448
hybas_1121916680;12.606249999998964;-4.8395833333361225
hybas_1121916910;12.59374999999892;-10.610416666669323
hybas_1121917110;12.581249999999043;-10.847916666669391
hybas_1121917290;12.568749999998944;-6.339583333336066
hybas_1121917300;12.568749999998944;-4.593750000002785
hybas_1121917810;12.531249999998977;-7.585416666669289
hybas_1121917830;12.531249999998977;-4.868750000002763
hybas_1121917850;12.527083333332314;-10.422916666669323
hybas_1121917860;12.527083333332314;-9.51458333333602
hybas_1121918190;12.506249999998827;-10.718750000002728
hybas_1121918200;12.506249999998827;-10.597916666669391
hybas_1121918320;12.493749999998954;-10.664583333336054
hybas_1121919510;12.410416666665697;-8.106250000002774
hybas_1121919710;12.397916666665653;-9.564583333336032
hybas_1121919720;12.397916666665653;-9.452083333336075
hybas_1121919800;12.389583333332212;-9.618750000002706
hybas_1121920380;12.356249999999022;-7.206250000002797
hybas_1121920590;12.343749999998977;-11.17291666666938
hybas_1121920790;12.331249999998876;-6.006250000002751
hybas_1121921020;12.318749999998827;-7.281250000002728
hybas_1121921100;12.314583333332225;-9.6354166666693
hybas_1121921400;12.293749999998909;-11.04375000000266
hybas_1121922550;12.227083333332304;-11.206250000002626
hybas_1121922880;12.202083333332212;-10.239583333336045
hybas_1121923140;12.185416666665503;-7.022916666669346
hybas_1121923150;12.185416666665509;-5.8062500000028185
hybas_1121923300;12.172916666665628;-4.760416666669471
hybas_1121924160;12.131249999999;-9.6770833333361
hybas_1121924260;12.12291666666556;-10.51458333333602
hybas_1121924350;12.118749999998956;-8.293750000002774
hybas_1121924610;12.106249999998909;-6.960416666669403
hybas_1121924810;12.093749999999034;-8.539583333335997
hybas_1121924970;12.085416666665594;-11.35625000000266
hybas_1121925500;12.052083333332178;-7.522916666669346
hybas_1121925740;12.035416666665697;-8.702083333336077
hybas_1121926130;12.014583333332212;-8.718750000002672
hybas_1121926190;12.010416666665549;-4.9020833333361225
hybas_1121926260;12.006249999998944;-4.952083333336134
hybas_1121926670;11.96874999999892;-6.2145833333361225
hybas_1121927280;11.931249999998956;-8.206250000002798
hybas_1121927360;11.927083333332291;-6.164583333336111
hybas_1121927400;11.922916666665683;-8.402083333336066
hybas_1121927640;11.91041666666564;-7.143750000002797
hybas_1121927840;11.897916666665594;-10.656250000002672
hybas_1121928280;11.872916666665615;-6.127083333336143
hybas_1121928360;11.868749999999013;-7.1770833333361
hybas_1121928500;11.856249999998964;-5.581250000002797
hybas_1121928630;11.847916666665697;-6.285416666669448
hybas_1121928830;11.835416666665653;-6.0895833333361225
hybas_1121929040;11.822916666665549;-7.143750000002797
hybas_1121929140;11.814583333332337;-6.239583333336043
hybas_1121929680;11.785416666665585;-6.035416666669447
hybas_1121929850;11.777083333332314;-6.156250000002785
hybas_1121929860;11.777083333332314;-6.018750000002741
hybas_1121930330;11.743749999998954;-8.181250000002763
hybas_1121930790;11.71458333333237;-8.497916666669369
hybas_1121930800;11.714583333332367;-5.9645833333361225
hybas_1121931200;11.685416666665615;-6.3729166666694255
hybas_1121931460;11.672916666665571;-8.460416666669403
hybas_1121931640;11.664583333332304;-6.4895833333361
hybas_1121931980;11.639583333332384;-8.45625000000274
hybas_1121932130;11.631249999998944;-7.252083333336145
hybas_1121932420;11.606249999998964;-6.21041666666946
hybas_1121932550;11.59374999999892;-8.506250000002638
hybas_1121933410;11.543749999998852;-8.514583333336077
hybas_1121933800;11.522916666665536;-7.335416666669403
hybas_1121934500;11.464583333332255;-7.502083333336031
hybas_1121934670;11.44791666666572;-8.589583333336066
hybas_1121935030;11.427083333332234;-7.327083333336077
hybas_1121935350;11.40624999999892;-7.377083333336145
hybas_1121936790;11.331249999998931;-7.597916666669448
hybas_1121937030;11.318749999998884;-5.739583333336044
hybas_1121938800;11.206249999999043;-5.4354166666694255
hybas_1121939410;11.152083333332367;-8.556250000002763
hybas_1121939420;11.15208333333237;-6.656250000002785
hybas_1121939430;11.15208333333237;-6.5895833333361225
hybas_1121939720;11.13541666666566;-8.597916666669391
hybas_1121939780;11.131249999999056;-8.485416666669323
hybas_1121940130;11.110416666665516;-6.714583333336066
hybas_1121940450;11.085416666665594;-6.172916666669494
hybas_1121940880;11.06458333333228;-8.485416666669323
hybas_1121942020;10.989583333332291;-6.297916666669438
hybas_1121942570;10.95624999999893;-8.656250000002727
hybas_1121942910;10.931249999998954;-6.247916666669369
hybas_1121943580;10.88541666666572;-6.610416666669437
hybas_1121943810;10.872916666665674;-6.102083333336111
hybas_1121944140;10.847916666665697;-6.618750000002763
hybas_1121944430;10.831249999999043;-6.656250000002784
hybas_1121945470;10.764583333332268;-8.08125000000274
hybas_1121947460;10.652083333332255;-7.410416666669448
hybas_1121947780;10.631249999998944;-7.481250000002717
hybas_1121948560;10.581249999998876;-7.3645833333361
hybas_1121948660;10.572916666665662;-7.172916666669437
